category_original,category_djinni,experience_original,experience_label,salary_min,salary_max,country,scrape_date,source
2d animator,2d_animation,Middle,2-3 роки,,,DE,2026-05-19,adzuna
2d animator,2d_animation,Senior,5+ років,,,DE,2026-05-19,adzuna
2d artist,2d_artist,Middle,2-3 роки,,,DE,2026-05-19,adzuna
2d artist,2d_artist,Senior,5+ років,,,DE,2026-05-19,adzuna
3d animator,3d_animation,Middle,2-3 роки,,,DE,2026-05-19,adzuna
3d animator,3d_animation,Senior,5+ років,,,DE,2026-05-19,adzuna
3d artist,3d_artist,Middle,2-3 роки,,,DE,2026-05-19,adzuna
3d artist,3d_artist,Senior,5+ років,,,DE,2026-05-19,adzuna
accountant finance,accountant,Middle,2-3 роки,,,DE,2026-05-19,adzuna
accountant finance,accountant,Senior,5+ років,,,DE,2026-05-19,adzuna
affiliate manager,affiliate_manager,Middle,2-3 роки,,,DE,2026-05-19,adzuna
affiliate manager,affiliate_manager,Senior,5+ років,,,DE,2026-05-19,adzuna
android developer,android,Middle,2-3 роки,,,DE,2026-05-19,adzuna
android developer,android,Senior,5+ років,,,DE,2026-05-19,adzuna
angular developer,angular,Middle,2-3 роки,,,DE,2026-05-19,adzuna
angular developer,angular,Senior,5+ років,,,DE,2026-05-19,adzuna
asp.net developer,asp_net,Middle,2-3 роки,,,DE,2026-05-19,adzuna
asp.net developer,asp_net,Senior,5+ років,,,DE,2026-05-19,adzuna
blazor developer,blazor,Middle,2-3 роки,,,DE,2026-05-19,adzuna
blazor developer,blazor,Senior,5+ років,,,DE,2026-05-19,adzuna
business analyst IT,business_analyst,Middle,2-3 роки,5650.0,8475.0,DE,2026-05-19,adzuna
business analyst IT,business_analyst,Senior,5+ років,5650.0,8475.0,DE,2026-05-19,adzuna
c programmer,c,Middle,2-3 роки,,,DE,2026-05-19,adzuna
c programmer,c,Senior,5+ років,,,DE,2026-05-19,adzuna
chief business development officer,cbdo,Middle,2-3 роки,,,DE,2026-05-19,adzuna
chief business development officer,cbdo,Senior,5+ років,,,DE,2026-05-19,adzuna
chief commercial officer,cco,Middle,2-3 роки,,,DE,2026-05-19,adzuna
chief commercial officer,cco,Senior,5+ років,,,DE,2026-05-19,adzuna
chief executive officer tech,ceo,Middle,2-3 роки,,,DE,2026-05-19,adzuna
chief executive officer tech,ceo,Senior,5+ років,,,DE,2026-05-19,adzuna
chief financial officer tech,cfo,Middle,2-3 роки,,,DE,2026-05-19,adzuna
chief financial officer tech,cfo,Senior,5+ років,,,DE,2026-05-19,adzuna
chief information officer,cio,Middle,2-3 роки,,,DE,2026-05-19,adzuna
chief information officer,cio,Senior,5+ років,,,DE,2026-05-19,adzuna
chief marketing officer tech,cmo,Middle,2-3 роки,,,DE,2026-05-19,adzuna
chief marketing officer tech,cmo,Senior,5+ років,,,DE,2026-05-19,adzuna
content designer,content_design,Middle,2-3 роки,,,DE,2026-05-19,adzuna
content designer,content_design,Senior,5+ років,,,DE,2026-05-19,adzuna
content manager,content_manager,Middle,2-3 роки,,,DE,2026-05-19,adzuna
content manager,content_manager,Senior,5+ років,,,DE,2026-05-19,adzuna
content marketing manager,content_marketing,Middle,2-3 роки,,,DE,2026-05-19,adzuna
content marketing manager,content_marketing,Senior,5+ років,,,DE,2026-05-19,adzuna
content writer,content_writing,Middle,2-3 роки,,,DE,2026-05-19,adzuna
content writer,content_writing,Senior,5+ років,,,DE,2026-05-19,adzuna
chief operating officer,coo,Middle,2-3 роки,,,DE,2026-05-19,adzuna
chief operating officer,coo,Senior,5+ років,,,DE,2026-05-19,adzuna
c++ developer,cplusplus,Middle,2-3 роки,5885.0,7298.0,DE,2026-05-19,adzuna
c++ developer,cplusplus,Senior,5+ років,5885.0,7298.0,DE,2026-05-19,adzuna
chief product officer,cpo,Middle,2-3 роки,,,DE,2026-05-19,adzuna
chief product officer,cpo,Senior,5+ років,,,DE,2026-05-19,adzuna
c++ developer,cpp,Middle,2-3 роки,5885.0,7298.0,DE,2026-05-19,adzuna
c++ developer,cpp,Senior,5+ років,5885.0,7298.0,DE,2026-05-19,adzuna
chief technology officer,cto,Middle,2-3 роки,,,DE,2026-05-19,adzuna
chief technology officer,cto,Senior,5+ років,8287.0,12242.0,DE,2026-05-19,adzuna
data analyst,data_analyst,Middle,2-3 роки,,,DE,2026-05-19,adzuna
data analyst,data_analyst,Senior,5+ років,,,DE,2026-05-19,adzuna
data engineer,data_engineer,Middle,2-3 роки,,,DE,2026-05-19,adzuna
data engineer,data_engineer,Senior,5+ років,,,DE,2026-05-19,adzuna
data scientist,data_science,Middle,2-3 роки,7298.0,13183.0,DE,2026-05-19,adzuna
data scientist,data_science,Senior,5+ років,7298.0,13183.0,DE,2026-05-19,adzuna
delivery manager agile IT,delivery_manager,Middle,2-3 роки,,,DE,2026-05-19,adzuna
delivery manager agile IT,delivery_manager,Senior,5+ років,,,DE,2026-05-19,adzuna
graphic designer,design,Middle,2-3 роки,,,DE,2026-05-19,adzuna
graphic designer,design,Senior,5+ років,,,DE,2026-05-19,adzuna
devops engineer,dev_ops,Middle,2-3 роки,,,DE,2026-05-19,adzuna
devops engineer,dev_ops,Senior,5+ років,,,DE,2026-05-19,adzuna
digital marketing,digital_marketing,Middle,2-3 роки,,,DE,2026-05-19,adzuna
digital marketing,digital_marketing,Senior,5+ років,,,DE,2026-05-19,adzuna
digital marketing manager,digital_marketing_manager,Middle,2-3 роки,,,DE,2026-05-19,adzuna
digital marketing manager,digital_marketing_manager,Senior,5+ років,,,DE,2026-05-19,adzuna
.net developer,dotnet,Middle,2-3 роки,,,DE,2026-05-19,adzuna
.net developer,dotnet,Senior,5+ років,7062.0,8004.0,DE,2026-05-19,adzuna
.net cloud developer,dotnet_cloud,Middle,2-3 роки,,,DE,2026-05-19,adzuna
.net cloud developer,dotnet_cloud,Senior,5+ років,,,DE,2026-05-19,adzuna
.net desktop developer,dotnet_desktop,Middle,2-3 роки,,,DE,2026-05-19,adzuna
.net desktop developer,dotnet_desktop,Senior,5+ років,,,DE,2026-05-19,adzuna
.net mobile developer,dotnet_mobile,Middle,2-3 роки,,,DE,2026-05-19,adzuna
.net mobile developer,dotnet_mobile,Senior,5+ років,,,DE,2026-05-19,adzuna
asp.net web developer,dotnet_web,Middle,2-3 роки,,,DE,2026-05-19,adzuna
asp.net web developer,dotnet_web,Senior,5+ років,,,DE,2026-05-19,adzuna
drupal developer,drupal,Middle,2-3 роки,,,DE,2026-05-19,adzuna
drupal developer,drupal,Senior,5+ років,,,DE,2026-05-19,adzuna
elixir developer,elixir,Middle,2-3 роки,,,DE,2026-05-19,adzuna
elixir developer,elixir,Senior,5+ років,,,DE,2026-05-19,adzuna
embedded software engineer,embedded,Middle,2-3 роки,,,DE,2026-05-19,adzuna
embedded software engineer,embedded,Senior,5+ років,,,DE,2026-05-19,adzuna
software engineering manager,engineering_manager,Middle,2-3 роки,,,DE,2026-05-19,adzuna
software engineering manager,engineering_manager,Senior,5+ років,,,DE,2026-05-19,adzuna
erp developer,erp_systems,Middle,2-3 роки,,,DE,2026-05-19,adzuna
erp developer,erp_systems,Senior,5+ років,,,DE,2026-05-19,adzuna
finance manager,finance_manager,Middle,2-3 роки,,,DE,2026-05-19,adzuna
finance manager,finance_manager,Senior,5+ років,,,DE,2026-05-19,adzuna
financial analyst,finances,Middle,2-3 роки,,,DE,2026-05-19,adzuna
financial analyst,finances,Senior,5+ років,5179.0,6121.0,DE,2026-05-19,adzuna
financial analyst,financial_analyst,Middle,2-3 роки,,,DE,2026-05-19,adzuna
financial analyst,financial_analyst,Senior,5+ років,5179.0,6121.0,DE,2026-05-19,adzuna
flutter developer,flutter,Middle,2-3 роки,,,DE,2026-05-19,adzuna
flutter developer,flutter,Senior,5+ років,,,DE,2026-05-19,adzuna
fullstack developer,fullstack,Middle,2-3 роки,,,DE,2026-05-19,adzuna
fullstack developer,fullstack,Senior,5+ років,,,DE,2026-05-19,adzuna
game designer,game_design,Middle,2-3 роки,,,DE,2026-05-19,adzuna
game designer,game_design,Senior,5+ років,,,DE,2026-05-19,adzuna
game developer,game_developer,Middle,2-3 роки,,,DE,2026-05-19,adzuna
game developer,game_developer,Senior,5+ років,,,DE,2026-05-19,adzuna
unity developer,gamedev,Middle,2-3 роки,,,DE,2026-05-19,adzuna
unity developer,gamedev,Senior,5+ років,,,DE,2026-05-19,adzuna
golang developer,golang,Middle,2-3 роки,,,DE,2026-05-19,adzuna
golang developer,golang,Senior,5+ років,,,DE,2026-05-19,adzuna
graphic designer,graphic_design,Middle,2-3 роки,,,DE,2026-05-19,adzuna
graphic designer,graphic_design,Senior,5+ років,,,DE,2026-05-19,adzuna
head of software engineering,head_chief,Middle,2-3 роки,,,DE,2026-05-19,adzuna
head of software engineering,head_chief,Senior,5+ років,,,DE,2026-05-19,adzuna
hr manager,hr,Middle,2-3 роки,,,DE,2026-05-19,adzuna
hr manager,hr,Senior,5+ років,,,DE,2026-05-19,adzuna
illustrator designer,illustrator,Middle,2-3 роки,,,DE,2026-05-19,adzuna
illustrator designer,illustrator,Senior,5+ років,,,DE,2026-05-19,adzuna
information security engineer,information_security,Middle,2-3 роки,,,DE,2026-05-19,adzuna
information security engineer,information_security,Senior,5+ років,,,DE,2026-05-19,adzuna
ios developer,ios,Middle,2-3 роки,,,DE,2026-05-19,adzuna
ios developer,ios,Senior,5+ років,,,DE,2026-05-19,adzuna
java developer,java,Middle,2-3 роки,,,DE,2026-05-19,adzuna
java developer,java,Senior,5+ років,,,DE,2026-05-19,adzuna
javascript developer,javascript,Middle,2-3 роки,,,DE,2026-05-19,adzuna
javascript developer,javascript,Senior,5+ років,,,DE,2026-05-19,adzuna
kotlin developer,kotlin,Middle,2-3 роки,,,DE,2026-05-19,adzuna
kotlin developer,kotlin,Senior,5+ років,,,DE,2026-05-19,adzuna
laravel developer,laravel,Middle,2-3 роки,,,DE,2026-05-19,adzuna
laravel developer,laravel,Senior,5+ років,,,DE,2026-05-19,adzuna
tech lead,lead,Middle,2-3 роки,,,DE,2026-05-19,adzuna
tech lead,lead,Senior,5+ років,,,DE,2026-05-19,adzuna
lead generation manager,lead_generation,Middle,2-3 роки,,,DE,2026-05-19,adzuna
lead generation manager,lead_generation,Senior,5+ років,,,DE,2026-05-19,adzuna
magento developer,magento,Middle,2-3 роки,,,DE,2026-05-19,adzuna
magento developer,magento,Senior,5+ років,,,DE,2026-05-19,adzuna
marketing manager,marketing,Middle,2-3 роки,,,DE,2026-05-19,adzuna
marketing manager,marketing,Senior,5+ років,,,DE,2026-05-19,adzuna
marketing analyst,marketing_analyst,Middle,2-3 роки,,,DE,2026-05-19,adzuna
marketing analyst,marketing_analyst,Senior,5+ років,4953.0,7062.0,DE,2026-05-19,adzuna
.net maui developer,maui,Middle,2-3 роки,,,DE,2026-05-19,adzuna
.net maui developer,maui,Senior,5+ років,,,DE,2026-05-19,adzuna
media buyer,media_buying,Middle,2-3 роки,,,DE,2026-05-19,adzuna
media buyer,media_buying,Senior,5+ років,,,DE,2026-05-19,adzuna
machine learning engineer,ml_ai,Middle,2-3 роки,,,DE,2026-05-19,adzuna
machine learning engineer,ml_ai,Senior,5+ років,,,DE,2026-05-19,adzuna
motion designer,motion_design,Middle,2-3 роки,,,DE,2026-05-19,adzuna
motion designer,motion_design,Senior,5+ років,,,DE,2026-05-19,adzuna
microsoft dynamics developer,ms_dynamics,Middle,2-3 роки,,,DE,2026-05-19,adzuna
microsoft dynamics developer,ms_dynamics,Senior,5+ років,5650.0,8475.0,DE,2026-05-19,adzuna
no code developer,nocode,Middle,2-3 роки,,,DE,2026-05-19,adzuna
no code developer,nocode,Senior,5+ років,,,DE,2026-05-19,adzuna
node.js developer,node_js,Middle,2-3 роки,,,DE,2026-05-19,adzuna
node.js developer,node_js,Senior,5+ років,,,DE,2026-05-19,adzuna
odoo developer,odoo,Middle,2-3 роки,,,DE,2026-05-19,adzuna
odoo developer,odoo,Senior,5+ років,,,DE,2026-05-19,adzuna
penetration tester,penetration_tester,Middle,2-3 роки,,,DE,2026-05-19,adzuna
penetration tester,penetration_tester,Senior,5+ років,,,DE,2026-05-19,adzuna
php developer,php,Middle,2-3 роки,,,DE,2026-05-19,adzuna
php developer,php,Senior,5+ років,,,DE,2026-05-19,adzuna
ppc specialist,ppc,Middle,2-3 роки,,,DE,2026-05-19,adzuna
ppc specialist,ppc,Senior,5+ років,,,DE,2026-05-19,adzuna
pr manager,pr_manager,Middle,2-3 роки,,,DE,2026-05-19,adzuna
pr manager,pr_manager,Senior,5+ років,,,DE,2026-05-19,adzuna
product designer,product_design,Middle,2-3 роки,,,DE,2026-05-19,adzuna
product designer,product_design,Senior,5+ років,,,DE,2026-05-19,adzuna
product manager,product_manager,Middle,2-3 роки,,,DE,2026-05-19,adzuna
product manager,product_manager,Senior,5+ років,,,DE,2026-05-19,adzuna
product owner,product_owner,Middle,2-3 роки,,,DE,2026-05-19,adzuna
product owner,product_owner,Senior,5+ років,,,DE,2026-05-19,adzuna
IT project manager software,project_manager,Middle,2-3 роки,,,DE,2026-05-19,adzuna
IT project manager software,project_manager,Senior,5+ років,,,DE,2026-05-19,adzuna
python developer,python,Middle,2-3 роки,,,DE,2026-05-19,adzuna
python developer,python,Senior,5+ років,,,DE,2026-05-19,adzuna
qa engineer,qa,Middle,2-3 роки,4897.0,6121.0,DE,2026-05-19,adzuna
qa engineer,qa,Senior,5+ років,4897.0,6121.0,DE,2026-05-19,adzuna
qa automation engineer,qa_automation,Middle,2-3 роки,,,DE,2026-05-19,adzuna
qa automation engineer,qa_automation,Senior,5+ років,,,DE,2026-05-19,adzuna
manual qa tester,qa_manual,Middle,2-3 роки,,,DE,2026-05-19,adzuna
manual qa tester,qa_manual,Senior,5+ років,,,DE,2026-05-19,adzuna
react developer,react,Middle,2-3 роки,,,DE,2026-05-19,adzuna
react developer,react,Senior,5+ років,,,DE,2026-05-19,adzuna
react native developer,react_native,Middle,2-3 роки,,,DE,2026-05-19,adzuna
react native developer,react_native,Senior,5+ років,,,DE,2026-05-19,adzuna
it recruiter,recruiter,Middle,2-3 роки,,,DE,2026-05-19,adzuna
it recruiter,recruiter,Senior,5+ років,,,DE,2026-05-19,adzuna
ruby developer,ruby,Middle,2-3 роки,,,DE,2026-05-19,adzuna
ruby developer,ruby,Senior,5+ років,,,DE,2026-05-19,adzuna
rust developer,rust,Middle,2-3 роки,,,DE,2026-05-19,adzuna
rust developer,rust,Senior,5+ років,,,DE,2026-05-19,adzuna
sales manager,sales,Middle,2-3 роки,,,DE,2026-05-19,adzuna
sales manager,sales,Senior,5+ років,,,DE,2026-05-19,adzuna
sales director,sales_leadership,Middle,2-3 роки,18833.0,23542.0,DE,2026-05-19,adzuna
sales director,sales_leadership,Senior,5+ років,18833.0,23542.0,DE,2026-05-19,adzuna
sales manager,sales_manager,Middle,2-3 роки,,,DE,2026-05-19,adzuna
sales manager,sales_manager,Senior,5+ років,,,DE,2026-05-19,adzuna
salesforce developer,salesforce,Middle,2-3 роки,,,DE,2026-05-19,adzuna
salesforce developer,salesforce,Senior,5+ років,,,DE,2026-05-19,adzuna
sap developer,sap,Middle,2-3 роки,5650.0,7062.0,DE,2026-05-19,adzuna
sap developer,sap,Senior,5+ років,5650.0,7062.0,DE,2026-05-19,adzuna
scala developer,scala,Middle,2-3 роки,,,DE,2026-05-19,adzuna
scala developer,scala,Senior,5+ років,,,DE,2026-05-19,adzuna
scrum master,scrum_master,Middle,2-3 роки,,,DE,2026-05-19,adzuna
scrum master,scrum_master,Senior,5+ років,,,DE,2026-05-19,adzuna
security engineer,security,Middle,2-3 роки,,,DE,2026-05-19,adzuna
security engineer,security,Senior,5+ років,,,DE,2026-05-19,adzuna
security analyst,security_analyst,Middle,2-3 роки,,,DE,2026-05-19,adzuna
security analyst,security_analyst,Senior,5+ років,,,DE,2026-05-19,adzuna
seo specialist,seo,Middle,2-3 роки,,,DE,2026-05-19,adzuna
seo specialist,seo,Senior,5+ років,,,DE,2026-05-19,adzuna
social media manager,social_media,Middle,2-3 роки,,,DE,2026-05-19,adzuna
social media manager,social_media,Senior,5+ років,,,DE,2026-05-19,adzuna
sql dba database administrator,sql_dba,Middle,2-3 роки,,,DE,2026-05-19,adzuna
sql dba database administrator,sql_dba,Senior,5+ років,,,DE,2026-05-19,adzuna
technical support engineer,support,Middle,2-3 роки,,,DE,2026-05-19,adzuna
technical support engineer,support,Senior,5+ років,,,DE,2026-05-19,adzuna
svelte developer,svelte,Middle,2-3 роки,,,DE,2026-05-19,adzuna
svelte developer,svelte,Senior,5+ років,,,DE,2026-05-19,adzuna
symfony developer,symfony,Middle,2-3 роки,,,DE,2026-05-19,adzuna
symfony developer,symfony,Senior,5+ років,,,DE,2026-05-19,adzuna
system administrator linux,sysadmin,Middle,2-3 роки,,,DE,2026-05-19,adzuna
system administrator linux,sysadmin,Senior,5+ років,,,DE,2026-05-19,adzuna
ux designer,ui_ux,Middle,2-3 роки,,,DE,2026-05-19,adzuna
ux designer,ui_ux,Senior,5+ років,,,DE,2026-05-19,adzuna
unity developer,unity,Middle,2-3 роки,,,DE,2026-05-19,adzuna
unity developer,unity,Senior,5+ років,,,DE,2026-05-19,adzuna
unreal engine developer,unreal,Middle,2-3 роки,,,DE,2026-05-19,adzuna
unreal engine developer,unreal,Senior,5+ років,,,DE,2026-05-19,adzuna
ux researcher,ux_research,Middle,2-3 роки,,,DE,2026-05-19,adzuna
ux researcher,ux_research,Senior,5+ років,,,DE,2026-05-19,adzuna
vue.js developer,vue,Middle,2-3 роки,7062.0,8946.0,DE,2026-05-19,adzuna
vue.js developer,vue,Senior,5+ років,7062.0,8946.0,DE,2026-05-19,adzuna
winforms developer,winforms,Middle,2-3 роки,,,DE,2026-05-19,adzuna
winforms developer,winforms,Senior,5+ років,,,DE,2026-05-19,adzuna
wordpress developer,wordpress,Middle,2-3 роки,,,DE,2026-05-19,adzuna
wordpress developer,wordpress,Senior,5+ років,,,DE,2026-05-19,adzuna
wpf developer,wpf,Middle,2-3 роки,,,DE,2026-05-19,adzuna
wpf developer,wpf,Senior,5+ років,,,DE,2026-05-19,adzuna
xamarin developer,xamarin,Middle,2-3 роки,,,DE,2026-05-19,adzuna
xamarin developer,xamarin,Senior,5+ років,,,DE,2026-05-19,adzuna
yii developer,yii,Middle,2-3 роки,,,DE,2026-05-19,adzuna
yii developer,yii,Senior,5+ років,,,DE,2026-05-19,adzuna
2d animator,2d_animation,Middle,2-3 роки,,,NL,2026-05-19,adzuna
2d animator,2d_animation,Senior,5+ років,,,NL,2026-05-19,adzuna
2d artist,2d_artist,Middle,2-3 роки,,,NL,2026-05-19,adzuna
2d artist,2d_artist,Senior,5+ років,,,NL,2026-05-19,adzuna
3d animator,3d_animation,Middle,2-3 роки,,,NL,2026-05-19,adzuna
3d animator,3d_animation,Senior,5+ років,,,NL,2026-05-19,adzuna
3d artist,3d_artist,Middle,2-3 роки,,,NL,2026-05-19,adzuna
3d artist,3d_artist,Senior,5+ років,,,NL,2026-05-19,adzuna
accountant finance,accountant,Middle,2-3 роки,3107.0,5650.0,NL,2026-05-19,adzuna
accountant finance,accountant,Senior,5+ років,3249.0,5650.0,NL,2026-05-19,adzuna
affiliate manager,affiliate_manager,Middle,2-3 роки,,,NL,2026-05-19,adzuna
affiliate manager,affiliate_manager,Senior,5+ років,,,NL,2026-05-19,adzuna
android developer,android,Middle,2-3 роки,,,NL,2026-05-19,adzuna
android developer,android,Senior,5+ років,,,NL,2026-05-19,adzuna
angular developer,angular,Middle,2-3 роки,,,NL,2026-05-19,adzuna
angular developer,angular,Senior,5+ років,,,NL,2026-05-19,adzuna
asp.net developer,asp_net,Middle,2-3 роки,,,NL,2026-05-19,adzuna
asp.net developer,asp_net,Senior,5+ років,,,NL,2026-05-19,adzuna
blazor developer,blazor,Middle,2-3 роки,,,NL,2026-05-19,adzuna
blazor developer,blazor,Senior,5+ років,,,NL,2026-05-19,adzuna
business analyst IT,business_analyst,Middle,2-3 роки,,,NL,2026-05-19,adzuna
business analyst IT,business_analyst,Senior,5+ років,,,NL,2026-05-19,adzuna
c programmer,c,Middle,2-3 роки,,,NL,2026-05-19,adzuna
c programmer,c,Senior,5+ років,,,NL,2026-05-19,adzuna
chief business development officer,cbdo,Middle,2-3 роки,,,NL,2026-05-19,adzuna
chief business development officer,cbdo,Senior,5+ років,,,NL,2026-05-19,adzuna
chief commercial officer,cco,Middle,2-3 роки,,,NL,2026-05-19,adzuna
chief commercial officer,cco,Senior,5+ років,,,NL,2026-05-19,adzuna
chief executive officer tech,ceo,Middle,2-3 роки,,,NL,2026-05-19,adzuna
chief executive officer tech,ceo,Senior,5+ років,,,NL,2026-05-19,adzuna
chief financial officer tech,cfo,Middle,2-3 роки,,,NL,2026-05-19,adzuna
chief financial officer tech,cfo,Senior,5+ років,,,NL,2026-05-19,adzuna
chief information officer,cio,Middle,2-3 роки,,,NL,2026-05-19,adzuna
chief information officer,cio,Senior,5+ років,,,NL,2026-05-19,adzuna
chief marketing officer tech,cmo,Middle,2-3 роки,,,NL,2026-05-19,adzuna
chief marketing officer tech,cmo,Senior,5+ років,,,NL,2026-05-19,adzuna
content designer,content_design,Middle,2-3 роки,,,NL,2026-05-19,adzuna
content designer,content_design,Senior,5+ років,,,NL,2026-05-19,adzuna
content manager,content_manager,Middle,2-3 роки,4195.0,5415.0,NL,2026-05-19,adzuna
content manager,content_manager,Senior,5+ років,4195.0,5415.0,NL,2026-05-19,adzuna
content marketing manager,content_marketing,Middle,2-3 роки,,,NL,2026-05-19,adzuna
content marketing manager,content_marketing,Senior,5+ років,,,NL,2026-05-19,adzuna
content writer,content_writing,Middle,2-3 роки,,,NL,2026-05-19,adzuna
content writer,content_writing,Senior,5+ років,,,NL,2026-05-19,adzuna
chief operating officer,coo,Middle,2-3 роки,,,NL,2026-05-19,adzuna
chief operating officer,coo,Senior,5+ років,,,NL,2026-05-19,adzuna
c++ developer,cplusplus,Middle,2-3 роки,,,NL,2026-05-19,adzuna
c++ developer,cplusplus,Senior,5+ років,,,NL,2026-05-19,adzuna
chief product officer,cpo,Middle,2-3 роки,,,NL,2026-05-19,adzuna
chief product officer,cpo,Senior,5+ років,,,NL,2026-05-19,adzuna
c++ developer,cpp,Middle,2-3 роки,,,NL,2026-05-19,adzuna
c++ developer,cpp,Senior,5+ років,,,NL,2026-05-19,adzuna
chief technology officer,cto,Middle,2-3 роки,,,NL,2026-05-19,adzuna
chief technology officer,cto,Senior,5+ років,,,NL,2026-05-19,adzuna
data analyst,data_analyst,Middle,2-3 роки,3989.0,4520.0,NL,2026-05-19,adzuna
data analyst,data_analyst,Senior,5+ років,4520.0,6215.0,NL,2026-05-19,adzuna
data engineer,data_engineer,Middle,2-3 роки,5085.0,6309.0,NL,2026-05-19,adzuna
data engineer,data_engineer,Senior,5+ років,5085.0,6309.0,NL,2026-05-19,adzuna
data scientist,data_science,Middle,2-3 роки,5537.0,7458.0,NL,2026-05-19,adzuna
data scientist,data_science,Senior,5+ років,5537.0,7458.0,NL,2026-05-19,adzuna
delivery manager agile IT,delivery_manager,Middle,2-3 роки,,,NL,2026-05-19,adzuna
delivery manager agile IT,delivery_manager,Senior,5+ років,,,NL,2026-05-19,adzuna
graphic designer,design,Middle,2-3 роки,,,NL,2026-05-19,adzuna
graphic designer,design,Senior,5+ років,,,NL,2026-05-19,adzuna
devops engineer,dev_ops,Middle,2-3 роки,4786.0,6780.0,NL,2026-05-19,adzuna
devops engineer,dev_ops,Senior,5+ років,6780.0,7910.0,NL,2026-05-19,adzuna
digital marketing,digital_marketing,Middle,2-3 роки,,,NL,2026-05-19,adzuna
digital marketing,digital_marketing,Senior,5+ років,,,NL,2026-05-19,adzuna
digital marketing manager,digital_marketing_manager,Middle,2-3 роки,,,NL,2026-05-19,adzuna
digital marketing manager,digital_marketing_manager,Senior,5+ років,,,NL,2026-05-19,adzuna
.net developer,dotnet,Middle,2-3 роки,,,NL,2026-05-19,adzuna
.net developer,dotnet,Senior,5+ років,,,NL,2026-05-19,adzuna
.net cloud developer,dotnet_cloud,Middle,2-3 роки,,,NL,2026-05-19,adzuna
.net cloud developer,dotnet_cloud,Senior,5+ років,,,NL,2026-05-19,adzuna
.net desktop developer,dotnet_desktop,Middle,2-3 роки,,,NL,2026-05-19,adzuna
.net desktop developer,dotnet_desktop,Senior,5+ років,,,NL,2026-05-19,adzuna
.net mobile developer,dotnet_mobile,Middle,2-3 роки,,,NL,2026-05-19,adzuna
.net mobile developer,dotnet_mobile,Senior,5+ років,,,NL,2026-05-19,adzuna
asp.net web developer,dotnet_web,Middle,2-3 роки,,,NL,2026-05-19,adzuna
asp.net web developer,dotnet_web,Senior,5+ років,,,NL,2026-05-19,adzuna
drupal developer,drupal,Middle,2-3 роки,,,NL,2026-05-19,adzuna
drupal developer,drupal,Senior,5+ років,,,NL,2026-05-19,adzuna
elixir developer,elixir,Middle,2-3 роки,,,NL,2026-05-19,adzuna
elixir developer,elixir,Senior,5+ років,,,NL,2026-05-19,adzuna
embedded software engineer,embedded,Middle,2-3 роки,3729.0,4520.0,NL,2026-05-19,adzuna
embedded software engineer,embedded,Senior,5+ років,3729.0,4520.0,NL,2026-05-19,adzuna
software engineering manager,engineering_manager,Middle,2-3 роки,,,NL,2026-05-19,adzuna
software engineering manager,engineering_manager,Senior,5+ років,,,NL,2026-05-19,adzuna
erp developer,erp_systems,Middle,2-3 роки,,,NL,2026-05-19,adzuna
erp developer,erp_systems,Senior,5+ років,,,NL,2026-05-19,adzuna
finance manager,finance_manager,Middle,2-3 роки,6215.0,8192.0,NL,2026-05-19,adzuna
finance manager,finance_manager,Senior,5+ років,6215.0,8192.0,NL,2026-05-19,adzuna
financial analyst,finances,Middle,2-3 роки,3785.0,5847.0,NL,2026-05-19,adzuna
financial analyst,finances,Senior,5+ років,3955.0,6043.0,NL,2026-05-19,adzuna
financial analyst,financial_analyst,Middle,2-3 роки,3785.0,5847.0,NL,2026-05-19,adzuna
financial analyst,financial_analyst,Senior,5+ років,3955.0,6043.0,NL,2026-05-19,adzuna
flutter developer,flutter,Middle,2-3 роки,,,NL,2026-05-19,adzuna
flutter developer,flutter,Senior,5+ років,,,NL,2026-05-19,adzuna
fullstack developer,fullstack,Middle,2-3 роки,,,NL,2026-05-19,adzuna
fullstack developer,fullstack,Senior,5+ років,3390.0,5876.0,NL,2026-05-19,adzuna
game designer,game_design,Middle,2-3 роки,3767.0,5179.0,NL,2026-05-19,adzuna
game designer,game_design,Senior,5+ років,4802.0,6121.0,NL,2026-05-19,adzuna
game developer,game_developer,Middle,2-3 роки,,,NL,2026-05-19,adzuna
game developer,game_developer,Senior,5+ років,,,NL,2026-05-19,adzuna
unity developer,gamedev,Middle,2-3 роки,,,NL,2026-05-19,adzuna
unity developer,gamedev,Senior,5+ років,,,NL,2026-05-19,adzuna
golang developer,golang,Middle,2-3 роки,,,NL,2026-05-19,adzuna
golang developer,golang,Senior,5+ років,,,NL,2026-05-19,adzuna
graphic designer,graphic_design,Middle,2-3 роки,,,NL,2026-05-19,adzuna
graphic designer,graphic_design,Senior,5+ років,,,NL,2026-05-19,adzuna
head of software engineering,head_chief,Middle,2-3 роки,,,NL,2026-05-19,adzuna
head of software engineering,head_chief,Senior,5+ років,,,NL,2026-05-19,adzuna
hr manager,hr,Middle,2-3 роки,4579.0,5650.0,NL,2026-05-19,adzuna
hr manager,hr,Senior,5+ років,4606.0,5706.0,NL,2026-05-19,adzuna
illustrator designer,illustrator,Middle,2-3 роки,,,NL,2026-05-19,adzuna
illustrator designer,illustrator,Senior,5+ років,,,NL,2026-05-19,adzuna
information security engineer,information_security,Middle,2-3 роки,,,NL,2026-05-19,adzuna
information security engineer,information_security,Senior,5+ років,,,NL,2026-05-19,adzuna
ios developer,ios,Middle,2-3 роки,,,NL,2026-05-19,adzuna
ios developer,ios,Senior,5+ років,,,NL,2026-05-19,adzuna
java developer,java,Middle,2-3 роки,5650.0,7062.0,NL,2026-05-19,adzuna
java developer,java,Senior,5+ років,6121.0,7345.0,NL,2026-05-19,adzuna
javascript developer,javascript,Middle,2-3 роки,,,NL,2026-05-19,adzuna
javascript developer,javascript,Senior,5+ років,3672.0,5085.0,NL,2026-05-19,adzuna
kotlin developer,kotlin,Middle,2-3 роки,6121.0,7533.0,NL,2026-05-19,adzuna
kotlin developer,kotlin,Senior,5+ років,6121.0,7533.0,NL,2026-05-19,adzuna
laravel developer,laravel,Middle,2-3 роки,,,NL,2026-05-19,adzuna
laravel developer,laravel,Senior,5+ років,,,NL,2026-05-19,adzuna
tech lead,lead,Middle,2-3 роки,,,NL,2026-05-19,adzuna
tech lead,lead,Senior,5+ років,7062.0,8475.0,NL,2026-05-19,adzuna
lead generation manager,lead_generation,Middle,2-3 роки,,,NL,2026-05-19,adzuna
lead generation manager,lead_generation,Senior,5+ років,,,NL,2026-05-19,adzuna
magento developer,magento,Middle,2-3 роки,,,NL,2026-05-19,adzuna
magento developer,magento,Senior,5+ років,,,NL,2026-05-19,adzuna
marketing manager,marketing,Middle,2-3 роки,4109.0,5132.0,NL,2026-05-19,adzuna
marketing manager,marketing,Senior,5+ років,4109.0,5132.0,NL,2026-05-19,adzuna
marketing analyst,marketing_analyst,Middle,2-3 роки,6827.0,7200.0,NL,2026-05-19,adzuna
marketing analyst,marketing_analyst,Senior,5+ років,6592.0,6866.0,NL,2026-05-19,adzuna
.net maui developer,maui,Middle,2-3 роки,,,NL,2026-05-19,adzuna
.net maui developer,maui,Senior,5+ років,,,NL,2026-05-19,adzuna
media buyer,media_buying,Middle,2-3 роки,,,NL,2026-05-19,adzuna
media buyer,media_buying,Senior,5+ років,,,NL,2026-05-19,adzuna
machine learning engineer,ml_ai,Middle,2-3 роки,6625.0,7345.0,NL,2026-05-19,adzuna
machine learning engineer,ml_ai,Senior,5+ років,6625.0,7345.0,NL,2026-05-19,adzuna
motion designer,motion_design,Middle,2-3 роки,,,NL,2026-05-19,adzuna
motion designer,motion_design,Senior,5+ років,,,NL,2026-05-19,adzuna
microsoft dynamics developer,ms_dynamics,Middle,2-3 роки,,,NL,2026-05-19,adzuna
microsoft dynamics developer,ms_dynamics,Senior,5+ років,,,NL,2026-05-19,adzuna
no code developer,nocode,Middle,2-3 роки,,,NL,2026-05-19,adzuna
no code developer,nocode,Senior,5+ років,,,NL,2026-05-19,adzuna
node.js developer,node_js,Middle,2-3 роки,,,NL,2026-05-19,adzuna
node.js developer,node_js,Senior,5+ років,4897.0,5876.0,NL,2026-05-19,adzuna
odoo developer,odoo,Middle,2-3 роки,,,NL,2026-05-19,adzuna
odoo developer,odoo,Senior,5+ років,,,NL,2026-05-19,adzuna
penetration tester,penetration_tester,Middle,2-3 роки,,,NL,2026-05-19,adzuna
penetration tester,penetration_tester,Senior,5+ років,,,NL,2026-05-19,adzuna
php developer,php,Middle,2-3 роки,,,NL,2026-05-19,adzuna
php developer,php,Senior,5+ років,,,NL,2026-05-19,adzuna
ppc specialist,ppc,Middle,2-3 роки,,,NL,2026-05-19,adzuna
ppc specialist,ppc,Senior,5+ років,,,NL,2026-05-19,adzuna
pr manager,pr_manager,Middle,2-3 роки,,,NL,2026-05-19,adzuna
pr manager,pr_manager,Senior,5+ років,,,NL,2026-05-19,adzuna
product designer,product_design,Middle,2-3 роки,,,NL,2026-05-19,adzuna
product designer,product_design,Senior,5+ років,,,NL,2026-05-19,adzuna
product manager,product_manager,Middle,2-3 роки,5424.0,5650.0,NL,2026-05-19,adzuna
product manager,product_manager,Senior,5+ років,5458.0,6102.0,NL,2026-05-19,adzuna
product owner,product_owner,Middle,2-3 роки,5306.0,7211.0,NL,2026-05-19,adzuna
product owner,product_owner,Senior,5+ років,5306.0,7211.0,NL,2026-05-19,adzuna
IT project manager software,project_manager,Middle,2-3 роки,,,NL,2026-05-19,adzuna
IT project manager software,project_manager,Senior,5+ років,,,NL,2026-05-19,adzuna
python developer,python,Middle,2-3 роки,3990.0,5952.0,NL,2026-05-19,adzuna
python developer,python,Senior,5+ років,,,NL,2026-05-19,adzuna
qa engineer,qa,Middle,2-3 роки,4294.0,5273.0,NL,2026-05-19,adzuna
qa engineer,qa,Senior,5+ років,4426.0,5556.0,NL,2026-05-19,adzuna
qa automation engineer,qa_automation,Middle,2-3 роки,,,NL,2026-05-19,adzuna
qa automation engineer,qa_automation,Senior,5+ років,,,NL,2026-05-19,adzuna
manual qa tester,qa_manual,Middle,2-3 роки,,,NL,2026-05-19,adzuna
manual qa tester,qa_manual,Senior,5+ років,,,NL,2026-05-19,adzuna
react developer,react,Middle,2-3 роки,,,NL,2026-05-19,adzuna
react developer,react,Senior,5+ років,4897.0,5876.0,NL,2026-05-19,adzuna
react native developer,react_native,Middle,2-3 роки,,,NL,2026-05-19,adzuna
react native developer,react_native,Senior,5+ років,,,NL,2026-05-19,adzuna
it recruiter,recruiter,Middle,2-3 роки,5179.0,5179.0,NL,2026-05-19,adzuna
it recruiter,recruiter,Senior,5+ років,5179.0,5885.0,NL,2026-05-19,adzuna
ruby developer,ruby,Middle,2-3 роки,,,NL,2026-05-19,adzuna
ruby developer,ruby,Senior,5+ років,,,NL,2026-05-19,adzuna
rust developer,rust,Middle,2-3 роки,,,NL,2026-05-19,adzuna
rust developer,rust,Senior,5+ років,,,NL,2026-05-19,adzuna
sales manager,sales,Middle,2-3 роки,5085.0,6667.0,NL,2026-05-19,adzuna
sales manager,sales,Senior,5+ років,5085.0,6667.0,NL,2026-05-19,adzuna
sales director,sales_leadership,Middle,2-3 роки,9417.0,11300.0,NL,2026-05-19,adzuna
sales director,sales_leadership,Senior,5+ років,6968.0,9040.0,NL,2026-05-19,adzuna
sales manager,sales_manager,Middle,2-3 роки,5085.0,6667.0,NL,2026-05-19,adzuna
sales manager,sales_manager,Senior,5+ років,5085.0,6667.0,NL,2026-05-19,adzuna
salesforce developer,salesforce,Middle,2-3 роки,,,NL,2026-05-19,adzuna
salesforce developer,salesforce,Senior,5+ років,,,NL,2026-05-19,adzuna
sap developer,sap,Middle,2-3 роки,,,NL,2026-05-19,adzuna
sap developer,sap,Senior,5+ років,,,NL,2026-05-19,adzuna
scala developer,scala,Middle,2-3 роки,,,NL,2026-05-19,adzuna
scala developer,scala,Senior,5+ років,,,NL,2026-05-19,adzuna
scrum master,scrum_master,Middle,2-3 роки,6102.0,7729.0,NL,2026-05-19,adzuna
scrum master,scrum_master,Senior,5+ років,6102.0,7729.0,NL,2026-05-19,adzuna
security engineer,security,Middle,2-3 роки,4379.0,6215.0,NL,2026-05-19,adzuna
security engineer,security,Senior,5+ років,4944.0,6497.0,NL,2026-05-19,adzuna
security analyst,security_analyst,Middle,2-3 роки,,,NL,2026-05-19,adzuna
security analyst,security_analyst,Senior,5+ років,,,NL,2026-05-19,adzuna
seo specialist,seo,Middle,2-3 роки,4238.0,5085.0,NL,2026-05-19,adzuna
seo specialist,seo,Senior,5+ років,4238.0,5179.0,NL,2026-05-19,adzuna
social media manager,social_media,Middle,2-3 роки,5179.0,5179.0,NL,2026-05-19,adzuna
social media manager,social_media,Senior,5+ років,5650.0,5650.0,NL,2026-05-19,adzuna
sql dba database administrator,sql_dba,Middle,2-3 роки,,,NL,2026-05-19,adzuna
sql dba database administrator,sql_dba,Senior,5+ років,,,NL,2026-05-19,adzuna
technical support engineer,support,Middle,2-3 роки,,,NL,2026-05-19,adzuna
technical support engineer,support,Senior,5+ років,,,NL,2026-05-19,adzuna
svelte developer,svelte,Middle,2-3 роки,,,NL,2026-05-19,adzuna
svelte developer,svelte,Senior,5+ років,,,NL,2026-05-19,adzuna
symfony developer,symfony,Middle,2-3 роки,,,NL,2026-05-19,adzuna
symfony developer,symfony,Senior,5+ років,,,NL,2026-05-19,adzuna
system administrator linux,sysadmin,Middle,2-3 роки,,,NL,2026-05-19,adzuna
system administrator linux,sysadmin,Senior,5+ років,,,NL,2026-05-19,adzuna
ux designer,ui_ux,Middle,2-3 роки,4520.0,6121.0,NL,2026-05-19,adzuna
ux designer,ui_ux,Senior,5+ років,4802.0,6168.0,NL,2026-05-19,adzuna
unity developer,unity,Middle,2-3 роки,,,NL,2026-05-19,adzuna
unity developer,unity,Senior,5+ років,,,NL,2026-05-19,adzuna
unreal engine developer,unreal,Middle,2-3 роки,,,NL,2026-05-19,adzuna
unreal engine developer,unreal,Senior,5+ років,,,NL,2026-05-19,adzuna
ux researcher,ux_research,Middle,2-3 роки,,,NL,2026-05-19,adzuna
ux researcher,ux_research,Senior,5+ років,,,NL,2026-05-19,adzuna
vue.js developer,vue,Middle,2-3 роки,,,NL,2026-05-19,adzuna
vue.js developer,vue,Senior,5+ років,,,NL,2026-05-19,adzuna
winforms developer,winforms,Middle,2-3 роки,,,NL,2026-05-19,adzuna
winforms developer,winforms,Senior,5+ років,,,NL,2026-05-19,adzuna
wordpress developer,wordpress,Middle,2-3 роки,,,NL,2026-05-19,adzuna
wordpress developer,wordpress,Senior,5+ років,,,NL,2026-05-19,adzuna
wpf developer,wpf,Middle,2-3 роки,,,NL,2026-05-19,adzuna
wpf developer,wpf,Senior,5+ років,,,NL,2026-05-19,adzuna
xamarin developer,xamarin,Middle,2-3 роки,,,NL,2026-05-19,adzuna
xamarin developer,xamarin,Senior,5+ років,,,NL,2026-05-19,adzuna
yii developer,yii,Middle,2-3 роки,,,NL,2026-05-19,adzuna
yii developer,yii,Senior,5+ років,,,NL,2026-05-19,adzuna
2d animator,2d_animation,Middle,2-3 роки,,,PL,2026-05-19,adzuna
2d animator,2d_animation,Senior,5+ років,,,PL,2026-05-19,adzuna
2d artist,2d_artist,Middle,2-3 роки,,,PL,2026-05-19,adzuna
2d artist,2d_artist,Senior,5+ років,,,PL,2026-05-19,adzuna
3d animator,3d_animation,Middle,2-3 роки,,,PL,2026-05-19,adzuna
3d animator,3d_animation,Senior,5+ років,,,PL,2026-05-19,adzuna
3d artist,3d_artist,Middle,2-3 роки,,,PL,2026-05-19,adzuna
3d artist,3d_artist,Senior,5+ років,,,PL,2026-05-19,adzuna
accountant finance,accountant,Middle,2-3 роки,,,PL,2026-05-19,adzuna
accountant finance,accountant,Senior,5+ років,,,PL,2026-05-19,adzuna
affiliate manager,affiliate_manager,Middle,2-3 роки,3060.0,3825.0,PL,2026-05-19,adzuna
affiliate manager,affiliate_manager,Senior,5+ років,3060.0,3825.0,PL,2026-05-19,adzuna
android developer,android,Middle,2-3 роки,3641.0,4927.0,PL,2026-05-19,adzuna
android developer,android,Senior,5+ років,4254.0,6334.0,PL,2026-05-19,adzuna
angular developer,angular,Middle,2-3 роки,4927.0,6212.0,PL,2026-05-19,adzuna
angular developer,angular,Senior,5+ років,4712.0,6426.0,PL,2026-05-19,adzuna
asp.net developer,asp_net,Middle,2-3 роки,,,PL,2026-05-19,adzuna
asp.net developer,asp_net,Senior,5+ років,3442.0,4972.0,PL,2026-05-19,adzuna
blazor developer,blazor,Middle,2-3 роки,,,PL,2026-05-19,adzuna
blazor developer,blazor,Senior,5+ років,,,PL,2026-05-19,adzuna
business analyst IT,business_analyst,Middle,2-3 роки,4712.0,5998.0,PL,2026-05-19,adzuna
business analyst IT,business_analyst,Senior,5+ років,5141.0,5998.0,PL,2026-05-19,adzuna
c programmer,c,Middle,2-3 роки,,,PL,2026-05-19,adzuna
c programmer,c,Senior,5+ років,,,PL,2026-05-19,adzuna
chief business development officer,cbdo,Middle,2-3 роки,,,PL,2026-05-19,adzuna
chief business development officer,cbdo,Senior,5+ років,,,PL,2026-05-19,adzuna
chief commercial officer,cco,Middle,2-3 роки,7650.0,9180.0,PL,2026-05-19,adzuna
chief commercial officer,cco,Senior,5+ років,7650.0,9180.0,PL,2026-05-19,adzuna
chief executive officer tech,ceo,Middle,2-3 роки,,,PL,2026-05-19,adzuna
chief executive officer tech,ceo,Senior,5+ років,,,PL,2026-05-19,adzuna
chief financial officer tech,cfo,Middle,2-3 роки,,,PL,2026-05-19,adzuna
chief financial officer tech,cfo,Senior,5+ років,,,PL,2026-05-19,adzuna
chief information officer,cio,Middle,2-3 роки,6375.0,7650.0,PL,2026-05-19,adzuna
chief information officer,cio,Senior,5+ років,6375.0,7650.0,PL,2026-05-19,adzuna
chief marketing officer tech,cmo,Middle,2-3 роки,,,PL,2026-05-19,adzuna
chief marketing officer tech,cmo,Senior,5+ років,,,PL,2026-05-19,adzuna
content designer,content_design,Middle,2-3 роки,2295.0,3442.0,PL,2026-05-19,adzuna
content designer,content_design,Senior,5+ років,3290.0,4506.0,PL,2026-05-19,adzuna
content manager,content_manager,Middle,2-3 роки,2040.0,2882.0,PL,2026-05-19,adzuna
content manager,content_manager,Senior,5+ років,2040.0,2843.0,PL,2026-05-19,adzuna
content marketing manager,content_marketing,Middle,2-3 роки,,,PL,2026-05-19,adzuna
content marketing manager,content_marketing,Senior,5+ років,,,PL,2026-05-19,adzuna
content writer,content_writing,Middle,2-3 роки,4284.0,5998.0,PL,2026-05-19,adzuna
content writer,content_writing,Senior,5+ років,4284.0,5998.0,PL,2026-05-19,adzuna
chief operating officer,coo,Middle,2-3 роки,,,PL,2026-05-19,adzuna
chief operating officer,coo,Senior,5+ років,,,PL,2026-05-19,adzuna
c++ developer,cplusplus,Middle,2-3 роки,,,PL,2026-05-19,adzuna
c++ developer,cplusplus,Senior,5+ років,5141.0,6273.0,PL,2026-05-19,adzuna
chief product officer,cpo,Middle,2-3 роки,3060.0,3825.0,PL,2026-05-19,adzuna
chief product officer,cpo,Senior,5+ років,6375.0,7650.0,PL,2026-05-19,adzuna
c++ developer,cpp,Middle,2-3 роки,,,PL,2026-05-19,adzuna
c++ developer,cpp,Senior,5+ років,5141.0,6273.0,PL,2026-05-19,adzuna
chief technology officer,cto,Middle,2-3 роки,2550.0,3825.0,PL,2026-05-19,adzuna
chief technology officer,cto,Senior,5+ років,2550.0,3825.0,PL,2026-05-19,adzuna
data analyst,data_analyst,Middle,2-3 роки,5462.0,6166.0,PL,2026-05-19,adzuna
data analyst,data_analyst,Senior,5+ років,5120.0,6120.0,PL,2026-05-19,adzuna
data engineer,data_engineer,Middle,2-3 роки,4590.0,6311.0,PL,2026-05-19,adzuna
data engineer,data_engineer,Senior,5+ років,5610.0,7283.0,PL,2026-05-19,adzuna
data scientist,data_science,Middle,2-3 роки,5569.0,7061.0,PL,2026-05-19,adzuna
data scientist,data_science,Senior,5+ років,5569.0,7275.0,PL,2026-05-19,adzuna
delivery manager agile IT,delivery_manager,Middle,2-3 роки,,,PL,2026-05-19,adzuna
delivery manager agile IT,delivery_manager,Senior,5+ років,,,PL,2026-05-19,adzuna
graphic designer,design,Middle,2-3 роки,1785.0,2550.0,PL,2026-05-19,adzuna
graphic designer,design,Senior,5+ років,1658.0,2678.0,PL,2026-05-19,adzuna
devops engineer,dev_ops,Middle,2-3 роки,4462.0,6885.0,PL,2026-05-19,adzuna
devops engineer,dev_ops,Senior,5+ років,6120.0,7841.0,PL,2026-05-19,adzuna
digital marketing,digital_marketing,Middle,2-3 роки,2805.0,3570.0,PL,2026-05-19,adzuna
digital marketing,digital_marketing,Senior,5+ років,2805.0,3570.0,PL,2026-05-19,adzuna
digital marketing manager,digital_marketing_manager,Middle,2-3 роки,4080.0,5355.0,PL,2026-05-19,adzuna
digital marketing manager,digital_marketing_manager,Senior,5+ років,4080.0,5355.0,PL,2026-05-19,adzuna
.net developer,dotnet,Middle,2-3 роки,4284.0,5355.0,PL,2026-05-19,adzuna
.net developer,dotnet,Senior,5+ років,4498.0,5995.0,PL,2026-05-19,adzuna
.net cloud developer,dotnet_cloud,Middle,2-3 роки,5998.0,6854.0,PL,2026-05-19,adzuna
.net cloud developer,dotnet_cloud,Senior,5+ років,5998.0,6854.0,PL,2026-05-19,adzuna
.net desktop developer,dotnet_desktop,Middle,2-3 роки,,,PL,2026-05-19,adzuna
.net desktop developer,dotnet_desktop,Senior,5+ років,,,PL,2026-05-19,adzuna
.net mobile developer,dotnet_mobile,Middle,2-3 роки,,,PL,2026-05-19,adzuna
.net mobile developer,dotnet_mobile,Senior,5+ років,,,PL,2026-05-19,adzuna
asp.net web developer,dotnet_web,Middle,2-3 роки,,,PL,2026-05-19,adzuna
asp.net web developer,dotnet_web,Senior,5+ років,,,PL,2026-05-19,adzuna
drupal developer,drupal,Middle,2-3 роки,3856.0,5100.0,PL,2026-05-19,adzuna
drupal developer,drupal,Senior,5+ років,5120.0,6426.0,PL,2026-05-19,adzuna
elixir developer,elixir,Middle,2-3 роки,,,PL,2026-05-19,adzuna
elixir developer,elixir,Senior,5+ років,,,PL,2026-05-19,adzuna
embedded software engineer,embedded,Middle,2-3 роки,,,PL,2026-05-19,adzuna
embedded software engineer,embedded,Senior,5+ років,5228.0,6248.0,PL,2026-05-19,adzuna
software engineering manager,engineering_manager,Middle,2-3 роки,,,PL,2026-05-19,adzuna
software engineering manager,engineering_manager,Senior,5+ років,,,PL,2026-05-19,adzuna
erp developer,erp_systems,Middle,2-3 роки,,,PL,2026-05-19,adzuna
erp developer,erp_systems,Senior,5+ років,,,PL,2026-05-19,adzuna
finance manager,finance_manager,Middle,2-3 роки,,,PL,2026-05-19,adzuna
finance manager,finance_manager,Senior,5+ років,,,PL,2026-05-19,adzuna
financial analyst,finances,Middle,2-3 роки,,,PL,2026-05-19,adzuna
financial analyst,finances,Senior,5+ років,,,PL,2026-05-19,adzuna
financial analyst,financial_analyst,Middle,2-3 роки,,,PL,2026-05-19,adzuna
financial analyst,financial_analyst,Senior,5+ років,,,PL,2026-05-19,adzuna
flutter developer,flutter,Middle,2-3 роки,3626.0,4845.0,PL,2026-05-19,adzuna
flutter developer,flutter,Senior,5+ років,3840.0,5141.0,PL,2026-05-19,adzuna
fullstack developer,fullstack,Middle,2-3 роки,3825.0,5661.0,PL,2026-05-19,adzuna
fullstack developer,fullstack,Senior,5+ років,4080.0,6885.0,PL,2026-05-19,adzuna
game designer,game_design,Middle,2-3 роки,,,PL,2026-05-19,adzuna
game designer,game_design,Senior,5+ років,,,PL,2026-05-19,adzuna
game developer,game_developer,Middle,2-3 роки,,,PL,2026-05-19,adzuna
game developer,game_developer,Senior,5+ років,,,PL,2026-05-19,adzuna
unity developer,gamedev,Middle,2-3 роки,,,PL,2026-05-19,adzuna
unity developer,gamedev,Senior,5+ років,,,PL,2026-05-19,adzuna
golang developer,golang,Middle,2-3 роки,5998.0,6747.0,PL,2026-05-19,adzuna
golang developer,golang,Senior,5+ років,1457.0,1457.0,PL,2026-05-19,adzuna
graphic designer,graphic_design,Middle,2-3 роки,1785.0,2550.0,PL,2026-05-19,adzuna
graphic designer,graphic_design,Senior,5+ років,1658.0,2678.0,PL,2026-05-19,adzuna
head of software engineering,head_chief,Middle,2-3 роки,,,PL,2026-05-19,adzuna
head of software engineering,head_chief,Senior,5+ років,,,PL,2026-05-19,adzuna
hr manager,hr,Middle,2-3 роки,3060.0,3825.0,PL,2026-05-19,adzuna
hr manager,hr,Senior,5+ років,3825.0,4845.0,PL,2026-05-19,adzuna
illustrator designer,illustrator,Middle,2-3 роки,,,PL,2026-05-19,adzuna
illustrator designer,illustrator,Senior,5+ років,,,PL,2026-05-19,adzuna
information security engineer,information_security,Middle,2-3 роки,5151.0,7420.0,PL,2026-05-19,adzuna
information security engineer,information_security,Senior,5+ років,5151.0,7420.0,PL,2026-05-19,adzuna
ios developer,ios,Middle,2-3 роки,4284.0,5141.0,PL,2026-05-19,adzuna
ios developer,ios,Senior,5+ років,4284.0,5141.0,PL,2026-05-19,adzuna
java developer,java,Middle,2-3 роки,2932.0,4768.0,PL,2026-05-19,adzuna
java developer,java,Senior,5+ років,4488.0,5865.0,PL,2026-05-19,adzuna
javascript developer,javascript,Middle,2-3 роки,3825.0,5100.0,PL,2026-05-19,adzuna
javascript developer,javascript,Senior,5+ років,4845.0,5738.0,PL,2026-05-19,adzuna
kotlin developer,kotlin,Middle,2-3 роки,3845.0,5890.0,PL,2026-05-19,adzuna
kotlin developer,kotlin,Senior,5+ років,4712.0,6426.0,PL,2026-05-19,adzuna
laravel developer,laravel,Middle,2-3 роки,2295.0,3315.0,PL,2026-05-19,adzuna
laravel developer,laravel,Senior,5+ років,2295.0,3315.0,PL,2026-05-19,adzuna
tech lead,lead,Middle,2-3 роки,,,PL,2026-05-19,adzuna
tech lead,lead,Senior,5+ років,5865.0,7237.0,PL,2026-05-19,adzuna
lead generation manager,lead_generation,Middle,2-3 роки,,,PL,2026-05-19,adzuna
lead generation manager,lead_generation,Senior,5+ років,2805.0,4080.0,PL,2026-05-19,adzuna
magento developer,magento,Middle,2-3 роки,,,PL,2026-05-19,adzuna
magento developer,magento,Senior,5+ років,,,PL,2026-05-19,adzuna
marketing manager,marketing,Middle,2-3 роки,2932.0,4080.0,PL,2026-05-19,adzuna
marketing manager,marketing,Senior,5+ років,3060.0,4080.0,PL,2026-05-19,adzuna
marketing analyst,marketing_analyst,Middle,2-3 роки,,,PL,2026-05-19,adzuna
marketing analyst,marketing_analyst,Senior,5+ років,,,PL,2026-05-19,adzuna
.net maui developer,maui,Middle,2-3 роки,,,PL,2026-05-19,adzuna
.net maui developer,maui,Senior,5+ років,,,PL,2026-05-19,adzuna
media buyer,media_buying,Middle,2-3 роки,1020.0,1275.0,PL,2026-05-19,adzuna
media buyer,media_buying,Senior,5+ років,1020.0,1275.0,PL,2026-05-19,adzuna
machine learning engineer,ml_ai,Middle,2-3 роки,5998.0,7140.0,PL,2026-05-19,adzuna
machine learning engineer,ml_ai,Senior,5+ років,5610.0,7140.0,PL,2026-05-19,adzuna
motion designer,motion_design,Middle,2-3 роки,,,PL,2026-05-19,adzuna
motion designer,motion_design,Senior,5+ років,,,PL,2026-05-19,adzuna
microsoft dynamics developer,ms_dynamics,Middle,2-3 роки,7283.0,8568.0,PL,2026-05-19,adzuna
microsoft dynamics developer,ms_dynamics,Senior,5+ років,6854.0,8836.0,PL,2026-05-19,adzuna
no code developer,nocode,Middle,2-3 роки,,,PL,2026-05-19,adzuna
no code developer,nocode,Senior,5+ років,,,PL,2026-05-19,adzuna
node.js developer,node_js,Middle,2-3 роки,3442.0,4462.0,PL,2026-05-19,adzuna
node.js developer,node_js,Senior,5+ років,4651.0,6400.0,PL,2026-05-19,adzuna
odoo developer,odoo,Middle,2-3 роки,,,PL,2026-05-19,adzuna
odoo developer,odoo,Senior,5+ років,,,PL,2026-05-19,adzuna
penetration tester,penetration_tester,Middle,2-3 роки,,,PL,2026-05-19,adzuna
penetration tester,penetration_tester,Senior,5+ років,5569.0,6426.0,PL,2026-05-19,adzuna
php developer,php,Middle,2-3 роки,3060.0,4080.0,PL,2026-05-19,adzuna
php developer,php,Senior,5+ років,3315.0,4080.0,PL,2026-05-19,adzuna
ppc specialist,ppc,Middle,2-3 роки,1683.0,2448.0,PL,2026-05-19,adzuna
ppc specialist,ppc,Senior,5+ років,1683.0,2448.0,PL,2026-05-19,adzuna
pr manager,pr_manager,Middle,2-3 роки,,,PL,2026-05-19,adzuna
pr manager,pr_manager,Senior,5+ років,,,PL,2026-05-19,adzuna
product designer,product_design,Middle,2-3 роки,3965.0,5758.0,PL,2026-05-19,adzuna
product designer,product_design,Senior,5+ років,4845.0,6854.0,PL,2026-05-19,adzuna
product manager,product_manager,Middle,2-3 роки,4462.0,5610.0,PL,2026-05-19,adzuna
product manager,product_manager,Senior,5+ років,4590.0,5865.0,PL,2026-05-19,adzuna
product owner,product_owner,Middle,2-3 роки,5967.0,7446.0,PL,2026-05-19,adzuna
product owner,product_owner,Senior,5+ років,5967.0,7446.0,PL,2026-05-19,adzuna
IT project manager software,project_manager,Middle,2-3 роки,4284.0,5569.0,PL,2026-05-19,adzuna
IT project manager software,project_manager,Senior,5+ років,4284.0,5569.0,PL,2026-05-19,adzuna
python developer,python,Middle,2-3 роки,5569.0,6854.0,PL,2026-05-19,adzuna
python developer,python,Senior,5+ років,5207.0,6854.0,PL,2026-05-19,adzuna
qa engineer,qa,Middle,2-3 роки,3188.0,4208.0,PL,2026-05-19,adzuna
qa engineer,qa,Senior,5+ років,3315.0,4335.0,PL,2026-05-19,adzuna
qa automation engineer,qa_automation,Middle,2-3 роки,4284.0,5141.0,PL,2026-05-19,adzuna
qa automation engineer,qa_automation,Senior,5+ років,4284.0,5141.0,PL,2026-05-19,adzuna
manual qa tester,qa_manual,Middle,2-3 роки,2560.0,3733.0,PL,2026-05-19,adzuna
manual qa tester,qa_manual,Senior,5+ років,2560.0,3733.0,PL,2026-05-19,adzuna
react developer,react,Middle,2-3 роки,4080.0,5569.0,PL,2026-05-19,adzuna
react developer,react,Senior,5+ років,5569.0,6426.0,PL,2026-05-19,adzuna
react native developer,react_native,Middle,2-3 роки,4712.0,5998.0,PL,2026-05-19,adzuna
react native developer,react_native,Senior,5+ років,5141.0,6885.0,PL,2026-05-19,adzuna
it recruiter,recruiter,Middle,2-3 роки,2381.0,2837.0,PL,2026-05-19,adzuna
it recruiter,recruiter,Senior,5+ років,1912.0,2550.0,PL,2026-05-19,adzuna
ruby developer,ruby,Middle,2-3 роки,3570.0,4845.0,PL,2026-05-19,adzuna
ruby developer,ruby,Senior,5+ років,4208.0,5674.0,PL,2026-05-19,adzuna
rust developer,rust,Middle,2-3 роки,3825.0,6375.0,PL,2026-05-19,adzuna
rust developer,rust,Senior,5+ років,3825.0,6375.0,PL,2026-05-19,adzuna
sales manager,sales,Middle,2-3 роки,,,PL,2026-05-19,adzuna
sales manager,sales,Senior,5+ років,,,PL,2026-05-19,adzuna
sales director,sales_leadership,Middle,2-3 роки,4590.0,5610.0,PL,2026-05-19,adzuna
sales director,sales_leadership,Senior,5+ років,4590.0,5610.0,PL,2026-05-19,adzuna
sales manager,sales_manager,Middle,2-3 роки,,,PL,2026-05-19,adzuna
sales manager,sales_manager,Senior,5+ років,,,PL,2026-05-19,adzuna
salesforce developer,salesforce,Middle,2-3 роки,3435.0,5610.0,PL,2026-05-19,adzuna
salesforce developer,salesforce,Senior,5+ років,3435.0,5610.0,PL,2026-05-19,adzuna
sap developer,sap,Middle,2-3 роки,5569.0,6311.0,PL,2026-05-19,adzuna
sap developer,sap,Senior,5+ років,5569.0,6854.0,PL,2026-05-19,adzuna
scala developer,scala,Middle,2-3 роки,,,PL,2026-05-19,adzuna
scala developer,scala,Senior,5+ років,6854.0,8140.0,PL,2026-05-19,adzuna
scrum master,scrum_master,Middle,2-3 роки,3952.0,5312.0,PL,2026-05-19,adzuna
scrum master,scrum_master,Senior,5+ років,4080.0,5559.0,PL,2026-05-19,adzuna
security engineer,security,Middle,2-3 роки,4080.0,5100.0,PL,2026-05-19,adzuna
security engineer,security,Senior,5+ років,4718.0,7140.0,PL,2026-05-19,adzuna
security analyst,security_analyst,Middle,2-3 роки,3876.0,5623.0,PL,2026-05-19,adzuna
security analyst,security_analyst,Senior,5+ років,4284.0,5623.0,PL,2026-05-19,adzuna
seo specialist,seo,Middle,2-3 роки,1714.0,2601.0,PL,2026-05-19,adzuna
seo specialist,seo,Senior,5+ років,1749.0,2805.0,PL,2026-05-19,adzuna
social media manager,social_media,Middle,2-3 роки,1785.0,2550.0,PL,2026-05-19,adzuna
social media manager,social_media,Senior,5+ років,1785.0,2550.0,PL,2026-05-19,adzuna
sql dba database administrator,sql_dba,Middle,2-3 роки,,,PL,2026-05-19,adzuna
sql dba database administrator,sql_dba,Senior,5+ років,,,PL,2026-05-19,adzuna
technical support engineer,support,Middle,2-3 роки,3427.0,4080.0,PL,2026-05-19,adzuna
technical support engineer,support,Senior,5+ років,3427.0,4080.0,PL,2026-05-19,adzuna
svelte developer,svelte,Middle,2-3 роки,3672.0,6936.0,PL,2026-05-19,adzuna
svelte developer,svelte,Senior,5+ років,3672.0,6936.0,PL,2026-05-19,adzuna
symfony developer,symfony,Middle,2-3 роки,3060.0,4080.0,PL,2026-05-19,adzuna
symfony developer,symfony,Senior,5+ років,3427.0,4080.0,PL,2026-05-19,adzuna
system administrator linux,sysadmin,Middle,2-3 роки,2678.0,3825.0,PL,2026-05-19,adzuna
system administrator linux,sysadmin,Senior,5+ років,3124.0,4208.0,PL,2026-05-19,adzuna
ux designer,ui_ux,Middle,2-3 роки,4155.0,5100.0,PL,2026-05-19,adzuna
ux designer,ui_ux,Senior,5+ років,4080.0,5100.0,PL,2026-05-19,adzuna
unity developer,unity,Middle,2-3 роки,,,PL,2026-05-19,adzuna
unity developer,unity,Senior,5+ років,,,PL,2026-05-19,adzuna
unreal engine developer,unreal,Middle,2-3 роки,,,PL,2026-05-19,adzuna
unreal engine developer,unreal,Senior,5+ років,,,PL,2026-05-19,adzuna
ux researcher,ux_research,Middle,2-3 роки,3427.0,4712.0,PL,2026-05-19,adzuna
ux researcher,ux_research,Senior,5+ років,3850.0,4712.0,PL,2026-05-19,adzuna
vue.js developer,vue,Middle,2-3 роки,,,PL,2026-05-19,adzuna
vue.js developer,vue,Senior,5+ років,6426.0,7497.0,PL,2026-05-19,adzuna
winforms developer,winforms,Middle,2-3 роки,,,PL,2026-05-19,adzuna
winforms developer,winforms,Senior,5+ років,,,PL,2026-05-19,adzuna
wordpress developer,wordpress,Middle,2-3 роки,1435.0,2407.0,PL,2026-05-19,adzuna
wordpress developer,wordpress,Senior,5+ років,2295.0,3570.0,PL,2026-05-19,adzuna
wpf developer,wpf,Middle,2-3 роки,,,PL,2026-05-19,adzuna
wpf developer,wpf,Senior,5+ років,3825.0,4972.0,PL,2026-05-19,adzuna
xamarin developer,xamarin,Middle,2-3 роки,,,PL,2026-05-19,adzuna
xamarin developer,xamarin,Senior,5+ років,,,PL,2026-05-19,adzuna
yii developer,yii,Middle,2-3 роки,,,PL,2026-05-19,adzuna
yii developer,yii,Senior,5+ років,,,PL,2026-05-19,adzuna
2d animator,2d_animation,Middle,2-3 роки,3732.0,3732.0,UK,2026-05-19,adzuna
2d animator,2d_animation,Senior,5+ років,3934.0,3934.0,UK,2026-05-19,adzuna
2d artist,2d_artist,Middle,2-3 роки,4423.0,4423.0,UK,2026-05-19,adzuna
2d artist,2d_artist,Senior,5+ років,4423.0,4423.0,UK,2026-05-19,adzuna
3d animator,3d_animation,Middle,2-3 роки,4168.0,4612.0,UK,2026-05-19,adzuna
3d animator,3d_animation,Senior,5+ років,4590.0,4762.0,UK,2026-05-19,adzuna
3d artist,3d_artist,Middle,2-3 роки,4439.0,4583.0,UK,2026-05-19,adzuna
3d artist,3d_artist,Senior,5+ років,4479.0,4583.0,UK,2026-05-19,adzuna
accountant finance,accountant,Middle,2-3 роки,5821.0,5821.0,UK,2026-05-19,adzuna
accountant finance,accountant,Senior,5+ років,5943.0,5943.0,UK,2026-05-19,adzuna
affiliate manager,affiliate_manager,Middle,2-3 роки,4411.0,4521.0,UK,2026-05-19,adzuna
affiliate manager,affiliate_manager,Senior,5+ років,4415.0,4492.0,UK,2026-05-19,adzuna
android developer,android,Middle,2-3 роки,5910.0,5936.0,UK,2026-05-19,adzuna
android developer,android,Senior,5+ років,6060.0,6554.0,UK,2026-05-19,adzuna
angular developer,angular,Middle,2-3 роки,5285.0,5292.0,UK,2026-05-19,adzuna
angular developer,angular,Senior,5+ років,5440.0,6879.0,UK,2026-05-19,adzuna
asp.net developer,asp_net,Middle,2-3 роки,5292.0,6879.0,UK,2026-05-19,adzuna
asp.net developer,asp_net,Senior,5+ років,5556.0,6879.0,UK,2026-05-19,adzuna
blazor developer,blazor,Middle,2-3 роки,5292.0,6350.0,UK,2026-05-19,adzuna
blazor developer,blazor,Senior,5+ років,5292.0,6350.0,UK,2026-05-19,adzuna
business analyst IT,business_analyst,Middle,2-3 роки,5821.0,5821.0,UK,2026-05-19,adzuna
business analyst IT,business_analyst,Senior,5+ років,5770.0,5821.0,UK,2026-05-19,adzuna
c programmer,c,Middle,2-3 роки,,,UK,2026-05-19,adzuna
c programmer,c,Senior,5+ років,,,UK,2026-05-19,adzuna
chief business development officer,cbdo,Middle,2-3 роки,3851.0,3851.0,UK,2026-05-19,adzuna
chief business development officer,cbdo,Senior,5+ років,4697.0,4697.0,UK,2026-05-19,adzuna
chief commercial officer,cco,Middle,2-3 роки,6127.0,6220.0,UK,2026-05-19,adzuna
chief commercial officer,cco,Senior,5+ років,6220.0,6252.0,UK,2026-05-19,adzuna
chief executive officer tech,ceo,Middle,2-3 роки,,,UK,2026-05-19,adzuna
chief executive officer tech,ceo,Senior,5+ років,,,UK,2026-05-19,adzuna
chief financial officer tech,cfo,Middle,2-3 роки,,,UK,2026-05-19,adzuna
chief financial officer tech,cfo,Senior,5+ років,,,UK,2026-05-19,adzuna
chief information officer,cio,Middle,2-3 роки,7327.0,7327.0,UK,2026-05-19,adzuna
chief information officer,cio,Senior,5+ років,7324.0,7324.0,UK,2026-05-19,adzuna
chief marketing officer tech,cmo,Middle,2-3 роки,,,UK,2026-05-19,adzuna
chief marketing officer tech,cmo,Senior,5+ років,,,UK,2026-05-19,adzuna
content designer,content_design,Middle,2-3 роки,5355.0,5623.0,UK,2026-05-19,adzuna
content designer,content_design,Senior,5+ років,5327.0,5462.0,UK,2026-05-19,adzuna
content manager,content_manager,Middle,2-3 роки,4233.0,4267.0,UK,2026-05-19,adzuna
content manager,content_manager,Senior,5+ років,4233.0,4300.0,UK,2026-05-19,adzuna
content marketing manager,content_marketing,Middle,2-3 роки,3916.0,4233.0,UK,2026-05-19,adzuna
content marketing manager,content_marketing,Senior,5+ років,4233.0,4250.0,UK,2026-05-19,adzuna
content writer,content_writing,Middle,2-3 роки,3700.0,3704.0,UK,2026-05-19,adzuna
content writer,content_writing,Senior,5+ років,3704.0,3787.0,UK,2026-05-19,adzuna
chief operating officer,coo,Middle,2-3 роки,6836.0,7221.0,UK,2026-05-19,adzuna
chief operating officer,coo,Senior,5+ років,6836.0,7221.0,UK,2026-05-19,adzuna
c++ developer,cplusplus,Middle,2-3 роки,5899.0,6664.0,UK,2026-05-19,adzuna
c++ developer,cplusplus,Senior,5+ років,6366.0,6879.0,UK,2026-05-19,adzuna
chief product officer,cpo,Middle,2-3 роки,7716.0,8142.0,UK,2026-05-19,adzuna
chief product officer,cpo,Senior,5+ років,7482.0,7933.0,UK,2026-05-19,adzuna
c++ developer,cpp,Middle,2-3 роки,5899.0,6664.0,UK,2026-05-19,adzuna
c++ developer,cpp,Senior,5+ років,6366.0,6879.0,UK,2026-05-19,adzuna
chief technology officer,cto,Middle,2-3 роки,7877.0,8630.0,UK,2026-05-19,adzuna
chief technology officer,cto,Senior,5+ років,6890.0,7408.0,UK,2026-05-19,adzuna
data analyst,data_analyst,Middle,2-3 роки,3175.0,5292.0,UK,2026-05-19,adzuna
data analyst,data_analyst,Senior,5+ років,3175.0,5292.0,UK,2026-05-19,adzuna
data engineer,data_engineer,Middle,2-3 роки,6350.0,6937.0,UK,2026-05-19,adzuna
data engineer,data_engineer,Senior,5+ років,6879.0,7938.0,UK,2026-05-19,adzuna
data scientist,data_science,Middle,2-3 роки,2646.0,4762.0,UK,2026-05-19,adzuna
data scientist,data_science,Senior,5+ років,2646.0,4762.0,UK,2026-05-19,adzuna
delivery manager agile IT,delivery_manager,Middle,2-3 роки,,,UK,2026-05-19,adzuna
delivery manager agile IT,delivery_manager,Senior,5+ років,,,UK,2026-05-19,adzuna
graphic designer,design,Middle,2-3 роки,3175.0,3522.0,UK,2026-05-19,adzuna
graphic designer,design,Senior,5+ років,3175.0,3522.0,UK,2026-05-19,adzuna
devops engineer,dev_ops,Middle,2-3 роки,6736.0,7067.0,UK,2026-05-19,adzuna
devops engineer,dev_ops,Senior,5+ років,6898.0,7408.0,UK,2026-05-19,adzuna
digital marketing,digital_marketing,Middle,2-3 роки,3810.0,4224.0,UK,2026-05-19,adzuna
digital marketing,digital_marketing,Senior,5+ років,4007.0,4233.0,UK,2026-05-19,adzuna
digital marketing manager,digital_marketing_manager,Middle,2-3 роки,4762.0,5292.0,UK,2026-05-19,adzuna
digital marketing manager,digital_marketing_manager,Senior,5+ років,4762.0,5292.0,UK,2026-05-19,adzuna
.net developer,dotnet,Middle,2-3 роки,5292.0,7408.0,UK,2026-05-19,adzuna
.net developer,dotnet,Senior,5+ років,5292.0,7408.0,UK,2026-05-19,adzuna
.net cloud developer,dotnet_cloud,Middle,2-3 роки,4233.0,4868.0,UK,2026-05-19,adzuna
.net cloud developer,dotnet_cloud,Senior,5+ років,5492.0,5492.0,UK,2026-05-19,adzuna
.net desktop developer,dotnet_desktop,Middle,2-3 роки,4445.0,6879.0,UK,2026-05-19,adzuna
.net desktop developer,dotnet_desktop,Senior,5+ років,6350.0,8467.0,UK,2026-05-19,adzuna
.net mobile developer,dotnet_mobile,Middle,2-3 роки,4999.0,6350.0,UK,2026-05-19,adzuna
.net mobile developer,dotnet_mobile,Senior,5+ років,5675.0,6461.0,UK,2026-05-19,adzuna
asp.net web developer,dotnet_web,Middle,2-3 роки,8096.0,9049.0,UK,2026-05-19,adzuna
asp.net web developer,dotnet_web,Senior,5+ років,8096.0,8705.0,UK,2026-05-19,adzuna
drupal developer,drupal,Middle,2-3 роки,,,UK,2026-05-19,adzuna
drupal developer,drupal,Senior,5+ років,,,UK,2026-05-19,adzuna
elixir developer,elixir,Middle,2-3 роки,,,UK,2026-05-19,adzuna
elixir developer,elixir,Senior,5+ років,,,UK,2026-05-19,adzuna
embedded software engineer,embedded,Middle,2-3 роки,5292.0,6154.0,UK,2026-05-19,adzuna
embedded software engineer,embedded,Senior,5+ років,5821.0,6254.0,UK,2026-05-19,adzuna
software engineering manager,engineering_manager,Middle,2-3 роки,7594.0,7846.0,UK,2026-05-19,adzuna
software engineering manager,engineering_manager,Senior,5+ років,7462.0,7690.0,UK,2026-05-19,adzuna
erp developer,erp_systems,Middle,2-3 роки,5284.0,5768.0,UK,2026-05-19,adzuna
erp developer,erp_systems,Senior,5+ років,5703.0,6350.0,UK,2026-05-19,adzuna
finance manager,finance_manager,Middle,2-3 роки,5689.0,5689.0,UK,2026-05-19,adzuna
finance manager,finance_manager,Senior,5+ років,5689.0,5689.0,UK,2026-05-19,adzuna
financial analyst,finances,Middle,2-3 роки,4363.0,4461.0,UK,2026-05-19,adzuna
financial analyst,finances,Senior,5+ років,4897.0,5013.0,UK,2026-05-19,adzuna
financial analyst,financial_analyst,Middle,2-3 роки,4363.0,4461.0,UK,2026-05-19,adzuna
financial analyst,financial_analyst,Senior,5+ років,4897.0,5013.0,UK,2026-05-19,adzuna
flutter developer,flutter,Middle,2-3 роки,5292.0,5387.0,UK,2026-05-19,adzuna
flutter developer,flutter,Senior,5+ років,5292.0,5550.0,UK,2026-05-19,adzuna
fullstack developer,fullstack,Middle,2-3 роки,5244.0,5767.0,UK,2026-05-19,adzuna
fullstack developer,fullstack,Senior,5+ років,5845.0,6805.0,UK,2026-05-19,adzuna
game designer,game_design,Middle,2-3 роки,4558.0,4707.0,UK,2026-05-19,adzuna
game designer,game_design,Senior,5+ років,4698.0,4748.0,UK,2026-05-19,adzuna
game developer,game_developer,Middle,2-3 роки,4053.0,4215.0,UK,2026-05-19,adzuna
game developer,game_developer,Senior,5+ років,4010.0,4138.0,UK,2026-05-19,adzuna
unity developer,gamedev,Middle,2-3 роки,4037.0,4121.0,UK,2026-05-19,adzuna
unity developer,gamedev,Senior,5+ років,4086.0,4114.0,UK,2026-05-19,adzuna
golang developer,golang,Middle,2-3 роки,5982.0,7119.0,UK,2026-05-19,adzuna
golang developer,golang,Senior,5+ років,6041.0,7302.0,UK,2026-05-19,adzuna
graphic designer,graphic_design,Middle,2-3 роки,3175.0,3522.0,UK,2026-05-19,adzuna
graphic designer,graphic_design,Senior,5+ років,3175.0,3522.0,UK,2026-05-19,adzuna
head of software engineering,head_chief,Middle,2-3 роки,7938.0,10583.0,UK,2026-05-19,adzuna
head of software engineering,head_chief,Senior,5+ років,7918.0,8807.0,UK,2026-05-19,adzuna
hr manager,hr,Middle,2-3 роки,4543.0,4986.0,UK,2026-05-19,adzuna
hr manager,hr,Senior,5+ років,4576.0,5033.0,UK,2026-05-19,adzuna
illustrator designer,illustrator,Middle,2-3 роки,3618.0,3653.0,UK,2026-05-19,adzuna
illustrator designer,illustrator,Senior,5+ років,3743.0,3845.0,UK,2026-05-19,adzuna
information security engineer,information_security,Middle,2-3 роки,5747.0,5840.0,UK,2026-05-19,adzuna
information security engineer,information_security,Senior,5+ років,6107.0,6633.0,UK,2026-05-19,adzuna
ios developer,ios,Middle,2-3 роки,5868.0,6115.0,UK,2026-05-19,adzuna
ios developer,ios,Senior,5+ років,6302.0,6779.0,UK,2026-05-19,adzuna
java developer,java,Middle,2-3 роки,6084.0,6350.0,UK,2026-05-19,adzuna
java developer,java,Senior,5+ років,6321.0,6457.0,UK,2026-05-19,adzuna
javascript developer,javascript,Middle,2-3 роки,5046.0,5292.0,UK,2026-05-19,adzuna
javascript developer,javascript,Senior,5+ років,5295.0,5556.0,UK,2026-05-19,adzuna
kotlin developer,kotlin,Middle,2-3 роки,6748.0,7255.0,UK,2026-05-19,adzuna
kotlin developer,kotlin,Senior,5+ років,6989.0,7239.0,UK,2026-05-19,adzuna
laravel developer,laravel,Middle,2-3 роки,4762.0,5404.0,UK,2026-05-19,adzuna
laravel developer,laravel,Senior,5+ років,5292.0,5836.0,UK,2026-05-19,adzuna
tech lead,lead,Middle,2-3 роки,,,UK,2026-05-19,adzuna
tech lead,lead,Senior,5+ років,7259.0,7453.0,UK,2026-05-19,adzuna
lead generation manager,lead_generation,Middle,2-3 роки,4233.0,4762.0,UK,2026-05-19,adzuna
lead generation manager,lead_generation,Senior,5+ років,4310.0,4762.0,UK,2026-05-19,adzuna
magento developer,magento,Middle,2-3 роки,,,UK,2026-05-19,adzuna
magento developer,magento,Senior,5+ років,,,UK,2026-05-19,adzuna
marketing manager,marketing,Middle,2-3 роки,5158.0,5158.0,UK,2026-05-19,adzuna
marketing manager,marketing,Senior,5+ років,5239.0,5239.0,UK,2026-05-19,adzuna
marketing analyst,marketing_analyst,Middle,2-3 роки,4364.0,4815.0,UK,2026-05-19,adzuna
marketing analyst,marketing_analyst,Senior,5+ років,5037.0,5292.0,UK,2026-05-19,adzuna
.net maui developer,maui,Middle,2-3 роки,4999.0,4999.0,UK,2026-05-19,adzuna
.net maui developer,maui,Senior,5+ років,4999.0,4999.0,UK,2026-05-19,adzuna
media buyer,media_buying,Middle,2-3 роки,4487.0,5244.0,UK,2026-05-19,adzuna
media buyer,media_buying,Senior,5+ років,4621.0,5244.0,UK,2026-05-19,adzuna
machine learning engineer,ml_ai,Middle,2-3 роки,6676.0,6743.0,UK,2026-05-19,adzuna
machine learning engineer,ml_ai,Senior,5+ років,6817.0,6865.0,UK,2026-05-19,adzuna
motion designer,motion_design,Middle,2-3 роки,4612.0,4720.0,UK,2026-05-19,adzuna
motion designer,motion_design,Senior,5+ років,4762.0,4832.0,UK,2026-05-19,adzuna
microsoft dynamics developer,ms_dynamics,Middle,2-3 роки,6090.0,6660.0,UK,2026-05-19,adzuna
microsoft dynamics developer,ms_dynamics,Senior,5+ років,6220.0,6716.0,UK,2026-05-19,adzuna
no code developer,nocode,Middle,2-3 роки,5372.0,5704.0,UK,2026-05-19,adzuna
no code developer,nocode,Senior,5+ років,5578.0,5821.0,UK,2026-05-19,adzuna
node.js developer,node_js,Middle,2-3 роки,6193.0,6872.0,UK,2026-05-19,adzuna
node.js developer,node_js,Senior,5+ років,6657.0,6942.0,UK,2026-05-19,adzuna
odoo developer,odoo,Middle,2-3 роки,,,UK,2026-05-19,adzuna
odoo developer,odoo,Senior,5+ років,,,UK,2026-05-19,adzuna
penetration tester,penetration_tester,Middle,2-3 роки,4937.0,5507.0,UK,2026-05-19,adzuna
penetration tester,penetration_tester,Senior,5+ років,5916.0,6286.0,UK,2026-05-19,adzuna
php developer,php,Middle,2-3 роки,4233.0,5080.0,UK,2026-05-19,adzuna
php developer,php,Senior,5+ років,5292.0,5723.0,UK,2026-05-19,adzuna
ppc specialist,ppc,Middle,2-3 роки,3863.0,4620.0,UK,2026-05-19,adzuna
ppc specialist,ppc,Senior,5+ років,3958.0,4620.0,UK,2026-05-19,adzuna
pr manager,pr_manager,Middle,2-3 роки,3936.0,4348.0,UK,2026-05-19,adzuna
pr manager,pr_manager,Senior,5+ років,4142.0,4411.0,UK,2026-05-19,adzuna
product designer,product_design,Middle,2-3 роки,4762.0,5292.0,UK,2026-05-19,adzuna
product designer,product_design,Senior,5+ років,5136.0,5487.0,UK,2026-05-19,adzuna
product manager,product_manager,Middle,2-3 роки,6278.0,6350.0,UK,2026-05-19,adzuna
product manager,product_manager,Senior,5+ років,6344.0,6616.0,UK,2026-05-19,adzuna
product owner,product_owner,Middle,2-3 роки,6478.0,7046.0,UK,2026-05-19,adzuna
product owner,product_owner,Senior,5+ років,6492.0,7214.0,UK,2026-05-19,adzuna
IT project manager software,project_manager,Middle,2-3 роки,5292.0,6076.0,UK,2026-05-19,adzuna
IT project manager software,project_manager,Senior,5+ років,5292.0,6296.0,UK,2026-05-19,adzuna
python developer,python,Middle,2-3 роки,6974.0,7646.0,UK,2026-05-19,adzuna
python developer,python,Senior,5+ років,6864.0,7514.0,UK,2026-05-19,adzuna
qa engineer,qa,Middle,2-3 роки,4863.0,5189.0,UK,2026-05-19,adzuna
qa engineer,qa,Senior,5+ років,4976.0,5293.0,UK,2026-05-19,adzuna
qa automation engineer,qa_automation,Middle,2-3 роки,5853.0,6169.0,UK,2026-05-19,adzuna
qa automation engineer,qa_automation,Senior,5+ років,5946.0,6284.0,UK,2026-05-19,adzuna
manual qa tester,qa_manual,Middle,2-3 роки,4437.0,4529.0,UK,2026-05-19,adzuna
manual qa tester,qa_manual,Senior,5+ років,4683.0,4845.0,UK,2026-05-19,adzuna
react developer,react,Middle,2-3 роки,6011.0,6209.0,UK,2026-05-19,adzuna
react developer,react,Senior,5+ років,6707.0,7408.0,UK,2026-05-19,adzuna
react native developer,react_native,Middle,2-3 роки,5641.0,5856.0,UK,2026-05-19,adzuna
react native developer,react_native,Senior,5+ років,5832.0,5947.0,UK,2026-05-19,adzuna
it recruiter,recruiter,Middle,2-3 роки,4233.0,5292.0,UK,2026-05-19,adzuna
it recruiter,recruiter,Senior,5+ років,4708.0,5292.0,UK,2026-05-19,adzuna
ruby developer,ruby,Middle,2-3 роки,7376.0,7578.0,UK,2026-05-19,adzuna
ruby developer,ruby,Senior,5+ років,7408.0,7938.0,UK,2026-05-19,adzuna
rust developer,rust,Middle,2-3 роки,6922.0,6922.0,UK,2026-05-19,adzuna
rust developer,rust,Senior,5+ років,6960.0,6960.0,UK,2026-05-19,adzuna
sales manager,sales,Middle,2-3 роки,5389.0,5389.0,UK,2026-05-19,adzuna
sales manager,sales,Senior,5+ років,5608.0,5608.0,UK,2026-05-19,adzuna
sales director,sales_leadership,Middle,2-3 роки,8417.0,8480.0,UK,2026-05-19,adzuna
sales director,sales_leadership,Senior,5+ років,8417.0,8480.0,UK,2026-05-19,adzuna
sales manager,sales_manager,Middle,2-3 роки,5389.0,5389.0,UK,2026-05-19,adzuna
sales manager,sales_manager,Senior,5+ років,5608.0,5608.0,UK,2026-05-19,adzuna
salesforce developer,salesforce,Middle,2-3 роки,6468.0,6879.0,UK,2026-05-19,adzuna
salesforce developer,salesforce,Senior,5+ років,6923.0,7003.0,UK,2026-05-19,adzuna
sap developer,sap,Middle,2-3 роки,5609.0,5642.0,UK,2026-05-19,adzuna
sap developer,sap,Senior,5+ років,5647.0,5720.0,UK,2026-05-19,adzuna
scala developer,scala,Middle,2-3 роки,6992.0,6992.0,UK,2026-05-19,adzuna
scala developer,scala,Senior,5+ років,6912.0,6912.0,UK,2026-05-19,adzuna
scrum master,scrum_master,Middle,2-3 роки,5961.0,6009.0,UK,2026-05-19,adzuna
scrum master,scrum_master,Senior,5+ років,5968.0,6050.0,UK,2026-05-19,adzuna
security engineer,security,Middle,2-3 роки,4233.0,4233.0,UK,2026-05-19,adzuna
security engineer,security,Senior,5+ років,4762.0,4762.0,UK,2026-05-19,adzuna
security analyst,security_analyst,Middle,2-3 роки,5474.0,5821.0,UK,2026-05-19,adzuna
security analyst,security_analyst,Senior,5+ років,5486.0,5843.0,UK,2026-05-19,adzuna
seo specialist,seo,Middle,2-3 роки,4233.0,4745.0,UK,2026-05-19,adzuna
seo specialist,seo,Senior,5+ років,4233.0,4728.0,UK,2026-05-19,adzuna
social media manager,social_media,Middle,2-3 роки,3742.0,4233.0,UK,2026-05-19,adzuna
social media manager,social_media,Senior,5+ років,3932.0,4233.0,UK,2026-05-19,adzuna
sql dba database administrator,sql_dba,Middle,2-3 роки,4233.0,4762.0,UK,2026-05-19,adzuna
sql dba database administrator,sql_dba,Senior,5+ років,4233.0,4762.0,UK,2026-05-19,adzuna
technical support engineer,support,Middle,2-3 роки,3837.0,4233.0,UK,2026-05-19,adzuna
technical support engineer,support,Senior,5+ років,3837.0,4233.0,UK,2026-05-19,adzuna
svelte developer,svelte,Middle,2-3 роки,,,UK,2026-05-19,adzuna
svelte developer,svelte,Senior,5+ років,,,UK,2026-05-19,adzuna
symfony developer,symfony,Middle,2-3 роки,4233.0,4762.0,UK,2026-05-19,adzuna
symfony developer,symfony,Senior,5+ років,5292.0,6350.0,UK,2026-05-19,adzuna
system administrator linux,sysadmin,Middle,2-3 роки,6061.0,6592.0,UK,2026-05-19,adzuna
system administrator linux,sysadmin,Senior,5+ років,6278.0,6612.0,UK,2026-05-19,adzuna
ux designer,ui_ux,Middle,2-3 роки,5365.0,5365.0,UK,2026-05-19,adzuna
ux designer,ui_ux,Senior,5+ років,5703.0,5703.0,UK,2026-05-19,adzuna
unity developer,unity,Middle,2-3 роки,3975.0,4086.0,UK,2026-05-19,adzuna
unity developer,unity,Senior,5+ років,4076.0,4096.0,UK,2026-05-19,adzuna
unreal engine developer,unreal,Middle,2-3 роки,4215.0,4562.0,UK,2026-05-19,adzuna
unreal engine developer,unreal,Senior,5+ років,5015.0,5778.0,UK,2026-05-19,adzuna
ux researcher,ux_research,Middle,2-3 роки,5502.0,5502.0,UK,2026-05-19,adzuna
ux researcher,ux_research,Senior,5+ років,6425.0,6564.0,UK,2026-05-19,adzuna
vue.js developer,vue,Middle,2-3 роки,6350.0,6350.0,UK,2026-05-19,adzuna
vue.js developer,vue,Senior,5+ років,7185.0,7993.0,UK,2026-05-19,adzuna
winforms developer,winforms,Middle,2-3 роки,5365.0,6879.0,UK,2026-05-19,adzuna
winforms developer,winforms,Senior,5+ років,6879.0,8467.0,UK,2026-05-19,adzuna
wordpress developer,wordpress,Middle,2-3 роки,3175.0,3704.0,UK,2026-05-19,adzuna
wordpress developer,wordpress,Senior,5+ років,3476.0,3827.0,UK,2026-05-19,adzuna
wpf developer,wpf,Middle,2-3 роки,4762.0,6350.0,UK,2026-05-19,adzuna
wpf developer,wpf,Senior,5+ років,5292.0,6879.0,UK,2026-05-19,adzuna
xamarin developer,xamarin,Middle,2-3 роки,4330.0,4387.0,UK,2026-05-19,adzuna
xamarin developer,xamarin,Senior,5+ років,4330.0,4387.0,UK,2026-05-19,adzuna
yii developer,yii,Middle,2-3 роки,,,UK,2026-05-19,adzuna
yii developer,yii,Senior,5+ років,,,UK,2026-05-19,adzuna
2d animator,2d_animation,Middle,2-3 роки,6939.0,6998.0,US,2026-05-19,adzuna
2d animator,2d_animation,Senior,5+ років,7083.0,7185.0,US,2026-05-19,adzuna
2d artist,2d_artist,Middle,2-3 роки,7350.0,8448.0,US,2026-05-19,adzuna
2d artist,2d_artist,Senior,5+ років,7350.0,8448.0,US,2026-05-19,adzuna
3d animator,3d_animation,Middle,2-3 роки,6472.0,6657.0,US,2026-05-19,adzuna
3d animator,3d_animation,Senior,5+ років,6488.0,6660.0,US,2026-05-19,adzuna
3d artist,3d_artist,Middle,2-3 роки,6972.0,7495.0,US,2026-05-19,adzuna
3d artist,3d_artist,Senior,5+ років,7083.0,7500.0,US,2026-05-19,adzuna
accountant finance,accountant,Middle,2-3 роки,6150.0,7147.0,US,2026-05-19,adzuna
accountant finance,accountant,Senior,5+ років,6657.0,7214.0,US,2026-05-19,adzuna
affiliate manager,affiliate_manager,Middle,2-3 роки,6520.0,7194.0,US,2026-05-19,adzuna
affiliate manager,affiliate_manager,Senior,5+ років,6667.0,7500.0,US,2026-05-19,adzuna
android developer,android,Middle,2-3 роки,9058.0,10236.0,US,2026-05-19,adzuna
android developer,android,Senior,5+ років,8967.0,10322.0,US,2026-05-19,adzuna
angular developer,angular,Middle,2-3 роки,7997.0,7997.0,US,2026-05-19,adzuna
angular developer,angular,Senior,5+ років,8019.0,8019.0,US,2026-05-19,adzuna
asp.net developer,asp_net,Middle,2-3 роки,7884.0,8091.0,US,2026-05-19,adzuna
asp.net developer,asp_net,Senior,5+ років,7884.0,8091.0,US,2026-05-19,adzuna
blazor developer,blazor,Middle,2-3 роки,6888.0,6888.0,US,2026-05-19,adzuna
blazor developer,blazor,Senior,5+ років,7192.0,7266.0,US,2026-05-19,adzuna
business analyst IT,business_analyst,Middle,2-3 роки,4260.0,4260.0,US,2026-05-19,adzuna
business analyst IT,business_analyst,Senior,5+ років,4320.0,4320.0,US,2026-05-19,adzuna
c programmer,c,Middle,2-3 роки,8901.0,8901.0,US,2026-05-19,adzuna
c programmer,c,Senior,5+ років,9183.0,9214.0,US,2026-05-19,adzuna
chief business development officer,cbdo,Middle,2-3 роки,10000.0,10277.0,US,2026-05-19,adzuna
chief business development officer,cbdo,Senior,5+ років,10139.0,10428.0,US,2026-05-19,adzuna
chief commercial officer,cco,Middle,2-3 роки,14433.0,15220.0,US,2026-05-19,adzuna
chief commercial officer,cco,Senior,5+ років,15040.0,15801.0,US,2026-05-19,adzuna
chief executive officer tech,ceo,Middle,2-3 роки,,,US,2026-05-19,adzuna
chief executive officer tech,ceo,Senior,5+ років,,,US,2026-05-19,adzuna
chief financial officer tech,cfo,Middle,2-3 роки,,,US,2026-05-19,adzuna
chief financial officer tech,cfo,Senior,5+ років,,,US,2026-05-19,adzuna
chief information officer,cio,Middle,2-3 роки,14075.0,14211.0,US,2026-05-19,adzuna
chief information officer,cio,Senior,5+ років,14143.0,14244.0,US,2026-05-19,adzuna
chief marketing officer tech,cmo,Middle,2-3 роки,,,US,2026-05-19,adzuna
chief marketing officer tech,cmo,Senior,5+ років,,,US,2026-05-19,adzuna
content designer,content_design,Middle,2-3 роки,12601.0,12601.0,US,2026-05-19,adzuna
content designer,content_design,Senior,5+ років,12601.0,12601.0,US,2026-05-19,adzuna
content manager,content_manager,Middle,2-3 роки,5149.0,5149.0,US,2026-05-19,adzuna
content manager,content_manager,Senior,5+ років,8342.0,8342.0,US,2026-05-19,adzuna
content marketing manager,content_marketing,Middle,2-3 роки,8639.0,8639.0,US,2026-05-19,adzuna
content marketing manager,content_marketing,Senior,5+ років,9173.0,9173.0,US,2026-05-19,adzuna
content writer,content_writing,Middle,2-3 роки,5186.0,5768.0,US,2026-05-19,adzuna
content writer,content_writing,Senior,5+ років,5235.0,5819.0,US,2026-05-19,adzuna
chief operating officer,coo,Middle,2-3 роки,13790.0,14233.0,US,2026-05-19,adzuna
chief operating officer,coo,Senior,5+ років,13790.0,14233.0,US,2026-05-19,adzuna
c++ developer,cplusplus,Middle,2-3 роки,11585.0,11627.0,US,2026-05-19,adzuna
c++ developer,cplusplus,Senior,5+ років,11190.0,11294.0,US,2026-05-19,adzuna
chief product officer,cpo,Middle,2-3 роки,13416.0,13861.0,US,2026-05-19,adzuna
chief product officer,cpo,Senior,5+ років,14130.0,14167.0,US,2026-05-19,adzuna
c++ developer,cpp,Middle,2-3 роки,11585.0,11627.0,US,2026-05-19,adzuna
c++ developer,cpp,Senior,5+ років,11190.0,11294.0,US,2026-05-19,adzuna
chief technology officer,cto,Middle,2-3 роки,14898.0,16018.0,US,2026-05-19,adzuna
chief technology officer,cto,Senior,5+ років,14898.0,16018.0,US,2026-05-19,adzuna
data analyst,data_analyst,Middle,2-3 роки,9036.0,9036.0,US,2026-05-19,adzuna
data analyst,data_analyst,Senior,5+ років,8994.0,9066.0,US,2026-05-19,adzuna
data engineer,data_engineer,Middle,2-3 роки,9854.0,9926.0,US,2026-05-19,adzuna
data engineer,data_engineer,Senior,5+ років,9941.0,9971.0,US,2026-05-19,adzuna
data scientist,data_science,Middle,2-3 роки,10620.0,10930.0,US,2026-05-19,adzuna
data scientist,data_science,Senior,5+ років,11054.0,11238.0,US,2026-05-19,adzuna
delivery manager agile IT,delivery_manager,Middle,2-3 роки,,,US,2026-05-19,adzuna
delivery manager agile IT,delivery_manager,Senior,5+ років,,,US,2026-05-19,adzuna
graphic designer,design,Middle,2-3 роки,4717.0,4717.0,US,2026-05-19,adzuna
graphic designer,design,Senior,5+ років,4717.0,4717.0,US,2026-05-19,adzuna
devops engineer,dev_ops,Middle,2-3 роки,9745.0,10662.0,US,2026-05-19,adzuna
devops engineer,dev_ops,Senior,5+ років,10282.0,10856.0,US,2026-05-19,adzuna
digital marketing,digital_marketing,Middle,2-3 роки,7891.0,7891.0,US,2026-05-19,adzuna
digital marketing,digital_marketing,Senior,5+ років,7948.0,7948.0,US,2026-05-19,adzuna
digital marketing manager,digital_marketing_manager,Middle,2-3 роки,6510.0,6984.0,US,2026-05-19,adzuna
digital marketing manager,digital_marketing_manager,Senior,5+ років,6588.0,7008.0,US,2026-05-19,adzuna
.net developer,dotnet,Middle,2-3 роки,8014.0,8014.0,US,2026-05-19,adzuna
.net developer,dotnet,Senior,5+ років,8080.0,8080.0,US,2026-05-19,adzuna
.net cloud developer,dotnet_cloud,Middle,2-3 роки,11028.0,11094.0,US,2026-05-19,adzuna
.net cloud developer,dotnet_cloud,Senior,5+ років,10951.0,11256.0,US,2026-05-19,adzuna
.net desktop developer,dotnet_desktop,Middle,2-3 роки,9000.0,10111.0,US,2026-05-19,adzuna
.net desktop developer,dotnet_desktop,Senior,5+ років,9393.0,9968.0,US,2026-05-19,adzuna
.net mobile developer,dotnet_mobile,Middle,2-3 роки,8051.0,8051.0,US,2026-05-19,adzuna
.net mobile developer,dotnet_mobile,Senior,5+ років,9236.0,9236.0,US,2026-05-19,adzuna
asp.net web developer,dotnet_web,Middle,2-3 роки,8144.0,8414.0,US,2026-05-19,adzuna
asp.net web developer,dotnet_web,Senior,5+ років,8023.0,8264.0,US,2026-05-19,adzuna
drupal developer,drupal,Middle,2-3 роки,9140.0,10140.0,US,2026-05-19,adzuna
drupal developer,drupal,Senior,5+ років,9140.0,10062.0,US,2026-05-19,adzuna
elixir developer,elixir,Middle,2-3 роки,,,US,2026-05-19,adzuna
elixir developer,elixir,Senior,5+ років,13333.0,16739.0,US,2026-05-19,adzuna
embedded software engineer,embedded,Middle,2-3 роки,10752.0,10833.0,US,2026-05-19,adzuna
embedded software engineer,embedded,Senior,5+ років,10716.0,10793.0,US,2026-05-19,adzuna
software engineering manager,engineering_manager,Middle,2-3 роки,14794.0,14794.0,US,2026-05-19,adzuna
software engineering manager,engineering_manager,Senior,5+ років,14782.0,14782.0,US,2026-05-19,adzuna
erp developer,erp_systems,Middle,2-3 роки,8046.0,8174.0,US,2026-05-19,adzuna
erp developer,erp_systems,Senior,5+ років,8327.0,8768.0,US,2026-05-19,adzuna
finance manager,finance_manager,Middle,2-3 роки,6547.0,6547.0,US,2026-05-19,adzuna
finance manager,finance_manager,Senior,5+ років,6547.0,6547.0,US,2026-05-19,adzuna
financial analyst,finances,Middle,2-3 роки,6812.0,6812.0,US,2026-05-19,adzuna
financial analyst,finances,Senior,5+ років,7069.0,7175.0,US,2026-05-19,adzuna
financial analyst,financial_analyst,Middle,2-3 роки,6812.0,6812.0,US,2026-05-19,adzuna
financial analyst,financial_analyst,Senior,5+ років,7069.0,7175.0,US,2026-05-19,adzuna
flutter developer,flutter,Middle,2-3 роки,,,US,2026-05-19,adzuna
flutter developer,flutter,Senior,5+ років,15438.0,15438.0,US,2026-05-19,adzuna
fullstack developer,fullstack,Middle,2-3 роки,8618.0,8618.0,US,2026-05-19,adzuna
fullstack developer,fullstack,Senior,5+ років,8432.0,8432.0,US,2026-05-19,adzuna
game designer,game_design,Middle,2-3 роки,6575.0,7703.0,US,2026-05-19,adzuna
game designer,game_design,Senior,5+ років,6714.0,7816.0,US,2026-05-19,adzuna
game developer,game_developer,Middle,2-3 роки,6221.0,6786.0,US,2026-05-19,adzuna
game developer,game_developer,Senior,5+ років,6386.0,8146.0,US,2026-05-19,adzuna
unity developer,gamedev,Middle,2-3 роки,7217.0,7917.0,US,2026-05-19,adzuna
unity developer,gamedev,Senior,5+ років,8677.0,10198.0,US,2026-05-19,adzuna
golang developer,golang,Middle,2-3 роки,10173.0,10789.0,US,2026-05-19,adzuna
golang developer,golang,Senior,5+ років,10020.0,10659.0,US,2026-05-19,adzuna
graphic designer,graphic_design,Middle,2-3 роки,4717.0,4717.0,US,2026-05-19,adzuna
graphic designer,graphic_design,Senior,5+ років,4717.0,4717.0,US,2026-05-19,adzuna
head of software engineering,head_chief,Middle,2-3 роки,6415.0,6415.0,US,2026-05-19,adzuna
head of software engineering,head_chief,Senior,5+ років,6632.0,6632.0,US,2026-05-19,adzuna
hr manager,hr,Middle,2-3 роки,8014.0,8014.0,US,2026-05-19,adzuna
hr manager,hr,Senior,5+ років,8134.0,8134.0,US,2026-05-19,adzuna
illustrator designer,illustrator,Middle,2-3 роки,5899.0,6005.0,US,2026-05-19,adzuna
illustrator designer,illustrator,Senior,5+ років,5968.0,5986.0,US,2026-05-19,adzuna
information security engineer,information_security,Middle,2-3 роки,7752.0,7752.0,US,2026-05-19,adzuna
information security engineer,information_security,Senior,5+ років,9030.0,9030.0,US,2026-05-19,adzuna
ios developer,ios,Middle,2-3 роки,8957.0,8957.0,US,2026-05-19,adzuna
ios developer,ios,Senior,5+ років,9567.0,9567.0,US,2026-05-19,adzuna
java developer,java,Middle,2-3 роки,10617.0,10617.0,US,2026-05-19,adzuna
java developer,java,Senior,5+ років,10085.0,10085.0,US,2026-05-19,adzuna
javascript developer,javascript,Middle,2-3 роки,8869.0,9365.0,US,2026-05-19,adzuna
javascript developer,javascript,Senior,5+ років,13191.0,13233.0,US,2026-05-19,adzuna
kotlin developer,kotlin,Middle,2-3 роки,10224.0,10385.0,US,2026-05-19,adzuna
kotlin developer,kotlin,Senior,5+ років,10844.0,11730.0,US,2026-05-19,adzuna
laravel developer,laravel,Middle,2-3 роки,8899.0,9167.0,US,2026-05-19,adzuna
laravel developer,laravel,Senior,5+ років,9159.0,10000.0,US,2026-05-19,adzuna
tech lead,lead,Middle,2-3 роки,,,US,2026-05-19,adzuna
tech lead,lead,Senior,5+ років,11670.0,11670.0,US,2026-05-19,adzuna
lead generation manager,lead_generation,Middle,2-3 роки,6500.0,9167.0,US,2026-05-19,adzuna
lead generation manager,lead_generation,Senior,5+ років,6500.0,9167.0,US,2026-05-19,adzuna
magento developer,magento,Middle,2-3 роки,,,US,2026-05-19,adzuna
magento developer,magento,Senior,5+ років,,,US,2026-05-19,adzuna
marketing manager,marketing,Middle,2-3 роки,9112.0,9112.0,US,2026-05-19,adzuna
marketing manager,marketing,Senior,5+ років,9112.0,9257.0,US,2026-05-19,adzuna
marketing analyst,marketing_analyst,Middle,2-3 роки,6842.0,6842.0,US,2026-05-19,adzuna
marketing analyst,marketing_analyst,Senior,5+ років,8960.0,8960.0,US,2026-05-19,adzuna
.net maui developer,maui,Middle,2-3 роки,7760.0,7760.0,US,2026-05-19,adzuna
.net maui developer,maui,Senior,5+ років,8048.0,8048.0,US,2026-05-19,adzuna
media buyer,media_buying,Middle,2-3 роки,6149.0,6273.0,US,2026-05-19,adzuna
media buyer,media_buying,Senior,5+ років,6146.0,6250.0,US,2026-05-19,adzuna
machine learning engineer,ml_ai,Middle,2-3 роки,7335.0,7335.0,US,2026-05-19,adzuna
machine learning engineer,ml_ai,Senior,5+ років,10679.0,12137.0,US,2026-05-19,adzuna
motion designer,motion_design,Middle,2-3 роки,7807.0,9412.0,US,2026-05-19,adzuna
motion designer,motion_design,Senior,5+ років,8103.0,9925.0,US,2026-05-19,adzuna
microsoft dynamics developer,ms_dynamics,Middle,2-3 роки,10648.0,12444.0,US,2026-05-19,adzuna
microsoft dynamics developer,ms_dynamics,Senior,5+ років,14275.0,14312.0,US,2026-05-19,adzuna
no code developer,nocode,Middle,2-3 роки,10000.0,10241.0,US,2026-05-19,adzuna
no code developer,nocode,Senior,5+ років,7069.0,7069.0,US,2026-05-19,adzuna
node.js developer,node_js,Middle,2-3 роки,10001.0,10001.0,US,2026-05-19,adzuna
node.js developer,node_js,Senior,5+ років,9549.0,9886.0,US,2026-05-19,adzuna
odoo developer,odoo,Middle,2-3 роки,,,US,2026-05-19,adzuna
odoo developer,odoo,Senior,5+ років,7356.0,9167.0,US,2026-05-19,adzuna
penetration tester,penetration_tester,Middle,2-3 роки,9433.0,10276.0,US,2026-05-19,adzuna
penetration tester,penetration_tester,Senior,5+ років,10183.0,10805.0,US,2026-05-19,adzuna
php developer,php,Middle,2-3 роки,6692.0,7500.0,US,2026-05-19,adzuna
php developer,php,Senior,5+ років,7612.0,8070.0,US,2026-05-19,adzuna
ppc specialist,ppc,Middle,2-3 роки,4674.0,4806.0,US,2026-05-19,adzuna
ppc specialist,ppc,Senior,5+ років,4781.0,4858.0,US,2026-05-19,adzuna
pr manager,pr_manager,Middle,2-3 роки,9976.0,10430.0,US,2026-05-19,adzuna
pr manager,pr_manager,Senior,5+ років,10415.0,11284.0,US,2026-05-19,adzuna
product designer,product_design,Middle,2-3 роки,9567.0,9567.0,US,2026-05-19,adzuna
product designer,product_design,Senior,5+ років,9947.0,9947.0,US,2026-05-19,adzuna
product manager,product_manager,Middle,2-3 роки,8198.0,8198.0,US,2026-05-19,adzuna
product manager,product_manager,Senior,5+ років,8208.0,8208.0,US,2026-05-19,adzuna
product owner,product_owner,Middle,2-3 роки,9952.0,9952.0,US,2026-05-19,adzuna
product owner,product_owner,Senior,5+ років,9878.0,9878.0,US,2026-05-19,adzuna
IT project manager software,project_manager,Middle,2-3 роки,8442.0,8663.0,US,2026-05-19,adzuna
IT project manager software,project_manager,Senior,5+ років,8843.0,9006.0,US,2026-05-19,adzuna
python developer,python,Middle,2-3 роки,9487.0,9487.0,US,2026-05-19,adzuna
python developer,python,Senior,5+ років,8626.0,8626.0,US,2026-05-19,adzuna
qa engineer,qa,Middle,2-3 роки,8813.0,8813.0,US,2026-05-19,adzuna
qa engineer,qa,Senior,5+ років,8884.0,8884.0,US,2026-05-19,adzuna
qa automation engineer,qa_automation,Middle,2-3 роки,7056.0,7056.0,US,2026-05-19,adzuna
qa automation engineer,qa_automation,Senior,5+ років,7127.0,7127.0,US,2026-05-19,adzuna
manual qa tester,qa_manual,Middle,2-3 роки,6468.0,7264.0,US,2026-05-19,adzuna
manual qa tester,qa_manual,Senior,5+ років,6647.0,7414.0,US,2026-05-19,adzuna
react developer,react,Middle,2-3 роки,9178.0,9318.0,US,2026-05-19,adzuna
react developer,react,Senior,5+ років,9324.0,9378.0,US,2026-05-19,adzuna
react native developer,react_native,Middle,2-3 роки,9316.0,9316.0,US,2026-05-19,adzuna
react native developer,react_native,Senior,5+ років,10029.0,10214.0,US,2026-05-19,adzuna
it recruiter,recruiter,Middle,2-3 роки,6542.0,6542.0,US,2026-05-19,adzuna
it recruiter,recruiter,Senior,5+ років,6730.0,6745.0,US,2026-05-19,adzuna
ruby developer,ruby,Middle,2-3 роки,7728.0,9409.0,US,2026-05-19,adzuna
ruby developer,ruby,Senior,5+ років,9257.0,9823.0,US,2026-05-19,adzuna
rust developer,rust,Middle,2-3 роки,12636.0,12636.0,US,2026-05-19,adzuna
rust developer,rust,Senior,5+ років,12636.0,12925.0,US,2026-05-19,adzuna
sales manager,sales,Middle,2-3 роки,9611.0,9673.0,US,2026-05-19,adzuna
sales manager,sales,Senior,5+ років,9611.0,9673.0,US,2026-05-19,adzuna
sales director,sales_leadership,Middle,2-3 роки,9729.0,9729.0,US,2026-05-19,adzuna
sales director,sales_leadership,Senior,5+ років,9729.0,9729.0,US,2026-05-19,adzuna
sales manager,sales_manager,Middle,2-3 роки,9611.0,9673.0,US,2026-05-19,adzuna
sales manager,sales_manager,Senior,5+ років,9611.0,9673.0,US,2026-05-19,adzuna
salesforce developer,salesforce,Middle,2-3 роки,9901.0,9901.0,US,2026-05-19,adzuna
salesforce developer,salesforce,Senior,5+ років,8823.0,8823.0,US,2026-05-19,adzuna
sap developer,sap,Middle,2-3 роки,8632.0,8632.0,US,2026-05-19,adzuna
sap developer,sap,Senior,5+ років,10139.0,10911.0,US,2026-05-19,adzuna
scala developer,scala,Middle,2-3 роки,9665.0,9874.0,US,2026-05-19,adzuna
scala developer,scala,Senior,5+ років,9604.0,9837.0,US,2026-05-19,adzuna
scrum master,scrum_master,Middle,2-3 роки,8245.0,8245.0,US,2026-05-19,adzuna
scrum master,scrum_master,Senior,5+ років,8244.0,8244.0,US,2026-05-19,adzuna
security engineer,security,Middle,2-3 роки,9167.0,9276.0,US,2026-05-19,adzuna
security engineer,security,Senior,5+ років,11124.0,11272.0,US,2026-05-19,adzuna
security analyst,security_analyst,Middle,2-3 роки,7269.0,7500.0,US,2026-05-19,adzuna
security analyst,security_analyst,Senior,5+ років,7757.0,7843.0,US,2026-05-19,adzuna
seo specialist,seo,Middle,2-3 роки,6554.0,6554.0,US,2026-05-19,adzuna
seo specialist,seo,Senior,5+ років,6636.0,6636.0,US,2026-05-19,adzuna
social media manager,social_media,Middle,2-3 роки,4965.0,5036.0,US,2026-05-19,adzuna
social media manager,social_media,Senior,5+ років,5198.0,5272.0,US,2026-05-19,adzuna
sql dba database administrator,sql_dba,Middle,2-3 роки,9343.0,9343.0,US,2026-05-19,adzuna
sql dba database administrator,sql_dba,Senior,5+ років,9438.0,9473.0,US,2026-05-19,adzuna
technical support engineer,support,Middle,2-3 роки,8067.0,8067.0,US,2026-05-19,adzuna
technical support engineer,support,Senior,5+ років,8082.0,8082.0,US,2026-05-19,adzuna
svelte developer,svelte,Middle,2-3 роки,8023.0,11008.0,US,2026-05-19,adzuna
svelte developer,svelte,Senior,5+ років,11008.0,12975.0,US,2026-05-19,adzuna
symfony developer,symfony,Middle,2-3 роки,9330.0,9418.0,US,2026-05-19,adzuna
symfony developer,symfony,Senior,5+ років,9330.0,10419.0,US,2026-05-19,adzuna
system administrator linux,sysadmin,Middle,2-3 роки,8834.0,9496.0,US,2026-05-19,adzuna
system administrator linux,sysadmin,Senior,5+ років,9496.0,10458.0,US,2026-05-19,adzuna
ux designer,ui_ux,Middle,2-3 роки,8218.0,8218.0,US,2026-05-19,adzuna
ux designer,ui_ux,Senior,5+ років,8218.0,8218.0,US,2026-05-19,adzuna
unity developer,unity,Middle,2-3 роки,7217.0,7917.0,US,2026-05-19,adzuna
unity developer,unity,Senior,5+ років,8677.0,10198.0,US,2026-05-19,adzuna
unreal engine developer,unreal,Middle,2-3 роки,11326.0,11623.0,US,2026-05-19,adzuna
unreal engine developer,unreal,Senior,5+ років,10046.0,11235.0,US,2026-05-19,adzuna
ux researcher,ux_research,Middle,2-3 роки,11191.0,11293.0,US,2026-05-19,adzuna
ux researcher,ux_research,Senior,5+ років,11348.0,11435.0,US,2026-05-19,adzuna
vue.js developer,vue,Middle,2-3 роки,9021.0,9715.0,US,2026-05-19,adzuna
vue.js developer,vue,Senior,5+ років,9719.0,10371.0,US,2026-05-19,adzuna
winforms developer,winforms,Middle,2-3 роки,7087.0,7654.0,US,2026-05-19,adzuna
winforms developer,winforms,Senior,5+ років,8608.0,8954.0,US,2026-05-19,adzuna
wordpress developer,wordpress,Middle,2-3 роки,4736.0,5036.0,US,2026-05-19,adzuna
wordpress developer,wordpress,Senior,5+ років,4800.0,5141.0,US,2026-05-19,adzuna
wpf developer,wpf,Middle,2-3 роки,9625.0,9710.0,US,2026-05-19,adzuna
wpf developer,wpf,Senior,5+ років,9825.0,9843.0,US,2026-05-19,adzuna
xamarin developer,xamarin,Middle,2-3 роки,7072.0,7072.0,US,2026-05-19,adzuna
xamarin developer,xamarin,Senior,5+ років,8053.0,8814.0,US,2026-05-19,adzuna
yii developer,yii,Middle,2-3 роки,,,US,2026-05-19,adzuna
yii developer,yii,Senior,5+ років,,,US,2026-05-19,adzuna
2d animator,2d_animation,Middle,2-3 роки,,,DE,2026-05-20,adzuna
2d animator,2d_animation,Senior,5+ років,,,DE,2026-05-20,adzuna
2d animator,2d_animation,Middle,2-3 роки,,,DE,2026-05-20,adzuna
2d animator,2d_animation,Senior,5+ років,,,DE,2026-05-20,adzuna
2d animator,2d_animation,Middle,2-3 роки,,,DE,2026-05-20,adzuna
2d animator,2d_animation,Senior,5+ років,,,DE,2026-05-20,adzuna
2d animator,2d_animation,Middle,2-3 роки,,,DE,2026-05-20,adzuna
2d animator,2d_animation,Senior,5+ років,,,DE,2026-05-20,adzuna
2d animator,2d_animation,Middle,2-3 роки,,,DE,2026-05-20,adzuna
2d animator,2d_animation,Senior,5+ років,,,DE,2026-05-20,adzuna
2d artist,2d_artist,Middle,2-3 роки,,,DE,2026-05-20,adzuna
2d artist,2d_artist,Senior,5+ років,,,DE,2026-05-20,adzuna
2d artist,2d_artist,Middle,2-3 роки,,,DE,2026-05-20,adzuna
2d artist,2d_artist,Senior,5+ років,,,DE,2026-05-20,adzuna
2d artist,2d_artist,Middle,2-3 роки,,,DE,2026-05-20,adzuna
2d artist,2d_artist,Senior,5+ років,,,DE,2026-05-20,adzuna
2d artist,2d_artist,Middle,2-3 роки,,,DE,2026-05-20,adzuna
2d artist,2d_artist,Senior,5+ років,,,DE,2026-05-20,adzuna
2d artist,2d_artist,Middle,2-3 роки,,,DE,2026-05-20,adzuna
2d artist,2d_artist,Senior,5+ років,,,DE,2026-05-20,adzuna
3d animator,3d_animation,Middle,2-3 роки,,,DE,2026-05-20,adzuna
3d animator,3d_animation,Senior,5+ років,,,DE,2026-05-20,adzuna
3d animator,3d_animation,Middle,2-3 роки,,,DE,2026-05-20,adzuna
3d animator,3d_animation,Senior,5+ років,,,DE,2026-05-20,adzuna
3d animator,3d_animation,Middle,2-3 роки,,,DE,2026-05-20,adzuna
3d animator,3d_animation,Senior,5+ років,,,DE,2026-05-20,adzuna
3d animator,3d_animation,Middle,2-3 роки,,,DE,2026-05-20,adzuna
3d animator,3d_animation,Senior,5+ років,,,DE,2026-05-20,adzuna
3d animator,3d_animation,Middle,2-3 роки,,,DE,2026-05-20,adzuna
3d animator,3d_animation,Senior,5+ років,,,DE,2026-05-20,adzuna
3d artist,3d_artist,Middle,2-3 роки,,,DE,2026-05-20,adzuna
3d artist,3d_artist,Senior,5+ років,,,DE,2026-05-20,adzuna
3d artist,3d_artist,Middle,2-3 роки,,,DE,2026-05-20,adzuna
3d artist,3d_artist,Senior,5+ років,,,DE,2026-05-20,adzuna
3d artist,3d_artist,Middle,2-3 роки,,,DE,2026-05-20,adzuna
3d artist,3d_artist,Senior,5+ років,,,DE,2026-05-20,adzuna
3d artist,3d_artist,Middle,2-3 роки,,,DE,2026-05-20,adzuna
3d artist,3d_artist,Senior,5+ років,,,DE,2026-05-20,adzuna
3d artist,3d_artist,Middle,2-3 роки,,,DE,2026-05-20,adzuna
3d artist,3d_artist,Senior,5+ років,,,DE,2026-05-20,adzuna
accountant finance,accountant,Middle,2-3 роки,,,DE,2026-05-20,adzuna
accountant finance,accountant,Senior,5+ років,,,DE,2026-05-20,adzuna
accountant finance,accountant,Middle,2-3 роки,,,DE,2026-05-20,adzuna
accountant finance,accountant,Senior,5+ років,,,DE,2026-05-20,adzuna
accountant finance,accountant,Middle,2-3 роки,,,DE,2026-05-20,adzuna
accountant finance,accountant,Senior,5+ років,,,DE,2026-05-20,adzuna
accountant finance,accountant,Middle,2-3 роки,,,DE,2026-05-20,adzuna
accountant finance,accountant,Senior,5+ років,,,DE,2026-05-20,adzuna
accountant finance,accountant,Middle,2-3 роки,,,DE,2026-05-20,adzuna
accountant finance,accountant,Senior,5+ років,,,DE,2026-05-20,adzuna
affiliate manager,affiliate_manager,Middle,2-3 роки,,,DE,2026-05-20,adzuna
affiliate manager,affiliate_manager,Senior,5+ років,,,DE,2026-05-20,adzuna
affiliate manager,affiliate_manager,Middle,2-3 роки,,,DE,2026-05-20,adzuna
affiliate manager,affiliate_manager,Senior,5+ років,,,DE,2026-05-20,adzuna
affiliate manager,affiliate_manager,Middle,2-3 роки,,,DE,2026-05-20,adzuna
affiliate manager,affiliate_manager,Senior,5+ років,,,DE,2026-05-20,adzuna
affiliate manager,affiliate_manager,Middle,2-3 роки,,,DE,2026-05-20,adzuna
affiliate manager,affiliate_manager,Senior,5+ років,,,DE,2026-05-20,adzuna
affiliate manager,affiliate_manager,Middle,2-3 роки,,,DE,2026-05-20,adzuna
affiliate manager,affiliate_manager,Senior,5+ років,,,DE,2026-05-20,adzuna
android developer,android,Middle,2-3 роки,,,DE,2026-05-20,adzuna
android developer,android,Senior,5+ років,,,DE,2026-05-20,adzuna
android developer,android,Middle,2-3 роки,,,DE,2026-05-20,adzuna
android developer,android,Senior,5+ років,,,DE,2026-05-20,adzuna
android developer,android,Middle,2-3 роки,,,DE,2026-05-20,adzuna
android developer,android,Senior,5+ років,,,DE,2026-05-20,adzuna
android developer,android,Middle,2-3 роки,,,DE,2026-05-20,adzuna
android developer,android,Senior,5+ років,,,DE,2026-05-20,adzuna
android developer,android,Middle,2-3 роки,,,DE,2026-05-20,adzuna
android developer,android,Senior,5+ років,,,DE,2026-05-20,adzuna
angular developer,angular,Middle,2-3 роки,,,DE,2026-05-20,adzuna
angular developer,angular,Senior,5+ років,,,DE,2026-05-20,adzuna
angular developer,angular,Middle,2-3 роки,,,DE,2026-05-20,adzuna
angular developer,angular,Senior,5+ років,,,DE,2026-05-20,adzuna
angular developer,angular,Middle,2-3 роки,,,DE,2026-05-20,adzuna
angular developer,angular,Senior,5+ років,,,DE,2026-05-20,adzuna
angular developer,angular,Middle,2-3 роки,,,DE,2026-05-20,adzuna
angular developer,angular,Senior,5+ років,,,DE,2026-05-20,adzuna
angular developer,angular,Middle,2-3 роки,,,DE,2026-05-20,adzuna
angular developer,angular,Senior,5+ років,,,DE,2026-05-20,adzuna
asp.net developer,asp_net,Middle,2-3 роки,,,DE,2026-05-20,adzuna
asp.net developer,asp_net,Senior,5+ років,,,DE,2026-05-20,adzuna
asp.net developer,asp_net,Middle,2-3 роки,,,DE,2026-05-20,adzuna
asp.net developer,asp_net,Senior,5+ років,,,DE,2026-05-20,adzuna
asp.net developer,asp_net,Middle,2-3 роки,,,DE,2026-05-20,adzuna
asp.net developer,asp_net,Senior,5+ років,,,DE,2026-05-20,adzuna
asp.net developer,asp_net,Middle,2-3 роки,,,DE,2026-05-20,adzuna
asp.net developer,asp_net,Senior,5+ років,,,DE,2026-05-20,adzuna
asp.net developer,asp_net,Middle,2-3 роки,,,DE,2026-05-20,adzuna
asp.net developer,asp_net,Senior,5+ років,,,DE,2026-05-20,adzuna
blazor developer,blazor,Middle,2-3 роки,,,DE,2026-05-20,adzuna
blazor developer,blazor,Senior,5+ років,,,DE,2026-05-20,adzuna
blazor developer,blazor,Middle,2-3 роки,,,DE,2026-05-20,adzuna
blazor developer,blazor,Senior,5+ років,,,DE,2026-05-20,adzuna
blazor developer,blazor,Middle,2-3 роки,,,DE,2026-05-20,adzuna
blazor developer,blazor,Senior,5+ років,,,DE,2026-05-20,adzuna
blazor developer,blazor,Middle,2-3 роки,,,DE,2026-05-20,adzuna
blazor developer,blazor,Senior,5+ років,,,DE,2026-05-20,adzuna
blazor developer,blazor,Middle,2-3 роки,,,DE,2026-05-20,adzuna
blazor developer,blazor,Senior,5+ років,,,DE,2026-05-20,adzuna
business analyst IT,business_analyst,Middle,2-3 роки,5650.0,7533.0,DE,2026-05-20,adzuna
business analyst IT,business_analyst,Senior,5+ років,5650.0,7533.0,DE,2026-05-20,adzuna
business analyst IT,business_analyst,Middle,2-3 роки,5650.0,7533.0,DE,2026-05-20,adzuna
business analyst IT,business_analyst,Senior,5+ років,5650.0,7533.0,DE,2026-05-20,adzuna
business analyst IT,business_analyst,Middle,2-3 роки,5650.0,7533.0,DE,2026-05-20,adzuna
business analyst IT,business_analyst,Senior,5+ років,5650.0,7533.0,DE,2026-05-20,adzuna
business analyst IT,business_analyst,Middle,2-3 роки,5650.0,7533.0,DE,2026-05-20,adzuna
business analyst IT,business_analyst,Senior,5+ років,5650.0,7533.0,DE,2026-05-20,adzuna
business analyst IT,business_analyst,Middle,2-3 роки,5650.0,7533.0,DE,2026-05-20,adzuna
business analyst IT,business_analyst,Senior,5+ років,5650.0,7533.0,DE,2026-05-20,adzuna
c programmer,c,Middle,2-3 роки,,,DE,2026-05-20,adzuna
c programmer,c,Senior,5+ років,,,DE,2026-05-20,adzuna
c programmer,c,Middle,2-3 роки,,,DE,2026-05-20,adzuna
c programmer,c,Senior,5+ років,,,DE,2026-05-20,adzuna
c programmer,c,Middle,2-3 роки,,,DE,2026-05-20,adzuna
c programmer,c,Senior,5+ років,,,DE,2026-05-20,adzuna
c programmer,c,Middle,2-3 роки,,,DE,2026-05-20,adzuna
c programmer,c,Senior,5+ років,,,DE,2026-05-20,adzuna
c programmer,c,Middle,2-3 роки,,,DE,2026-05-20,adzuna
c programmer,c,Senior,5+ років,,,DE,2026-05-20,adzuna
chief business development officer,cbdo,Middle,2-3 роки,,,DE,2026-05-20,adzuna
chief business development officer,cbdo,Senior,5+ років,,,DE,2026-05-20,adzuna
chief business development officer,cbdo,Middle,2-3 роки,,,DE,2026-05-20,adzuna
chief business development officer,cbdo,Senior,5+ років,,,DE,2026-05-20,adzuna
chief business development officer,cbdo,Middle,2-3 роки,,,DE,2026-05-20,adzuna
chief business development officer,cbdo,Senior,5+ років,,,DE,2026-05-20,adzuna
chief business development officer,cbdo,Middle,2-3 роки,,,DE,2026-05-20,adzuna
chief business development officer,cbdo,Senior,5+ років,,,DE,2026-05-20,adzuna
chief business development officer,cbdo,Middle,2-3 роки,,,DE,2026-05-20,adzuna
chief business development officer,cbdo,Senior,5+ років,,,DE,2026-05-20,adzuna
chief commercial officer,cco,Middle,2-3 роки,,,DE,2026-05-20,adzuna
chief commercial officer,cco,Senior,5+ років,,,DE,2026-05-20,adzuna
chief commercial officer,cco,Middle,2-3 роки,,,DE,2026-05-20,adzuna
chief commercial officer,cco,Senior,5+ років,,,DE,2026-05-20,adzuna
chief commercial officer,cco,Middle,2-3 роки,,,DE,2026-05-20,adzuna
chief commercial officer,cco,Senior,5+ років,,,DE,2026-05-20,adzuna
chief commercial officer,cco,Middle,2-3 роки,,,DE,2026-05-20,adzuna
chief commercial officer,cco,Senior,5+ років,,,DE,2026-05-20,adzuna
chief commercial officer,cco,Middle,2-3 роки,,,DE,2026-05-20,adzuna
chief commercial officer,cco,Senior,5+ років,,,DE,2026-05-20,adzuna
chief executive officer tech,ceo,Middle,2-3 роки,,,DE,2026-05-20,adzuna
chief executive officer tech,ceo,Senior,5+ років,,,DE,2026-05-20,adzuna
chief executive officer tech,ceo,Middle,2-3 роки,,,DE,2026-05-20,adzuna
chief executive officer tech,ceo,Senior,5+ років,,,DE,2026-05-20,adzuna
chief executive officer tech,ceo,Middle,2-3 роки,,,DE,2026-05-20,adzuna
chief executive officer tech,ceo,Senior,5+ років,,,DE,2026-05-20,adzuna
chief executive officer tech,ceo,Middle,2-3 роки,,,DE,2026-05-20,adzuna
chief executive officer tech,ceo,Senior,5+ років,,,DE,2026-05-20,adzuna
chief executive officer tech,ceo,Middle,2-3 роки,,,DE,2026-05-20,adzuna
chief executive officer tech,ceo,Senior,5+ років,,,DE,2026-05-20,adzuna
chief financial officer tech,cfo,Middle,2-3 роки,,,DE,2026-05-20,adzuna
chief financial officer tech,cfo,Senior,5+ років,,,DE,2026-05-20,adzuna
chief financial officer tech,cfo,Middle,2-3 роки,,,DE,2026-05-20,adzuna
chief financial officer tech,cfo,Senior,5+ років,,,DE,2026-05-20,adzuna
chief financial officer tech,cfo,Middle,2-3 роки,,,DE,2026-05-20,adzuna
chief financial officer tech,cfo,Senior,5+ років,,,DE,2026-05-20,adzuna
chief financial officer tech,cfo,Middle,2-3 роки,,,DE,2026-05-20,adzuna
chief financial officer tech,cfo,Senior,5+ років,,,DE,2026-05-20,adzuna
chief financial officer tech,cfo,Middle,2-3 роки,,,DE,2026-05-20,adzuna
chief financial officer tech,cfo,Senior,5+ років,,,DE,2026-05-20,adzuna
chief information officer,cio,Middle,2-3 роки,,,DE,2026-05-20,adzuna
chief information officer,cio,Senior,5+ років,,,DE,2026-05-20,adzuna
chief information officer,cio,Middle,2-3 роки,,,DE,2026-05-20,adzuna
chief information officer,cio,Senior,5+ років,,,DE,2026-05-20,adzuna
chief information officer,cio,Middle,2-3 роки,,,DE,2026-05-20,adzuna
chief information officer,cio,Senior,5+ років,,,DE,2026-05-20,adzuna
chief information officer,cio,Middle,2-3 роки,,,DE,2026-05-20,adzuna
chief information officer,cio,Senior,5+ років,,,DE,2026-05-20,adzuna
chief information officer,cio,Middle,2-3 роки,,,DE,2026-05-20,adzuna
chief information officer,cio,Senior,5+ років,,,DE,2026-05-20,adzuna
chief marketing officer tech,cmo,Middle,2-3 роки,,,DE,2026-05-20,adzuna
chief marketing officer tech,cmo,Senior,5+ років,,,DE,2026-05-20,adzuna
chief marketing officer tech,cmo,Middle,2-3 роки,,,DE,2026-05-20,adzuna
chief marketing officer tech,cmo,Senior,5+ років,,,DE,2026-05-20,adzuna
chief marketing officer tech,cmo,Middle,2-3 роки,,,DE,2026-05-20,adzuna
chief marketing officer tech,cmo,Senior,5+ років,,,DE,2026-05-20,adzuna
chief marketing officer tech,cmo,Middle,2-3 роки,,,DE,2026-05-20,adzuna
chief marketing officer tech,cmo,Senior,5+ років,,,DE,2026-05-20,adzuna
chief marketing officer tech,cmo,Middle,2-3 роки,,,DE,2026-05-20,adzuna
chief marketing officer tech,cmo,Senior,5+ років,,,DE,2026-05-20,adzuna
content designer,content_design,Middle,2-3 роки,,,DE,2026-05-20,adzuna
content designer,content_design,Senior,5+ років,,,DE,2026-05-20,adzuna
content designer,content_design,Middle,2-3 роки,,,DE,2026-05-20,adzuna
content designer,content_design,Senior,5+ років,,,DE,2026-05-20,adzuna
content designer,content_design,Middle,2-3 роки,,,DE,2026-05-20,adzuna
content designer,content_design,Senior,5+ років,,,DE,2026-05-20,adzuna
content designer,content_design,Middle,2-3 роки,,,DE,2026-05-20,adzuna
content designer,content_design,Senior,5+ років,,,DE,2026-05-20,adzuna
content designer,content_design,Middle,2-3 роки,,,DE,2026-05-20,adzuna
content designer,content_design,Senior,5+ років,,,DE,2026-05-20,adzuna
content manager,content_manager,Middle,2-3 роки,,,DE,2026-05-20,adzuna
content manager,content_manager,Senior,5+ років,,,DE,2026-05-20,adzuna
content manager,content_manager,Middle,2-3 роки,,,DE,2026-05-20,adzuna
content manager,content_manager,Senior,5+ років,,,DE,2026-05-20,adzuna
content manager,content_manager,Middle,2-3 роки,,,DE,2026-05-20,adzuna
content manager,content_manager,Senior,5+ років,,,DE,2026-05-20,adzuna
content manager,content_manager,Middle,2-3 роки,,,DE,2026-05-20,adzuna
content manager,content_manager,Senior,5+ років,,,DE,2026-05-20,adzuna
content manager,content_manager,Middle,2-3 роки,,,DE,2026-05-20,adzuna
content manager,content_manager,Senior,5+ років,,,DE,2026-05-20,adzuna
content marketing manager,content_marketing,Middle,2-3 роки,,,DE,2026-05-20,adzuna
content marketing manager,content_marketing,Senior,5+ років,,,DE,2026-05-20,adzuna
content marketing manager,content_marketing,Middle,2-3 роки,,,DE,2026-05-20,adzuna
content marketing manager,content_marketing,Senior,5+ років,,,DE,2026-05-20,adzuna
content marketing manager,content_marketing,Middle,2-3 роки,,,DE,2026-05-20,adzuna
content marketing manager,content_marketing,Senior,5+ років,,,DE,2026-05-20,adzuna
content marketing manager,content_marketing,Middle,2-3 роки,,,DE,2026-05-20,adzuna
content marketing manager,content_marketing,Senior,5+ років,,,DE,2026-05-20,adzuna
content marketing manager,content_marketing,Middle,2-3 роки,,,DE,2026-05-20,adzuna
content marketing manager,content_marketing,Senior,5+ років,,,DE,2026-05-20,adzuna
content writer,content_writing,Middle,2-3 роки,,,DE,2026-05-20,adzuna
content writer,content_writing,Senior,5+ років,,,DE,2026-05-20,adzuna
content writer,content_writing,Middle,2-3 роки,,,DE,2026-05-20,adzuna
content writer,content_writing,Senior,5+ років,,,DE,2026-05-20,adzuna
content writer,content_writing,Middle,2-3 роки,,,DE,2026-05-20,adzuna
content writer,content_writing,Senior,5+ років,,,DE,2026-05-20,adzuna
content writer,content_writing,Middle,2-3 роки,,,DE,2026-05-20,adzuna
content writer,content_writing,Senior,5+ років,,,DE,2026-05-20,adzuna
content writer,content_writing,Middle,2-3 роки,,,DE,2026-05-20,adzuna
content writer,content_writing,Senior,5+ років,,,DE,2026-05-20,adzuna
chief operating officer,coo,Middle,2-3 роки,,,DE,2026-05-20,adzuna
chief operating officer,coo,Senior,5+ років,,,DE,2026-05-20,adzuna
chief operating officer,coo,Middle,2-3 роки,,,DE,2026-05-20,adzuna
chief operating officer,coo,Senior,5+ років,,,DE,2026-05-20,adzuna
chief operating officer,coo,Middle,2-3 роки,,,DE,2026-05-20,adzuna
chief operating officer,coo,Senior,5+ років,,,DE,2026-05-20,adzuna
chief operating officer,coo,Middle,2-3 роки,,,DE,2026-05-20,adzuna
chief operating officer,coo,Senior,5+ років,,,DE,2026-05-20,adzuna
chief operating officer,coo,Middle,2-3 роки,,,DE,2026-05-20,adzuna
chief operating officer,coo,Senior,5+ років,,,DE,2026-05-20,adzuna
c++ developer,cplusplus,Middle,2-3 роки,5885.0,7298.0,DE,2026-05-20,adzuna
c++ developer,cplusplus,Senior,5+ років,5885.0,7298.0,DE,2026-05-20,adzuna
c++ developer,cplusplus,Middle,2-3 роки,5885.0,7298.0,DE,2026-05-20,adzuna
c++ developer,cplusplus,Senior,5+ років,5885.0,7298.0,DE,2026-05-20,adzuna
c++ developer,cplusplus,Middle,2-3 роки,5885.0,7298.0,DE,2026-05-20,adzuna
c++ developer,cplusplus,Senior,5+ років,5885.0,7298.0,DE,2026-05-20,adzuna
c++ developer,cplusplus,Middle,2-3 роки,5885.0,7298.0,DE,2026-05-20,adzuna
c++ developer,cplusplus,Senior,5+ років,5885.0,7298.0,DE,2026-05-20,adzuna
c++ developer,cplusplus,Middle,2-3 роки,5885.0,7298.0,DE,2026-05-20,adzuna
c++ developer,cplusplus,Senior,5+ років,5885.0,7298.0,DE,2026-05-20,adzuna
chief product officer,cpo,Middle,2-3 роки,,,DE,2026-05-20,adzuna
chief product officer,cpo,Senior,5+ років,,,DE,2026-05-20,adzuna
chief product officer,cpo,Middle,2-3 роки,,,DE,2026-05-20,adzuna
chief product officer,cpo,Senior,5+ років,,,DE,2026-05-20,adzuna
chief product officer,cpo,Middle,2-3 роки,,,DE,2026-05-20,adzuna
chief product officer,cpo,Senior,5+ років,,,DE,2026-05-20,adzuna
chief product officer,cpo,Middle,2-3 роки,,,DE,2026-05-20,adzuna
chief product officer,cpo,Senior,5+ років,,,DE,2026-05-20,adzuna
chief product officer,cpo,Middle,2-3 роки,,,DE,2026-05-20,adzuna
chief product officer,cpo,Senior,5+ років,,,DE,2026-05-20,adzuna
c++ developer,cpp,Middle,2-3 роки,5885.0,7298.0,DE,2026-05-20,adzuna
c++ developer,cpp,Senior,5+ років,5885.0,7298.0,DE,2026-05-20,adzuna
c++ developer,cpp,Middle,2-3 роки,5885.0,7298.0,DE,2026-05-20,adzuna
c++ developer,cpp,Senior,5+ років,5885.0,7298.0,DE,2026-05-20,adzuna
c++ developer,cpp,Middle,2-3 роки,5885.0,7298.0,DE,2026-05-20,adzuna
c++ developer,cpp,Senior,5+ років,5885.0,7298.0,DE,2026-05-20,adzuna
c++ developer,cpp,Middle,2-3 роки,5885.0,7298.0,DE,2026-05-20,adzuna
c++ developer,cpp,Senior,5+ років,5885.0,7298.0,DE,2026-05-20,adzuna
c++ developer,cpp,Middle,2-3 роки,5885.0,7298.0,DE,2026-05-20,adzuna
c++ developer,cpp,Senior,5+ років,5885.0,7298.0,DE,2026-05-20,adzuna
chief technology officer,cto,Middle,2-3 роки,,,DE,2026-05-20,adzuna
chief technology officer,cto,Senior,5+ років,8946.0,12242.0,DE,2026-05-20,adzuna
chief technology officer,cto,Middle,2-3 роки,,,DE,2026-05-20,adzuna
chief technology officer,cto,Senior,5+ років,8946.0,12242.0,DE,2026-05-20,adzuna
chief technology officer,cto,Middle,2-3 роки,,,DE,2026-05-20,adzuna
chief technology officer,cto,Senior,5+ років,8946.0,12242.0,DE,2026-05-20,adzuna
chief technology officer,cto,Middle,2-3 роки,,,DE,2026-05-20,adzuna
chief technology officer,cto,Senior,5+ років,8946.0,12242.0,DE,2026-05-20,adzuna
chief technology officer,cto,Middle,2-3 роки,,,DE,2026-05-20,adzuna
chief technology officer,cto,Senior,5+ років,8946.0,12242.0,DE,2026-05-20,adzuna
data analyst,data_analyst,Middle,2-3 роки,,,DE,2026-05-20,adzuna
data analyst,data_analyst,Senior,5+ років,,,DE,2026-05-20,adzuna
data analyst,data_analyst,Middle,2-3 роки,,,DE,2026-05-20,adzuna
data analyst,data_analyst,Senior,5+ років,,,DE,2026-05-20,adzuna
data analyst,data_analyst,Middle,2-3 роки,,,DE,2026-05-20,adzuna
data analyst,data_analyst,Senior,5+ років,,,DE,2026-05-20,adzuna
data analyst,data_analyst,Middle,2-3 роки,,,DE,2026-05-20,adzuna
data analyst,data_analyst,Senior,5+ років,,,DE,2026-05-20,adzuna
data analyst,data_analyst,Middle,2-3 роки,,,DE,2026-05-20,adzuna
data analyst,data_analyst,Senior,5+ років,,,DE,2026-05-20,adzuna
data engineer,data_engineer,Middle,2-3 роки,,,DE,2026-05-20,adzuna
data engineer,data_engineer,Senior,5+ років,,,DE,2026-05-20,adzuna
data engineer,data_engineer,Middle,2-3 роки,,,DE,2026-05-20,adzuna
data engineer,data_engineer,Senior,5+ років,,,DE,2026-05-20,adzuna
data engineer,data_engineer,Middle,2-3 роки,,,DE,2026-05-20,adzuna
data engineer,data_engineer,Senior,5+ років,,,DE,2026-05-20,adzuna
data engineer,data_engineer,Middle,2-3 роки,,,DE,2026-05-20,adzuna
data engineer,data_engineer,Senior,5+ років,,,DE,2026-05-20,adzuna
data engineer,data_engineer,Middle,2-3 роки,,,DE,2026-05-20,adzuna
data engineer,data_engineer,Senior,5+ років,,,DE,2026-05-20,adzuna
data scientist,data_science,Middle,2-3 роки,7298.0,13183.0,DE,2026-05-20,adzuna
data scientist,data_science,Senior,5+ років,7298.0,13183.0,DE,2026-05-20,adzuna
data scientist,data_science,Middle,2-3 роки,7298.0,13183.0,DE,2026-05-20,adzuna
data scientist,data_science,Senior,5+ років,7298.0,13183.0,DE,2026-05-20,adzuna
data scientist,data_science,Middle,2-3 роки,7298.0,13183.0,DE,2026-05-20,adzuna
data scientist,data_science,Senior,5+ років,7298.0,13183.0,DE,2026-05-20,adzuna
data scientist,data_science,Middle,2-3 роки,7298.0,13183.0,DE,2026-05-20,adzuna
data scientist,data_science,Senior,5+ років,7298.0,13183.0,DE,2026-05-20,adzuna
data scientist,data_science,Middle,2-3 роки,7298.0,13183.0,DE,2026-05-20,adzuna
data scientist,data_science,Senior,5+ років,7298.0,13183.0,DE,2026-05-20,adzuna
delivery manager agile IT,delivery_manager,Middle,2-3 роки,,,DE,2026-05-20,adzuna
delivery manager agile IT,delivery_manager,Senior,5+ років,,,DE,2026-05-20,adzuna
delivery manager agile IT,delivery_manager,Middle,2-3 роки,,,DE,2026-05-20,adzuna
delivery manager agile IT,delivery_manager,Senior,5+ років,,,DE,2026-05-20,adzuna
delivery manager agile IT,delivery_manager,Middle,2-3 роки,,,DE,2026-05-20,adzuna
delivery manager agile IT,delivery_manager,Senior,5+ років,,,DE,2026-05-20,adzuna
delivery manager agile IT,delivery_manager,Middle,2-3 роки,,,DE,2026-05-20,adzuna
delivery manager agile IT,delivery_manager,Senior,5+ років,,,DE,2026-05-20,adzuna
delivery manager agile IT,delivery_manager,Middle,2-3 роки,,,DE,2026-05-20,adzuna
delivery manager agile IT,delivery_manager,Senior,5+ років,,,DE,2026-05-20,adzuna
graphic designer,design,Middle,2-3 роки,,,DE,2026-05-20,adzuna
graphic designer,design,Senior,5+ років,,,DE,2026-05-20,adzuna
graphic designer,design,Middle,2-3 роки,,,DE,2026-05-20,adzuna
graphic designer,design,Senior,5+ років,,,DE,2026-05-20,adzuna
graphic designer,design,Middle,2-3 роки,,,DE,2026-05-20,adzuna
graphic designer,design,Senior,5+ років,,,DE,2026-05-20,adzuna
graphic designer,design,Middle,2-3 роки,,,DE,2026-05-20,adzuna
graphic designer,design,Senior,5+ років,,,DE,2026-05-20,adzuna
graphic designer,design,Middle,2-3 роки,,,DE,2026-05-20,adzuna
graphic designer,design,Senior,5+ років,,,DE,2026-05-20,adzuna
devops engineer,dev_ops,Middle,2-3 роки,,,DE,2026-05-20,adzuna
devops engineer,dev_ops,Senior,5+ років,,,DE,2026-05-20,adzuna
devops engineer,dev_ops,Middle,2-3 роки,,,DE,2026-05-20,adzuna
devops engineer,dev_ops,Senior,5+ років,,,DE,2026-05-20,adzuna
devops engineer,dev_ops,Middle,2-3 роки,,,DE,2026-05-20,adzuna
devops engineer,dev_ops,Senior,5+ років,,,DE,2026-05-20,adzuna
devops engineer,dev_ops,Middle,2-3 роки,,,DE,2026-05-20,adzuna
devops engineer,dev_ops,Senior,5+ років,,,DE,2026-05-20,adzuna
devops engineer,dev_ops,Middle,2-3 роки,,,DE,2026-05-20,adzuna
devops engineer,dev_ops,Senior,5+ років,,,DE,2026-05-20,adzuna
digital marketing,digital_marketing,Middle,2-3 роки,,,DE,2026-05-20,adzuna
digital marketing,digital_marketing,Senior,5+ років,,,DE,2026-05-20,adzuna
digital marketing,digital_marketing,Middle,2-3 роки,,,DE,2026-05-20,adzuna
digital marketing,digital_marketing,Senior,5+ років,,,DE,2026-05-20,adzuna
digital marketing,digital_marketing,Middle,2-3 роки,,,DE,2026-05-20,adzuna
digital marketing,digital_marketing,Senior,5+ років,,,DE,2026-05-20,adzuna
digital marketing,digital_marketing,Middle,2-3 роки,,,DE,2026-05-20,adzuna
digital marketing,digital_marketing,Senior,5+ років,,,DE,2026-05-20,adzuna
digital marketing,digital_marketing,Middle,2-3 роки,,,DE,2026-05-20,adzuna
digital marketing,digital_marketing,Senior,5+ років,,,DE,2026-05-20,adzuna
digital marketing manager,digital_marketing_manager,Middle,2-3 роки,,,DE,2026-05-20,adzuna
digital marketing manager,digital_marketing_manager,Senior,5+ років,,,DE,2026-05-20,adzuna
digital marketing manager,digital_marketing_manager,Middle,2-3 роки,,,DE,2026-05-20,adzuna
digital marketing manager,digital_marketing_manager,Senior,5+ років,,,DE,2026-05-20,adzuna
digital marketing manager,digital_marketing_manager,Middle,2-3 роки,,,DE,2026-05-20,adzuna
digital marketing manager,digital_marketing_manager,Senior,5+ років,,,DE,2026-05-20,adzuna
digital marketing manager,digital_marketing_manager,Middle,2-3 роки,,,DE,2026-05-20,adzuna
digital marketing manager,digital_marketing_manager,Senior,5+ років,,,DE,2026-05-20,adzuna
digital marketing manager,digital_marketing_manager,Middle,2-3 роки,,,DE,2026-05-20,adzuna
digital marketing manager,digital_marketing_manager,Senior,5+ років,,,DE,2026-05-20,adzuna
.net developer,dotnet,Middle,2-3 роки,,,DE,2026-05-20,adzuna
.net developer,dotnet,Senior,5+ років,6592.0,8004.0,DE,2026-05-20,adzuna
.net developer,dotnet,Middle,2-3 роки,,,DE,2026-05-20,adzuna
.net developer,dotnet,Senior,5+ років,6592.0,8004.0,DE,2026-05-20,adzuna
.net developer,dotnet,Middle,2-3 роки,,,DE,2026-05-20,adzuna
.net developer,dotnet,Senior,5+ років,6592.0,8004.0,DE,2026-05-20,adzuna
.net developer,dotnet,Middle,2-3 роки,,,DE,2026-05-20,adzuna
.net developer,dotnet,Senior,5+ років,6592.0,8004.0,DE,2026-05-20,adzuna
.net developer,dotnet,Middle,2-3 роки,,,DE,2026-05-20,adzuna
.net developer,dotnet,Senior,5+ років,6592.0,8004.0,DE,2026-05-20,adzuna
.net cloud developer,dotnet_cloud,Middle,2-3 роки,,,DE,2026-05-20,adzuna
.net cloud developer,dotnet_cloud,Senior,5+ років,,,DE,2026-05-20,adzuna
.net cloud developer,dotnet_cloud,Middle,2-3 роки,,,DE,2026-05-20,adzuna
.net cloud developer,dotnet_cloud,Senior,5+ років,,,DE,2026-05-20,adzuna
.net cloud developer,dotnet_cloud,Middle,2-3 роки,,,DE,2026-05-20,adzuna
.net cloud developer,dotnet_cloud,Senior,5+ років,,,DE,2026-05-20,adzuna
.net cloud developer,dotnet_cloud,Middle,2-3 роки,,,DE,2026-05-20,adzuna
.net cloud developer,dotnet_cloud,Senior,5+ років,,,DE,2026-05-20,adzuna
.net cloud developer,dotnet_cloud,Middle,2-3 роки,,,DE,2026-05-20,adzuna
.net cloud developer,dotnet_cloud,Senior,5+ років,,,DE,2026-05-20,adzuna
.net desktop developer,dotnet_desktop,Middle,2-3 роки,,,DE,2026-05-20,adzuna
.net desktop developer,dotnet_desktop,Senior,5+ років,,,DE,2026-05-20,adzuna
.net desktop developer,dotnet_desktop,Middle,2-3 роки,,,DE,2026-05-20,adzuna
.net desktop developer,dotnet_desktop,Senior,5+ років,,,DE,2026-05-20,adzuna
.net desktop developer,dotnet_desktop,Middle,2-3 роки,,,DE,2026-05-20,adzuna
.net desktop developer,dotnet_desktop,Senior,5+ років,,,DE,2026-05-20,adzuna
.net desktop developer,dotnet_desktop,Middle,2-3 роки,,,DE,2026-05-20,adzuna
.net desktop developer,dotnet_desktop,Senior,5+ років,,,DE,2026-05-20,adzuna
.net desktop developer,dotnet_desktop,Middle,2-3 роки,,,DE,2026-05-20,adzuna
.net desktop developer,dotnet_desktop,Senior,5+ років,,,DE,2026-05-20,adzuna
.net mobile developer,dotnet_mobile,Middle,2-3 роки,,,DE,2026-05-20,adzuna
.net mobile developer,dotnet_mobile,Senior,5+ років,,,DE,2026-05-20,adzuna
.net mobile developer,dotnet_mobile,Middle,2-3 роки,,,DE,2026-05-20,adzuna
.net mobile developer,dotnet_mobile,Senior,5+ років,,,DE,2026-05-20,adzuna
.net mobile developer,dotnet_mobile,Middle,2-3 роки,,,DE,2026-05-20,adzuna
.net mobile developer,dotnet_mobile,Senior,5+ років,,,DE,2026-05-20,adzuna
.net mobile developer,dotnet_mobile,Middle,2-3 роки,,,DE,2026-05-20,adzuna
.net mobile developer,dotnet_mobile,Senior,5+ років,,,DE,2026-05-20,adzuna
.net mobile developer,dotnet_mobile,Middle,2-3 роки,,,DE,2026-05-20,adzuna
.net mobile developer,dotnet_mobile,Senior,5+ років,,,DE,2026-05-20,adzuna
asp.net web developer,dotnet_web,Middle,2-3 роки,,,DE,2026-05-20,adzuna
asp.net web developer,dotnet_web,Senior,5+ років,,,DE,2026-05-20,adzuna
asp.net web developer,dotnet_web,Middle,2-3 роки,,,DE,2026-05-20,adzuna
asp.net web developer,dotnet_web,Senior,5+ років,,,DE,2026-05-20,adzuna
asp.net web developer,dotnet_web,Middle,2-3 роки,,,DE,2026-05-20,adzuna
asp.net web developer,dotnet_web,Senior,5+ років,,,DE,2026-05-20,adzuna
asp.net web developer,dotnet_web,Middle,2-3 роки,,,DE,2026-05-20,adzuna
asp.net web developer,dotnet_web,Senior,5+ років,,,DE,2026-05-20,adzuna
asp.net web developer,dotnet_web,Middle,2-3 роки,,,DE,2026-05-20,adzuna
asp.net web developer,dotnet_web,Senior,5+ років,,,DE,2026-05-20,adzuna
drupal developer,drupal,Middle,2-3 роки,,,DE,2026-05-20,adzuna
drupal developer,drupal,Senior,5+ років,,,DE,2026-05-20,adzuna
drupal developer,drupal,Middle,2-3 роки,,,DE,2026-05-20,adzuna
drupal developer,drupal,Senior,5+ років,,,DE,2026-05-20,adzuna
drupal developer,drupal,Middle,2-3 роки,,,DE,2026-05-20,adzuna
drupal developer,drupal,Senior,5+ років,,,DE,2026-05-20,adzuna
drupal developer,drupal,Middle,2-3 роки,,,DE,2026-05-20,adzuna
drupal developer,drupal,Senior,5+ років,,,DE,2026-05-20,adzuna
drupal developer,drupal,Middle,2-3 роки,,,DE,2026-05-20,adzuna
drupal developer,drupal,Senior,5+ років,,,DE,2026-05-20,adzuna
elixir developer,elixir,Middle,2-3 роки,,,DE,2026-05-20,adzuna
elixir developer,elixir,Senior,5+ років,,,DE,2026-05-20,adzuna
elixir developer,elixir,Middle,2-3 роки,,,DE,2026-05-20,adzuna
elixir developer,elixir,Senior,5+ років,,,DE,2026-05-20,adzuna
elixir developer,elixir,Middle,2-3 роки,,,DE,2026-05-20,adzuna
elixir developer,elixir,Senior,5+ років,,,DE,2026-05-20,adzuna
elixir developer,elixir,Middle,2-3 роки,,,DE,2026-05-20,adzuna
elixir developer,elixir,Senior,5+ років,,,DE,2026-05-20,adzuna
elixir developer,elixir,Middle,2-3 роки,,,DE,2026-05-20,adzuna
elixir developer,elixir,Senior,5+ років,,,DE,2026-05-20,adzuna
embedded software engineer,embedded,Middle,2-3 роки,,,DE,2026-05-20,adzuna
embedded software engineer,embedded,Senior,5+ років,,,DE,2026-05-20,adzuna
embedded software engineer,embedded,Middle,2-3 роки,,,DE,2026-05-20,adzuna
embedded software engineer,embedded,Senior,5+ років,,,DE,2026-05-20,adzuna
embedded software engineer,embedded,Middle,2-3 роки,,,DE,2026-05-20,adzuna
embedded software engineer,embedded,Senior,5+ років,,,DE,2026-05-20,adzuna
embedded software engineer,embedded,Middle,2-3 роки,,,DE,2026-05-20,adzuna
embedded software engineer,embedded,Senior,5+ років,,,DE,2026-05-20,adzuna
embedded software engineer,embedded,Middle,2-3 роки,,,DE,2026-05-20,adzuna
embedded software engineer,embedded,Senior,5+ років,,,DE,2026-05-20,adzuna
software engineering manager,engineering_manager,Middle,2-3 роки,,,DE,2026-05-20,adzuna
software engineering manager,engineering_manager,Senior,5+ років,,,DE,2026-05-20,adzuna
software engineering manager,engineering_manager,Middle,2-3 роки,,,DE,2026-05-20,adzuna
software engineering manager,engineering_manager,Senior,5+ років,,,DE,2026-05-20,adzuna
software engineering manager,engineering_manager,Middle,2-3 роки,,,DE,2026-05-20,adzuna
software engineering manager,engineering_manager,Senior,5+ років,,,DE,2026-05-20,adzuna
software engineering manager,engineering_manager,Middle,2-3 роки,,,DE,2026-05-20,adzuna
software engineering manager,engineering_manager,Senior,5+ років,,,DE,2026-05-20,adzuna
software engineering manager,engineering_manager,Middle,2-3 роки,,,DE,2026-05-20,adzuna
software engineering manager,engineering_manager,Senior,5+ років,,,DE,2026-05-20,adzuna
erp developer,erp_systems,Middle,2-3 роки,,,DE,2026-05-20,adzuna
erp developer,erp_systems,Senior,5+ років,,,DE,2026-05-20,adzuna
erp developer,erp_systems,Middle,2-3 роки,,,DE,2026-05-20,adzuna
erp developer,erp_systems,Senior,5+ років,,,DE,2026-05-20,adzuna
erp developer,erp_systems,Middle,2-3 роки,,,DE,2026-05-20,adzuna
erp developer,erp_systems,Senior,5+ років,,,DE,2026-05-20,adzuna
erp developer,erp_systems,Middle,2-3 роки,,,DE,2026-05-20,adzuna
erp developer,erp_systems,Senior,5+ років,,,DE,2026-05-20,adzuna
erp developer,erp_systems,Middle,2-3 роки,,,DE,2026-05-20,adzuna
erp developer,erp_systems,Senior,5+ років,,,DE,2026-05-20,adzuna
finance manager,finance_manager,Middle,2-3 роки,,,DE,2026-05-20,adzuna
finance manager,finance_manager,Senior,5+ років,,,DE,2026-05-20,adzuna
finance manager,finance_manager,Middle,2-3 роки,,,DE,2026-05-20,adzuna
finance manager,finance_manager,Senior,5+ років,,,DE,2026-05-20,adzuna
finance manager,finance_manager,Middle,2-3 роки,,,DE,2026-05-20,adzuna
finance manager,finance_manager,Senior,5+ років,,,DE,2026-05-20,adzuna
finance manager,finance_manager,Middle,2-3 роки,,,DE,2026-05-20,adzuna
finance manager,finance_manager,Senior,5+ років,,,DE,2026-05-20,adzuna
finance manager,finance_manager,Middle,2-3 роки,,,DE,2026-05-20,adzuna
finance manager,finance_manager,Senior,5+ років,,,DE,2026-05-20,adzuna
financial analyst,finances,Middle,2-3 роки,,,DE,2026-05-20,adzuna
financial analyst,finances,Senior,5+ років,5179.0,6121.0,DE,2026-05-20,adzuna
financial analyst,finances,Middle,2-3 роки,,,DE,2026-05-20,adzuna
financial analyst,finances,Senior,5+ років,5179.0,6121.0,DE,2026-05-20,adzuna
financial analyst,finances,Middle,2-3 роки,,,DE,2026-05-20,adzuna
financial analyst,finances,Senior,5+ років,5179.0,6121.0,DE,2026-05-20,adzuna
financial analyst,finances,Middle,2-3 роки,,,DE,2026-05-20,adzuna
financial analyst,finances,Senior,5+ років,5179.0,6121.0,DE,2026-05-20,adzuna
financial analyst,finances,Middle,2-3 роки,,,DE,2026-05-20,adzuna
financial analyst,finances,Senior,5+ років,5179.0,6121.0,DE,2026-05-20,adzuna
financial analyst,financial_analyst,Middle,2-3 роки,,,DE,2026-05-20,adzuna
financial analyst,financial_analyst,Senior,5+ років,5179.0,6121.0,DE,2026-05-20,adzuna
financial analyst,financial_analyst,Middle,2-3 роки,,,DE,2026-05-20,adzuna
financial analyst,financial_analyst,Senior,5+ років,5179.0,6121.0,DE,2026-05-20,adzuna
financial analyst,financial_analyst,Middle,2-3 роки,,,DE,2026-05-20,adzuna
financial analyst,financial_analyst,Senior,5+ років,5179.0,6121.0,DE,2026-05-20,adzuna
financial analyst,financial_analyst,Middle,2-3 роки,,,DE,2026-05-20,adzuna
financial analyst,financial_analyst,Senior,5+ років,5179.0,6121.0,DE,2026-05-20,adzuna
financial analyst,financial_analyst,Middle,2-3 роки,,,DE,2026-05-20,adzuna
financial analyst,financial_analyst,Senior,5+ років,5179.0,6121.0,DE,2026-05-20,adzuna
flutter developer,flutter,Middle,2-3 роки,,,DE,2026-05-20,adzuna
flutter developer,flutter,Senior,5+ років,,,DE,2026-05-20,adzuna
flutter developer,flutter,Middle,2-3 роки,,,DE,2026-05-20,adzuna
flutter developer,flutter,Senior,5+ років,,,DE,2026-05-20,adzuna
flutter developer,flutter,Middle,2-3 роки,,,DE,2026-05-20,adzuna
flutter developer,flutter,Senior,5+ років,,,DE,2026-05-20,adzuna
flutter developer,flutter,Middle,2-3 роки,,,DE,2026-05-20,adzuna
flutter developer,flutter,Senior,5+ років,,,DE,2026-05-20,adzuna
flutter developer,flutter,Middle,2-3 роки,,,DE,2026-05-20,adzuna
flutter developer,flutter,Senior,5+ років,,,DE,2026-05-20,adzuna
fullstack developer,fullstack,Middle,2-3 роки,,,DE,2026-05-20,adzuna
fullstack developer,fullstack,Senior,5+ років,,,DE,2026-05-20,adzuna
fullstack developer,fullstack,Middle,2-3 роки,,,DE,2026-05-20,adzuna
fullstack developer,fullstack,Senior,5+ років,,,DE,2026-05-20,adzuna
fullstack developer,fullstack,Middle,2-3 роки,,,DE,2026-05-20,adzuna
fullstack developer,fullstack,Senior,5+ років,,,DE,2026-05-20,adzuna
fullstack developer,fullstack,Middle,2-3 роки,,,DE,2026-05-20,adzuna
fullstack developer,fullstack,Senior,5+ років,,,DE,2026-05-20,adzuna
fullstack developer,fullstack,Middle,2-3 роки,,,DE,2026-05-20,adzuna
fullstack developer,fullstack,Senior,5+ років,,,DE,2026-05-20,adzuna
game designer,game_design,Middle,2-3 роки,,,DE,2026-05-20,adzuna
game designer,game_design,Senior,5+ років,,,DE,2026-05-20,adzuna
game designer,game_design,Middle,2-3 роки,,,DE,2026-05-20,adzuna
game designer,game_design,Senior,5+ років,,,DE,2026-05-20,adzuna
game designer,game_design,Middle,2-3 роки,,,DE,2026-05-20,adzuna
game designer,game_design,Senior,5+ років,,,DE,2026-05-20,adzuna
game designer,game_design,Middle,2-3 роки,,,DE,2026-05-20,adzuna
game designer,game_design,Senior,5+ років,,,DE,2026-05-20,adzuna
game designer,game_design,Middle,2-3 роки,,,DE,2026-05-20,adzuna
game designer,game_design,Senior,5+ років,,,DE,2026-05-20,adzuna
game developer,game_developer,Middle,2-3 роки,,,DE,2026-05-20,adzuna
game developer,game_developer,Senior,5+ років,,,DE,2026-05-20,adzuna
game developer,game_developer,Middle,2-3 роки,,,DE,2026-05-20,adzuna
game developer,game_developer,Senior,5+ років,,,DE,2026-05-20,adzuna
game developer,game_developer,Middle,2-3 роки,,,DE,2026-05-20,adzuna
game developer,game_developer,Senior,5+ років,,,DE,2026-05-20,adzuna
game developer,game_developer,Middle,2-3 роки,,,DE,2026-05-20,adzuna
game developer,game_developer,Senior,5+ років,,,DE,2026-05-20,adzuna
game developer,game_developer,Middle,2-3 роки,,,DE,2026-05-20,adzuna
game developer,game_developer,Senior,5+ років,,,DE,2026-05-20,adzuna
unity developer,gamedev,Middle,2-3 роки,,,DE,2026-05-20,adzuna
unity developer,gamedev,Senior,5+ років,,,DE,2026-05-20,adzuna
unity developer,gamedev,Middle,2-3 роки,,,DE,2026-05-20,adzuna
unity developer,gamedev,Senior,5+ років,,,DE,2026-05-20,adzuna
unity developer,gamedev,Middle,2-3 роки,,,DE,2026-05-20,adzuna
unity developer,gamedev,Senior,5+ років,,,DE,2026-05-20,adzuna
unity developer,gamedev,Middle,2-3 роки,,,DE,2026-05-20,adzuna
unity developer,gamedev,Senior,5+ років,,,DE,2026-05-20,adzuna
unity developer,gamedev,Middle,2-3 роки,,,DE,2026-05-20,adzuna
unity developer,gamedev,Senior,5+ років,,,DE,2026-05-20,adzuna
golang developer,golang,Middle,2-3 роки,,,DE,2026-05-20,adzuna
golang developer,golang,Senior,5+ років,,,DE,2026-05-20,adzuna
golang developer,golang,Middle,2-3 роки,,,DE,2026-05-20,adzuna
golang developer,golang,Senior,5+ років,,,DE,2026-05-20,adzuna
golang developer,golang,Middle,2-3 роки,,,DE,2026-05-20,adzuna
golang developer,golang,Senior,5+ років,,,DE,2026-05-20,adzuna
golang developer,golang,Middle,2-3 роки,,,DE,2026-05-20,adzuna
golang developer,golang,Senior,5+ років,,,DE,2026-05-20,adzuna
golang developer,golang,Middle,2-3 роки,,,DE,2026-05-20,adzuna
golang developer,golang,Senior,5+ років,,,DE,2026-05-20,adzuna
graphic designer,graphic_design,Middle,2-3 роки,,,DE,2026-05-20,adzuna
graphic designer,graphic_design,Senior,5+ років,,,DE,2026-05-20,adzuna
graphic designer,graphic_design,Middle,2-3 роки,,,DE,2026-05-20,adzuna
graphic designer,graphic_design,Senior,5+ років,,,DE,2026-05-20,adzuna
graphic designer,graphic_design,Middle,2-3 роки,,,DE,2026-05-20,adzuna
graphic designer,graphic_design,Senior,5+ років,,,DE,2026-05-20,adzuna
graphic designer,graphic_design,Middle,2-3 роки,,,DE,2026-05-20,adzuna
graphic designer,graphic_design,Senior,5+ років,,,DE,2026-05-20,adzuna
graphic designer,graphic_design,Middle,2-3 роки,,,DE,2026-05-20,adzuna
graphic designer,graphic_design,Senior,5+ років,,,DE,2026-05-20,adzuna
head of software engineering,head_chief,Middle,2-3 роки,,,DE,2026-05-20,adzuna
head of software engineering,head_chief,Senior,5+ років,,,DE,2026-05-20,adzuna
head of software engineering,head_chief,Middle,2-3 роки,,,DE,2026-05-20,adzuna
head of software engineering,head_chief,Senior,5+ років,,,DE,2026-05-20,adzuna
head of software engineering,head_chief,Middle,2-3 роки,,,DE,2026-05-20,adzuna
head of software engineering,head_chief,Senior,5+ років,,,DE,2026-05-20,adzuna
head of software engineering,head_chief,Middle,2-3 роки,,,DE,2026-05-20,adzuna
head of software engineering,head_chief,Senior,5+ років,,,DE,2026-05-20,adzuna
head of software engineering,head_chief,Middle,2-3 роки,,,DE,2026-05-20,adzuna
head of software engineering,head_chief,Senior,5+ років,,,DE,2026-05-20,adzuna
hr manager,hr,Middle,2-3 роки,,,DE,2026-05-20,adzuna
hr manager,hr,Senior,5+ років,,,DE,2026-05-20,adzuna
hr manager,hr,Middle,2-3 роки,,,DE,2026-05-20,adzuna
hr manager,hr,Senior,5+ років,,,DE,2026-05-20,adzuna
hr manager,hr,Middle,2-3 роки,,,DE,2026-05-20,adzuna
hr manager,hr,Senior,5+ років,,,DE,2026-05-20,adzuna
hr manager,hr,Middle,2-3 роки,,,DE,2026-05-20,adzuna
hr manager,hr,Senior,5+ років,,,DE,2026-05-20,adzuna
hr manager,hr,Middle,2-3 роки,,,DE,2026-05-20,adzuna
hr manager,hr,Senior,5+ років,,,DE,2026-05-20,adzuna
illustrator designer,illustrator,Middle,2-3 роки,,,DE,2026-05-20,adzuna
illustrator designer,illustrator,Senior,5+ років,,,DE,2026-05-20,adzuna
illustrator designer,illustrator,Middle,2-3 роки,,,DE,2026-05-20,adzuna
illustrator designer,illustrator,Senior,5+ років,,,DE,2026-05-20,adzuna
illustrator designer,illustrator,Middle,2-3 роки,,,DE,2026-05-20,adzuna
illustrator designer,illustrator,Senior,5+ років,,,DE,2026-05-20,adzuna
illustrator designer,illustrator,Middle,2-3 роки,,,DE,2026-05-20,adzuna
illustrator designer,illustrator,Senior,5+ років,,,DE,2026-05-20,adzuna
illustrator designer,illustrator,Middle,2-3 роки,,,DE,2026-05-20,adzuna
illustrator designer,illustrator,Senior,5+ років,,,DE,2026-05-20,adzuna
information security engineer,information_security,Middle,2-3 роки,,,DE,2026-05-20,adzuna
information security engineer,information_security,Senior,5+ років,,,DE,2026-05-20,adzuna
information security engineer,information_security,Middle,2-3 роки,,,DE,2026-05-20,adzuna
information security engineer,information_security,Senior,5+ років,,,DE,2026-05-20,adzuna
information security engineer,information_security,Middle,2-3 роки,,,DE,2026-05-20,adzuna
information security engineer,information_security,Senior,5+ років,,,DE,2026-05-20,adzuna
information security engineer,information_security,Middle,2-3 роки,,,DE,2026-05-20,adzuna
information security engineer,information_security,Senior,5+ років,,,DE,2026-05-20,adzuna
information security engineer,information_security,Middle,2-3 роки,,,DE,2026-05-20,adzuna
information security engineer,information_security,Senior,5+ років,,,DE,2026-05-20,adzuna
ios developer,ios,Middle,2-3 роки,,,DE,2026-05-20,adzuna
ios developer,ios,Senior,5+ років,,,DE,2026-05-20,adzuna
ios developer,ios,Middle,2-3 роки,,,DE,2026-05-20,adzuna
ios developer,ios,Senior,5+ років,,,DE,2026-05-20,adzuna
ios developer,ios,Middle,2-3 роки,,,DE,2026-05-20,adzuna
ios developer,ios,Senior,5+ років,,,DE,2026-05-20,adzuna
ios developer,ios,Middle,2-3 роки,,,DE,2026-05-20,adzuna
ios developer,ios,Senior,5+ років,,,DE,2026-05-20,adzuna
ios developer,ios,Middle,2-3 роки,,,DE,2026-05-20,adzuna
ios developer,ios,Senior,5+ років,,,DE,2026-05-20,adzuna
java developer,java,Middle,2-3 роки,,,DE,2026-05-20,adzuna
java developer,java,Senior,5+ років,,,DE,2026-05-20,adzuna
java developer,java,Middle,2-3 роки,,,DE,2026-05-20,adzuna
java developer,java,Senior,5+ років,,,DE,2026-05-20,adzuna
java developer,java,Middle,2-3 роки,,,DE,2026-05-20,adzuna
java developer,java,Senior,5+ років,,,DE,2026-05-20,adzuna
java developer,java,Middle,2-3 роки,,,DE,2026-05-20,adzuna
java developer,java,Senior,5+ років,,,DE,2026-05-20,adzuna
java developer,java,Middle,2-3 роки,,,DE,2026-05-20,adzuna
java developer,java,Senior,5+ років,,,DE,2026-05-20,adzuna
javascript developer,javascript,Middle,2-3 роки,,,DE,2026-05-20,adzuna
javascript developer,javascript,Senior,5+ років,,,DE,2026-05-20,adzuna
javascript developer,javascript,Middle,2-3 роки,,,DE,2026-05-20,adzuna
javascript developer,javascript,Senior,5+ років,,,DE,2026-05-20,adzuna
javascript developer,javascript,Middle,2-3 роки,,,DE,2026-05-20,adzuna
javascript developer,javascript,Senior,5+ років,,,DE,2026-05-20,adzuna
javascript developer,javascript,Middle,2-3 роки,,,DE,2026-05-20,adzuna
javascript developer,javascript,Senior,5+ років,,,DE,2026-05-20,adzuna
javascript developer,javascript,Middle,2-3 роки,,,DE,2026-05-20,adzuna
javascript developer,javascript,Senior,5+ років,,,DE,2026-05-20,adzuna
kotlin developer,kotlin,Middle,2-3 роки,,,DE,2026-05-20,adzuna
kotlin developer,kotlin,Senior,5+ років,,,DE,2026-05-20,adzuna
kotlin developer,kotlin,Middle,2-3 роки,,,DE,2026-05-20,adzuna
kotlin developer,kotlin,Senior,5+ років,,,DE,2026-05-20,adzuna
kotlin developer,kotlin,Middle,2-3 роки,,,DE,2026-05-20,adzuna
kotlin developer,kotlin,Senior,5+ років,,,DE,2026-05-20,adzuna
kotlin developer,kotlin,Middle,2-3 роки,,,DE,2026-05-20,adzuna
kotlin developer,kotlin,Senior,5+ років,,,DE,2026-05-20,adzuna
kotlin developer,kotlin,Middle,2-3 роки,,,DE,2026-05-20,adzuna
kotlin developer,kotlin,Senior,5+ років,,,DE,2026-05-20,adzuna
laravel developer,laravel,Middle,2-3 роки,,,DE,2026-05-20,adzuna
laravel developer,laravel,Senior,5+ років,,,DE,2026-05-20,adzuna
laravel developer,laravel,Middle,2-3 роки,,,DE,2026-05-20,adzuna
laravel developer,laravel,Senior,5+ років,,,DE,2026-05-20,adzuna
laravel developer,laravel,Middle,2-3 роки,,,DE,2026-05-20,adzuna
laravel developer,laravel,Senior,5+ років,,,DE,2026-05-20,adzuna
laravel developer,laravel,Middle,2-3 роки,,,DE,2026-05-20,adzuna
laravel developer,laravel,Senior,5+ років,,,DE,2026-05-20,adzuna
laravel developer,laravel,Middle,2-3 роки,,,DE,2026-05-20,adzuna
laravel developer,laravel,Senior,5+ років,,,DE,2026-05-20,adzuna
tech lead,lead,Middle,2-3 роки,,,DE,2026-05-20,adzuna
tech lead,lead,Senior,5+ років,,,DE,2026-05-20,adzuna
tech lead,lead,Middle,2-3 роки,,,DE,2026-05-20,adzuna
tech lead,lead,Senior,5+ років,,,DE,2026-05-20,adzuna
tech lead,lead,Middle,2-3 роки,,,DE,2026-05-20,adzuna
tech lead,lead,Senior,5+ років,,,DE,2026-05-20,adzuna
tech lead,lead,Middle,2-3 роки,,,DE,2026-05-20,adzuna
tech lead,lead,Senior,5+ років,,,DE,2026-05-20,adzuna
tech lead,lead,Middle,2-3 роки,,,DE,2026-05-20,adzuna
tech lead,lead,Senior,5+ років,,,DE,2026-05-20,adzuna
lead generation manager,lead_generation,Middle,2-3 роки,,,DE,2026-05-20,adzuna
lead generation manager,lead_generation,Senior,5+ років,,,DE,2026-05-20,adzuna
lead generation manager,lead_generation,Middle,2-3 роки,,,DE,2026-05-20,adzuna
lead generation manager,lead_generation,Senior,5+ років,,,DE,2026-05-20,adzuna
lead generation manager,lead_generation,Middle,2-3 роки,,,DE,2026-05-20,adzuna
lead generation manager,lead_generation,Senior,5+ років,,,DE,2026-05-20,adzuna
lead generation manager,lead_generation,Middle,2-3 роки,,,DE,2026-05-20,adzuna
lead generation manager,lead_generation,Senior,5+ років,,,DE,2026-05-20,adzuna
lead generation manager,lead_generation,Middle,2-3 роки,,,DE,2026-05-20,adzuna
lead generation manager,lead_generation,Senior,5+ років,,,DE,2026-05-20,adzuna
magento developer,magento,Middle,2-3 роки,,,DE,2026-05-20,adzuna
magento developer,magento,Senior,5+ років,,,DE,2026-05-20,adzuna
magento developer,magento,Middle,2-3 роки,,,DE,2026-05-20,adzuna
magento developer,magento,Senior,5+ років,,,DE,2026-05-20,adzuna
magento developer,magento,Middle,2-3 роки,,,DE,2026-05-20,adzuna
magento developer,magento,Senior,5+ років,,,DE,2026-05-20,adzuna
magento developer,magento,Middle,2-3 роки,,,DE,2026-05-20,adzuna
magento developer,magento,Senior,5+ років,,,DE,2026-05-20,adzuna
magento developer,magento,Middle,2-3 роки,,,DE,2026-05-20,adzuna
magento developer,magento,Senior,5+ років,,,DE,2026-05-20,adzuna
marketing manager,marketing,Middle,2-3 роки,,,DE,2026-05-20,adzuna
marketing manager,marketing,Senior,5+ років,,,DE,2026-05-20,adzuna
marketing manager,marketing,Middle,2-3 роки,,,DE,2026-05-20,adzuna
marketing manager,marketing,Senior,5+ років,,,DE,2026-05-20,adzuna
marketing manager,marketing,Middle,2-3 роки,,,DE,2026-05-20,adzuna
marketing manager,marketing,Senior,5+ років,,,DE,2026-05-20,adzuna
marketing manager,marketing,Middle,2-3 роки,,,DE,2026-05-20,adzuna
marketing manager,marketing,Senior,5+ років,,,DE,2026-05-20,adzuna
marketing manager,marketing,Middle,2-3 роки,,,DE,2026-05-20,adzuna
marketing manager,marketing,Senior,5+ років,,,DE,2026-05-20,adzuna
marketing analyst,marketing_analyst,Middle,2-3 роки,,,DE,2026-05-20,adzuna
marketing analyst,marketing_analyst,Senior,5+ років,4953.0,7062.0,DE,2026-05-20,adzuna
marketing analyst,marketing_analyst,Middle,2-3 роки,,,DE,2026-05-20,adzuna
marketing analyst,marketing_analyst,Senior,5+ років,4953.0,7062.0,DE,2026-05-20,adzuna
marketing analyst,marketing_analyst,Middle,2-3 роки,,,DE,2026-05-20,adzuna
marketing analyst,marketing_analyst,Senior,5+ років,4953.0,7062.0,DE,2026-05-20,adzuna
marketing analyst,marketing_analyst,Middle,2-3 роки,,,DE,2026-05-20,adzuna
marketing analyst,marketing_analyst,Senior,5+ років,4953.0,7062.0,DE,2026-05-20,adzuna
marketing analyst,marketing_analyst,Middle,2-3 роки,,,DE,2026-05-20,adzuna
marketing analyst,marketing_analyst,Senior,5+ років,4953.0,7062.0,DE,2026-05-20,adzuna
.net maui developer,maui,Middle,2-3 роки,,,DE,2026-05-20,adzuna
.net maui developer,maui,Senior,5+ років,,,DE,2026-05-20,adzuna
.net maui developer,maui,Middle,2-3 роки,,,DE,2026-05-20,adzuna
.net maui developer,maui,Senior,5+ років,,,DE,2026-05-20,adzuna
.net maui developer,maui,Middle,2-3 роки,,,DE,2026-05-20,adzuna
.net maui developer,maui,Senior,5+ років,,,DE,2026-05-20,adzuna
.net maui developer,maui,Middle,2-3 роки,,,DE,2026-05-20,adzuna
.net maui developer,maui,Senior,5+ років,,,DE,2026-05-20,adzuna
.net maui developer,maui,Middle,2-3 роки,,,DE,2026-05-20,adzuna
.net maui developer,maui,Senior,5+ років,,,DE,2026-05-20,adzuna
media buyer,media_buying,Middle,2-3 роки,,,DE,2026-05-20,adzuna
media buyer,media_buying,Senior,5+ років,,,DE,2026-05-20,adzuna
media buyer,media_buying,Middle,2-3 роки,,,DE,2026-05-20,adzuna
media buyer,media_buying,Senior,5+ років,,,DE,2026-05-20,adzuna
media buyer,media_buying,Middle,2-3 роки,,,DE,2026-05-20,adzuna
media buyer,media_buying,Senior,5+ років,,,DE,2026-05-20,adzuna
media buyer,media_buying,Middle,2-3 роки,,,DE,2026-05-20,adzuna
media buyer,media_buying,Senior,5+ років,,,DE,2026-05-20,adzuna
media buyer,media_buying,Middle,2-3 роки,,,DE,2026-05-20,adzuna
media buyer,media_buying,Senior,5+ років,,,DE,2026-05-20,adzuna
machine learning engineer,ml_ai,Middle,2-3 роки,,,DE,2026-05-20,adzuna
machine learning engineer,ml_ai,Senior,5+ років,,,DE,2026-05-20,adzuna
machine learning engineer,ml_ai,Middle,2-3 роки,,,DE,2026-05-20,adzuna
machine learning engineer,ml_ai,Senior,5+ років,,,DE,2026-05-20,adzuna
machine learning engineer,ml_ai,Middle,2-3 роки,,,DE,2026-05-20,adzuna
machine learning engineer,ml_ai,Senior,5+ років,,,DE,2026-05-20,adzuna
machine learning engineer,ml_ai,Middle,2-3 роки,,,DE,2026-05-20,adzuna
machine learning engineer,ml_ai,Senior,5+ років,,,DE,2026-05-20,adzuna
machine learning engineer,ml_ai,Middle,2-3 роки,,,DE,2026-05-20,adzuna
machine learning engineer,ml_ai,Senior,5+ років,,,DE,2026-05-20,adzuna
motion designer,motion_design,Middle,2-3 роки,,,DE,2026-05-20,adzuna
motion designer,motion_design,Senior,5+ років,,,DE,2026-05-20,adzuna
motion designer,motion_design,Middle,2-3 роки,,,DE,2026-05-20,adzuna
motion designer,motion_design,Senior,5+ років,,,DE,2026-05-20,adzuna
motion designer,motion_design,Middle,2-3 роки,,,DE,2026-05-20,adzuna
motion designer,motion_design,Senior,5+ років,,,DE,2026-05-20,adzuna
motion designer,motion_design,Middle,2-3 роки,,,DE,2026-05-20,adzuna
motion designer,motion_design,Senior,5+ років,,,DE,2026-05-20,adzuna
motion designer,motion_design,Middle,2-3 роки,,,DE,2026-05-20,adzuna
motion designer,motion_design,Senior,5+ років,,,DE,2026-05-20,adzuna
microsoft dynamics developer,ms_dynamics,Middle,2-3 роки,,,DE,2026-05-20,adzuna
microsoft dynamics developer,ms_dynamics,Senior,5+ років,5650.0,8475.0,DE,2026-05-20,adzuna
microsoft dynamics developer,ms_dynamics,Middle,2-3 роки,,,DE,2026-05-20,adzuna
microsoft dynamics developer,ms_dynamics,Senior,5+ років,5650.0,8475.0,DE,2026-05-20,adzuna
microsoft dynamics developer,ms_dynamics,Middle,2-3 роки,,,DE,2026-05-20,adzuna
microsoft dynamics developer,ms_dynamics,Senior,5+ років,5650.0,8475.0,DE,2026-05-20,adzuna
microsoft dynamics developer,ms_dynamics,Middle,2-3 роки,,,DE,2026-05-20,adzuna
microsoft dynamics developer,ms_dynamics,Senior,5+ років,5650.0,8475.0,DE,2026-05-20,adzuna
microsoft dynamics developer,ms_dynamics,Middle,2-3 роки,,,DE,2026-05-20,adzuna
microsoft dynamics developer,ms_dynamics,Senior,5+ років,5650.0,8475.0,DE,2026-05-20,adzuna
no code developer,nocode,Middle,2-3 роки,,,DE,2026-05-20,adzuna
no code developer,nocode,Senior,5+ років,,,DE,2026-05-20,adzuna
no code developer,nocode,Middle,2-3 роки,,,DE,2026-05-20,adzuna
no code developer,nocode,Senior,5+ років,,,DE,2026-05-20,adzuna
no code developer,nocode,Middle,2-3 роки,,,DE,2026-05-20,adzuna
no code developer,nocode,Senior,5+ років,,,DE,2026-05-20,adzuna
no code developer,nocode,Middle,2-3 роки,,,DE,2026-05-20,adzuna
no code developer,nocode,Senior,5+ років,,,DE,2026-05-20,adzuna
no code developer,nocode,Middle,2-3 роки,,,DE,2026-05-20,adzuna
no code developer,nocode,Senior,5+ років,,,DE,2026-05-20,adzuna
node.js developer,node_js,Middle,2-3 роки,,,DE,2026-05-20,adzuna
node.js developer,node_js,Senior,5+ років,,,DE,2026-05-20,adzuna
node.js developer,node_js,Middle,2-3 роки,,,DE,2026-05-20,adzuna
node.js developer,node_js,Senior,5+ років,,,DE,2026-05-20,adzuna
node.js developer,node_js,Middle,2-3 роки,,,DE,2026-05-20,adzuna
node.js developer,node_js,Senior,5+ років,,,DE,2026-05-20,adzuna
node.js developer,node_js,Middle,2-3 роки,,,DE,2026-05-20,adzuna
node.js developer,node_js,Senior,5+ років,,,DE,2026-05-20,adzuna
node.js developer,node_js,Middle,2-3 роки,,,DE,2026-05-20,adzuna
node.js developer,node_js,Senior,5+ років,,,DE,2026-05-20,adzuna
odoo developer,odoo,Middle,2-3 роки,,,DE,2026-05-20,adzuna
odoo developer,odoo,Senior,5+ років,,,DE,2026-05-20,adzuna
odoo developer,odoo,Middle,2-3 роки,,,DE,2026-05-20,adzuna
odoo developer,odoo,Senior,5+ років,,,DE,2026-05-20,adzuna
odoo developer,odoo,Middle,2-3 роки,,,DE,2026-05-20,adzuna
odoo developer,odoo,Senior,5+ років,,,DE,2026-05-20,adzuna
odoo developer,odoo,Middle,2-3 роки,,,DE,2026-05-20,adzuna
odoo developer,odoo,Senior,5+ років,,,DE,2026-05-20,adzuna
odoo developer,odoo,Middle,2-3 роки,,,DE,2026-05-20,adzuna
odoo developer,odoo,Senior,5+ років,,,DE,2026-05-20,adzuna
penetration tester,penetration_tester,Middle,2-3 роки,,,DE,2026-05-20,adzuna
penetration tester,penetration_tester,Senior,5+ років,,,DE,2026-05-20,adzuna
penetration tester,penetration_tester,Middle,2-3 роки,,,DE,2026-05-20,adzuna
penetration tester,penetration_tester,Senior,5+ років,,,DE,2026-05-20,adzuna
penetration tester,penetration_tester,Middle,2-3 роки,,,DE,2026-05-20,adzuna
penetration tester,penetration_tester,Senior,5+ років,,,DE,2026-05-20,adzuna
penetration tester,penetration_tester,Middle,2-3 роки,,,DE,2026-05-20,adzuna
penetration tester,penetration_tester,Senior,5+ років,,,DE,2026-05-20,adzuna
penetration tester,penetration_tester,Middle,2-3 роки,,,DE,2026-05-20,adzuna
penetration tester,penetration_tester,Senior,5+ років,,,DE,2026-05-20,adzuna
php developer,php,Middle,2-3 роки,,,DE,2026-05-20,adzuna
php developer,php,Senior,5+ років,,,DE,2026-05-20,adzuna
php developer,php,Middle,2-3 роки,,,DE,2026-05-20,adzuna
php developer,php,Senior,5+ років,,,DE,2026-05-20,adzuna
php developer,php,Middle,2-3 роки,,,DE,2026-05-20,adzuna
php developer,php,Senior,5+ років,,,DE,2026-05-20,adzuna
php developer,php,Middle,2-3 роки,,,DE,2026-05-20,adzuna
php developer,php,Senior,5+ років,,,DE,2026-05-20,adzuna
php developer,php,Middle,2-3 роки,,,DE,2026-05-20,adzuna
php developer,php,Senior,5+ років,,,DE,2026-05-20,adzuna
ppc specialist,ppc,Middle,2-3 роки,,,DE,2026-05-20,adzuna
ppc specialist,ppc,Senior,5+ років,,,DE,2026-05-20,adzuna
ppc specialist,ppc,Middle,2-3 роки,,,DE,2026-05-20,adzuna
ppc specialist,ppc,Senior,5+ років,,,DE,2026-05-20,adzuna
ppc specialist,ppc,Middle,2-3 роки,,,DE,2026-05-20,adzuna
ppc specialist,ppc,Senior,5+ років,,,DE,2026-05-20,adzuna
ppc specialist,ppc,Middle,2-3 роки,,,DE,2026-05-20,adzuna
ppc specialist,ppc,Senior,5+ років,,,DE,2026-05-20,adzuna
ppc specialist,ppc,Middle,2-3 роки,,,DE,2026-05-20,adzuna
ppc specialist,ppc,Senior,5+ років,,,DE,2026-05-20,adzuna
pr manager,pr_manager,Middle,2-3 роки,,,DE,2026-05-20,adzuna
pr manager,pr_manager,Senior,5+ років,,,DE,2026-05-20,adzuna
pr manager,pr_manager,Middle,2-3 роки,,,DE,2026-05-20,adzuna
pr manager,pr_manager,Senior,5+ років,,,DE,2026-05-20,adzuna
pr manager,pr_manager,Middle,2-3 роки,,,DE,2026-05-20,adzuna
pr manager,pr_manager,Senior,5+ років,,,DE,2026-05-20,adzuna
pr manager,pr_manager,Middle,2-3 роки,,,DE,2026-05-20,adzuna
pr manager,pr_manager,Senior,5+ років,,,DE,2026-05-20,adzuna
pr manager,pr_manager,Middle,2-3 роки,,,DE,2026-05-20,adzuna
pr manager,pr_manager,Senior,5+ років,,,DE,2026-05-20,adzuna
product designer,product_design,Middle,2-3 роки,,,DE,2026-05-20,adzuna
product designer,product_design,Senior,5+ років,,,DE,2026-05-20,adzuna
product designer,product_design,Middle,2-3 роки,,,DE,2026-05-20,adzuna
product designer,product_design,Senior,5+ років,,,DE,2026-05-20,adzuna
product designer,product_design,Middle,2-3 роки,,,DE,2026-05-20,adzuna
product designer,product_design,Senior,5+ років,,,DE,2026-05-20,adzuna
product designer,product_design,Middle,2-3 роки,,,DE,2026-05-20,adzuna
product designer,product_design,Senior,5+ років,,,DE,2026-05-20,adzuna
product designer,product_design,Middle,2-3 роки,,,DE,2026-05-20,adzuna
product designer,product_design,Senior,5+ років,,,DE,2026-05-20,adzuna
product manager,product_manager,Middle,2-3 роки,,,DE,2026-05-20,adzuna
product manager,product_manager,Senior,5+ років,,,DE,2026-05-20,adzuna
product manager,product_manager,Middle,2-3 роки,,,DE,2026-05-20,adzuna
product manager,product_manager,Senior,5+ років,,,DE,2026-05-20,adzuna
product manager,product_manager,Middle,2-3 роки,,,DE,2026-05-20,adzuna
product manager,product_manager,Senior,5+ років,,,DE,2026-05-20,adzuna
product manager,product_manager,Middle,2-3 роки,,,DE,2026-05-20,adzuna
product manager,product_manager,Senior,5+ років,,,DE,2026-05-20,adzuna
product manager,product_manager,Middle,2-3 роки,,,DE,2026-05-20,adzuna
product manager,product_manager,Senior,5+ років,,,DE,2026-05-20,adzuna
product owner,product_owner,Middle,2-3 роки,,,DE,2026-05-20,adzuna
product owner,product_owner,Senior,5+ років,,,DE,2026-05-20,adzuna
product owner,product_owner,Middle,2-3 роки,,,DE,2026-05-20,adzuna
product owner,product_owner,Senior,5+ років,,,DE,2026-05-20,adzuna
product owner,product_owner,Middle,2-3 роки,,,DE,2026-05-20,adzuna
product owner,product_owner,Senior,5+ років,,,DE,2026-05-20,adzuna
product owner,product_owner,Middle,2-3 роки,,,DE,2026-05-20,adzuna
product owner,product_owner,Senior,5+ років,,,DE,2026-05-20,adzuna
product owner,product_owner,Middle,2-3 роки,,,DE,2026-05-20,adzuna
product owner,product_owner,Senior,5+ років,,,DE,2026-05-20,adzuna
IT project manager software,project_manager,Middle,2-3 роки,,,DE,2026-05-20,adzuna
IT project manager software,project_manager,Senior,5+ років,,,DE,2026-05-20,adzuna
IT project manager software,project_manager,Middle,2-3 роки,,,DE,2026-05-20,adzuna
IT project manager software,project_manager,Senior,5+ років,,,DE,2026-05-20,adzuna
IT project manager software,project_manager,Middle,2-3 роки,,,DE,2026-05-20,adzuna
IT project manager software,project_manager,Senior,5+ років,,,DE,2026-05-20,adzuna
IT project manager software,project_manager,Middle,2-3 роки,,,DE,2026-05-20,adzuna
IT project manager software,project_manager,Senior,5+ років,,,DE,2026-05-20,adzuna
IT project manager software,project_manager,Middle,2-3 роки,,,DE,2026-05-20,adzuna
IT project manager software,project_manager,Senior,5+ років,,,DE,2026-05-20,adzuna
python developer,python,Middle,2-3 роки,,,DE,2026-05-20,adzuna
python developer,python,Senior,5+ років,,,DE,2026-05-20,adzuna
python developer,python,Middle,2-3 роки,,,DE,2026-05-20,adzuna
python developer,python,Senior,5+ років,,,DE,2026-05-20,adzuna
python developer,python,Middle,2-3 роки,,,DE,2026-05-20,adzuna
python developer,python,Senior,5+ років,,,DE,2026-05-20,adzuna
python developer,python,Middle,2-3 роки,,,DE,2026-05-20,adzuna
python developer,python,Senior,5+ років,,,DE,2026-05-20,adzuna
python developer,python,Middle,2-3 роки,,,DE,2026-05-20,adzuna
python developer,python,Senior,5+ років,,,DE,2026-05-20,adzuna
qa engineer,qa,Middle,2-3 роки,4897.0,6121.0,DE,2026-05-20,adzuna
qa engineer,qa,Senior,5+ років,4897.0,6121.0,DE,2026-05-20,adzuna
qa engineer,qa,Middle,2-3 роки,4897.0,6121.0,DE,2026-05-20,adzuna
qa engineer,qa,Senior,5+ років,4897.0,6121.0,DE,2026-05-20,adzuna
qa engineer,qa,Middle,2-3 роки,4897.0,6121.0,DE,2026-05-20,adzuna
qa engineer,qa,Senior,5+ років,4897.0,6121.0,DE,2026-05-20,adzuna
qa engineer,qa,Middle,2-3 роки,4897.0,6121.0,DE,2026-05-20,adzuna
qa engineer,qa,Senior,5+ років,4897.0,6121.0,DE,2026-05-20,adzuna
qa engineer,qa,Middle,2-3 роки,4897.0,6121.0,DE,2026-05-20,adzuna
qa engineer,qa,Senior,5+ років,4897.0,6121.0,DE,2026-05-20,adzuna
qa automation engineer,qa_automation,Middle,2-3 роки,,,DE,2026-05-20,adzuna
qa automation engineer,qa_automation,Senior,5+ років,,,DE,2026-05-20,adzuna
qa automation engineer,qa_automation,Middle,2-3 роки,,,DE,2026-05-20,adzuna
qa automation engineer,qa_automation,Senior,5+ років,,,DE,2026-05-20,adzuna
qa automation engineer,qa_automation,Middle,2-3 роки,,,DE,2026-05-20,adzuna
qa automation engineer,qa_automation,Senior,5+ років,,,DE,2026-05-20,adzuna
qa automation engineer,qa_automation,Middle,2-3 роки,,,DE,2026-05-20,adzuna
qa automation engineer,qa_automation,Senior,5+ років,,,DE,2026-05-20,adzuna
qa automation engineer,qa_automation,Middle,2-3 роки,,,DE,2026-05-20,adzuna
qa automation engineer,qa_automation,Senior,5+ років,,,DE,2026-05-20,adzuna
manual qa tester,qa_manual,Middle,2-3 роки,,,DE,2026-05-20,adzuna
manual qa tester,qa_manual,Senior,5+ років,,,DE,2026-05-20,adzuna
manual qa tester,qa_manual,Middle,2-3 роки,,,DE,2026-05-20,adzuna
manual qa tester,qa_manual,Senior,5+ років,,,DE,2026-05-20,adzuna
manual qa tester,qa_manual,Middle,2-3 роки,,,DE,2026-05-20,adzuna
manual qa tester,qa_manual,Senior,5+ років,,,DE,2026-05-20,adzuna
manual qa tester,qa_manual,Middle,2-3 роки,,,DE,2026-05-20,adzuna
manual qa tester,qa_manual,Senior,5+ років,,,DE,2026-05-20,adzuna
manual qa tester,qa_manual,Middle,2-3 роки,,,DE,2026-05-20,adzuna
manual qa tester,qa_manual,Senior,5+ років,,,DE,2026-05-20,adzuna
react developer,react,Middle,2-3 роки,,,DE,2026-05-20,adzuna
react developer,react,Senior,5+ років,,,DE,2026-05-20,adzuna
react developer,react,Middle,2-3 роки,,,DE,2026-05-20,adzuna
react developer,react,Senior,5+ років,,,DE,2026-05-20,adzuna
react developer,react,Middle,2-3 роки,,,DE,2026-05-20,adzuna
react developer,react,Senior,5+ років,,,DE,2026-05-20,adzuna
react developer,react,Middle,2-3 роки,,,DE,2026-05-20,adzuna
react developer,react,Senior,5+ років,,,DE,2026-05-20,adzuna
react developer,react,Middle,2-3 роки,,,DE,2026-05-20,adzuna
react developer,react,Senior,5+ років,,,DE,2026-05-20,adzuna
react native developer,react_native,Middle,2-3 роки,,,DE,2026-05-20,adzuna
react native developer,react_native,Senior,5+ років,,,DE,2026-05-20,adzuna
react native developer,react_native,Middle,2-3 роки,,,DE,2026-05-20,adzuna
react native developer,react_native,Senior,5+ років,,,DE,2026-05-20,adzuna
react native developer,react_native,Middle,2-3 роки,,,DE,2026-05-20,adzuna
react native developer,react_native,Senior,5+ років,,,DE,2026-05-20,adzuna
react native developer,react_native,Middle,2-3 роки,,,DE,2026-05-20,adzuna
react native developer,react_native,Senior,5+ років,,,DE,2026-05-20,adzuna
react native developer,react_native,Middle,2-3 роки,,,DE,2026-05-20,adzuna
react native developer,react_native,Senior,5+ років,,,DE,2026-05-20,adzuna
it recruiter,recruiter,Middle,2-3 роки,,,DE,2026-05-20,adzuna
it recruiter,recruiter,Senior,5+ років,,,DE,2026-05-20,adzuna
it recruiter,recruiter,Middle,2-3 роки,,,DE,2026-05-20,adzuna
it recruiter,recruiter,Senior,5+ років,,,DE,2026-05-20,adzuna
it recruiter,recruiter,Middle,2-3 роки,,,DE,2026-05-20,adzuna
it recruiter,recruiter,Senior,5+ років,,,DE,2026-05-20,adzuna
it recruiter,recruiter,Middle,2-3 роки,,,DE,2026-05-20,adzuna
it recruiter,recruiter,Senior,5+ років,,,DE,2026-05-20,adzuna
it recruiter,recruiter,Middle,2-3 роки,,,DE,2026-05-20,adzuna
it recruiter,recruiter,Senior,5+ років,,,DE,2026-05-20,adzuna
ruby developer,ruby,Middle,2-3 роки,,,DE,2026-05-20,adzuna
ruby developer,ruby,Senior,5+ років,,,DE,2026-05-20,adzuna
ruby developer,ruby,Middle,2-3 роки,,,DE,2026-05-20,adzuna
ruby developer,ruby,Senior,5+ років,,,DE,2026-05-20,adzuna
ruby developer,ruby,Middle,2-3 роки,,,DE,2026-05-20,adzuna
ruby developer,ruby,Senior,5+ років,,,DE,2026-05-20,adzuna
ruby developer,ruby,Middle,2-3 роки,,,DE,2026-05-20,adzuna
ruby developer,ruby,Senior,5+ років,,,DE,2026-05-20,adzuna
ruby developer,ruby,Middle,2-3 роки,,,DE,2026-05-20,adzuna
ruby developer,ruby,Senior,5+ років,,,DE,2026-05-20,adzuna
rust developer,rust,Middle,2-3 роки,,,DE,2026-05-20,adzuna
rust developer,rust,Senior,5+ років,,,DE,2026-05-20,adzuna
rust developer,rust,Middle,2-3 роки,,,DE,2026-05-20,adzuna
rust developer,rust,Senior,5+ років,,,DE,2026-05-20,adzuna
rust developer,rust,Middle,2-3 роки,,,DE,2026-05-20,adzuna
rust developer,rust,Senior,5+ років,,,DE,2026-05-20,adzuna
rust developer,rust,Middle,2-3 роки,,,DE,2026-05-20,adzuna
rust developer,rust,Senior,5+ років,,,DE,2026-05-20,adzuna
rust developer,rust,Middle,2-3 роки,,,DE,2026-05-20,adzuna
rust developer,rust,Senior,5+ років,,,DE,2026-05-20,adzuna
sales manager,sales,Middle,2-3 роки,,,DE,2026-05-20,adzuna
sales manager,sales,Senior,5+ років,,,DE,2026-05-20,adzuna
sales manager,sales,Middle,2-3 роки,,,DE,2026-05-20,adzuna
sales manager,sales,Senior,5+ років,,,DE,2026-05-20,adzuna
sales manager,sales,Middle,2-3 роки,,,DE,2026-05-20,adzuna
sales manager,sales,Senior,5+ років,,,DE,2026-05-20,adzuna
sales manager,sales,Middle,2-3 роки,,,DE,2026-05-20,adzuna
sales manager,sales,Senior,5+ років,,,DE,2026-05-20,adzuna
sales manager,sales,Middle,2-3 роки,,,DE,2026-05-20,adzuna
sales manager,sales,Senior,5+ років,,,DE,2026-05-20,adzuna
sales director,sales_leadership,Middle,2-3 роки,18833.0,23542.0,DE,2026-05-20,adzuna
sales director,sales_leadership,Senior,5+ років,18833.0,23542.0,DE,2026-05-20,adzuna
sales director,sales_leadership,Middle,2-3 роки,18833.0,23542.0,DE,2026-05-20,adzuna
sales director,sales_leadership,Senior,5+ років,18833.0,23542.0,DE,2026-05-20,adzuna
sales director,sales_leadership,Middle,2-3 роки,18833.0,23542.0,DE,2026-05-20,adzuna
sales director,sales_leadership,Senior,5+ років,18833.0,23542.0,DE,2026-05-20,adzuna
sales director,sales_leadership,Middle,2-3 роки,18833.0,23542.0,DE,2026-05-20,adzuna
sales director,sales_leadership,Senior,5+ років,18833.0,23542.0,DE,2026-05-20,adzuna
sales director,sales_leadership,Middle,2-3 роки,18833.0,23542.0,DE,2026-05-20,adzuna
sales director,sales_leadership,Senior,5+ років,18833.0,23542.0,DE,2026-05-20,adzuna
sales manager,sales_manager,Middle,2-3 роки,,,DE,2026-05-20,adzuna
sales manager,sales_manager,Senior,5+ років,,,DE,2026-05-20,adzuna
sales manager,sales_manager,Middle,2-3 роки,,,DE,2026-05-20,adzuna
sales manager,sales_manager,Senior,5+ років,,,DE,2026-05-20,adzuna
sales manager,sales_manager,Middle,2-3 роки,,,DE,2026-05-20,adzuna
sales manager,sales_manager,Senior,5+ років,,,DE,2026-05-20,adzuna
sales manager,sales_manager,Middle,2-3 роки,,,DE,2026-05-20,adzuna
sales manager,sales_manager,Senior,5+ років,,,DE,2026-05-20,adzuna
sales manager,sales_manager,Middle,2-3 роки,,,DE,2026-05-20,adzuna
sales manager,sales_manager,Senior,5+ років,,,DE,2026-05-20,adzuna
salesforce developer,salesforce,Middle,2-3 роки,,,DE,2026-05-20,adzuna
salesforce developer,salesforce,Senior,5+ років,,,DE,2026-05-20,adzuna
salesforce developer,salesforce,Middle,2-3 роки,,,DE,2026-05-20,adzuna
salesforce developer,salesforce,Senior,5+ років,,,DE,2026-05-20,adzuna
salesforce developer,salesforce,Middle,2-3 роки,,,DE,2026-05-20,adzuna
salesforce developer,salesforce,Senior,5+ років,,,DE,2026-05-20,adzuna
salesforce developer,salesforce,Middle,2-3 роки,,,DE,2026-05-20,adzuna
salesforce developer,salesforce,Senior,5+ років,,,DE,2026-05-20,adzuna
salesforce developer,salesforce,Middle,2-3 роки,,,DE,2026-05-20,adzuna
salesforce developer,salesforce,Senior,5+ років,,,DE,2026-05-20,adzuna
sap developer,sap,Middle,2-3 роки,5650.0,7062.0,DE,2026-05-20,adzuna
sap developer,sap,Senior,5+ років,5650.0,7062.0,DE,2026-05-20,adzuna
sap developer,sap,Middle,2-3 роки,5650.0,7062.0,DE,2026-05-20,adzuna
sap developer,sap,Senior,5+ років,5650.0,7062.0,DE,2026-05-20,adzuna
sap developer,sap,Middle,2-3 роки,5650.0,7062.0,DE,2026-05-20,adzuna
sap developer,sap,Senior,5+ років,5650.0,7062.0,DE,2026-05-20,adzuna
sap developer,sap,Middle,2-3 роки,5650.0,7062.0,DE,2026-05-20,adzuna
sap developer,sap,Senior,5+ років,5650.0,7062.0,DE,2026-05-20,adzuna
sap developer,sap,Middle,2-3 роки,5650.0,7062.0,DE,2026-05-20,adzuna
sap developer,sap,Senior,5+ років,5650.0,7062.0,DE,2026-05-20,adzuna
scala developer,scala,Middle,2-3 роки,,,DE,2026-05-20,adzuna
scala developer,scala,Senior,5+ років,,,DE,2026-05-20,adzuna
scala developer,scala,Middle,2-3 роки,,,DE,2026-05-20,adzuna
scala developer,scala,Senior,5+ років,,,DE,2026-05-20,adzuna
scala developer,scala,Middle,2-3 роки,,,DE,2026-05-20,adzuna
scala developer,scala,Senior,5+ років,,,DE,2026-05-20,adzuna
scala developer,scala,Middle,2-3 роки,,,DE,2026-05-20,adzuna
scala developer,scala,Senior,5+ років,,,DE,2026-05-20,adzuna
scala developer,scala,Middle,2-3 роки,,,DE,2026-05-20,adzuna
scala developer,scala,Senior,5+ років,,,DE,2026-05-20,adzuna
scrum master,scrum_master,Middle,2-3 роки,,,DE,2026-05-20,adzuna
scrum master,scrum_master,Senior,5+ років,,,DE,2026-05-20,adzuna
scrum master,scrum_master,Middle,2-3 роки,,,DE,2026-05-20,adzuna
scrum master,scrum_master,Senior,5+ років,,,DE,2026-05-20,adzuna
scrum master,scrum_master,Middle,2-3 роки,,,DE,2026-05-20,adzuna
scrum master,scrum_master,Senior,5+ років,,,DE,2026-05-20,adzuna
scrum master,scrum_master,Middle,2-3 роки,,,DE,2026-05-20,adzuna
scrum master,scrum_master,Senior,5+ років,,,DE,2026-05-20,adzuna
scrum master,scrum_master,Middle,2-3 роки,,,DE,2026-05-20,adzuna
scrum master,scrum_master,Senior,5+ років,,,DE,2026-05-20,adzuna
security engineer,security,Middle,2-3 роки,,,DE,2026-05-20,adzuna
security engineer,security,Senior,5+ років,,,DE,2026-05-20,adzuna
security engineer,security,Middle,2-3 роки,,,DE,2026-05-20,adzuna
security engineer,security,Senior,5+ років,,,DE,2026-05-20,adzuna
security engineer,security,Middle,2-3 роки,,,DE,2026-05-20,adzuna
security engineer,security,Senior,5+ років,,,DE,2026-05-20,adzuna
security engineer,security,Middle,2-3 роки,,,DE,2026-05-20,adzuna
security engineer,security,Senior,5+ років,,,DE,2026-05-20,adzuna
security engineer,security,Middle,2-3 роки,,,DE,2026-05-20,adzuna
security engineer,security,Senior,5+ років,,,DE,2026-05-20,adzuna
security analyst,security_analyst,Middle,2-3 роки,,,DE,2026-05-20,adzuna
security analyst,security_analyst,Senior,5+ років,,,DE,2026-05-20,adzuna
security analyst,security_analyst,Middle,2-3 роки,,,DE,2026-05-20,adzuna
security analyst,security_analyst,Senior,5+ років,,,DE,2026-05-20,adzuna
security analyst,security_analyst,Middle,2-3 роки,,,DE,2026-05-20,adzuna
security analyst,security_analyst,Senior,5+ років,,,DE,2026-05-20,adzuna
security analyst,security_analyst,Middle,2-3 роки,,,DE,2026-05-20,adzuna
security analyst,security_analyst,Senior,5+ років,,,DE,2026-05-20,adzuna
security analyst,security_analyst,Middle,2-3 роки,,,DE,2026-05-20,adzuna
security analyst,security_analyst,Senior,5+ років,,,DE,2026-05-20,adzuna
seo specialist,seo,Middle,2-3 роки,,,DE,2026-05-20,adzuna
seo specialist,seo,Senior,5+ років,,,DE,2026-05-20,adzuna
seo specialist,seo,Middle,2-3 роки,,,DE,2026-05-20,adzuna
seo specialist,seo,Senior,5+ років,,,DE,2026-05-20,adzuna
seo specialist,seo,Middle,2-3 роки,,,DE,2026-05-20,adzuna
seo specialist,seo,Senior,5+ років,,,DE,2026-05-20,adzuna
seo specialist,seo,Middle,2-3 роки,,,DE,2026-05-20,adzuna
seo specialist,seo,Senior,5+ років,,,DE,2026-05-20,adzuna
seo specialist,seo,Middle,2-3 роки,,,DE,2026-05-20,adzuna
seo specialist,seo,Senior,5+ років,,,DE,2026-05-20,adzuna
social media manager,social_media,Middle,2-3 роки,,,DE,2026-05-20,adzuna
social media manager,social_media,Senior,5+ років,,,DE,2026-05-20,adzuna
social media manager,social_media,Middle,2-3 роки,,,DE,2026-05-20,adzuna
social media manager,social_media,Senior,5+ років,,,DE,2026-05-20,adzuna
social media manager,social_media,Middle,2-3 роки,,,DE,2026-05-20,adzuna
social media manager,social_media,Senior,5+ років,,,DE,2026-05-20,adzuna
social media manager,social_media,Middle,2-3 роки,,,DE,2026-05-20,adzuna
social media manager,social_media,Senior,5+ років,,,DE,2026-05-20,adzuna
social media manager,social_media,Middle,2-3 роки,,,DE,2026-05-20,adzuna
social media manager,social_media,Senior,5+ років,,,DE,2026-05-20,adzuna
sql dba database administrator,sql_dba,Middle,2-3 роки,,,DE,2026-05-20,adzuna
sql dba database administrator,sql_dba,Senior,5+ років,,,DE,2026-05-20,adzuna
sql dba database administrator,sql_dba,Middle,2-3 роки,,,DE,2026-05-20,adzuna
sql dba database administrator,sql_dba,Senior,5+ років,,,DE,2026-05-20,adzuna
sql dba database administrator,sql_dba,Middle,2-3 роки,,,DE,2026-05-20,adzuna
sql dba database administrator,sql_dba,Senior,5+ років,,,DE,2026-05-20,adzuna
sql dba database administrator,sql_dba,Middle,2-3 роки,,,DE,2026-05-20,adzuna
sql dba database administrator,sql_dba,Senior,5+ років,,,DE,2026-05-20,adzuna
sql dba database administrator,sql_dba,Middle,2-3 роки,,,DE,2026-05-20,adzuna
sql dba database administrator,sql_dba,Senior,5+ років,,,DE,2026-05-20,adzuna
technical support engineer,support,Middle,2-3 роки,,,DE,2026-05-20,adzuna
technical support engineer,support,Senior,5+ років,,,DE,2026-05-20,adzuna
technical support engineer,support,Middle,2-3 роки,,,DE,2026-05-20,adzuna
technical support engineer,support,Senior,5+ років,,,DE,2026-05-20,adzuna
technical support engineer,support,Middle,2-3 роки,,,DE,2026-05-20,adzuna
technical support engineer,support,Senior,5+ років,,,DE,2026-05-20,adzuna
technical support engineer,support,Middle,2-3 роки,,,DE,2026-05-20,adzuna
technical support engineer,support,Senior,5+ років,,,DE,2026-05-20,adzuna
technical support engineer,support,Middle,2-3 роки,,,DE,2026-05-20,adzuna
technical support engineer,support,Senior,5+ років,,,DE,2026-05-20,adzuna
svelte developer,svelte,Middle,2-3 роки,,,DE,2026-05-20,adzuna
svelte developer,svelte,Senior,5+ років,,,DE,2026-05-20,adzuna
svelte developer,svelte,Middle,2-3 роки,,,DE,2026-05-20,adzuna
svelte developer,svelte,Senior,5+ років,,,DE,2026-05-20,adzuna
svelte developer,svelte,Middle,2-3 роки,,,DE,2026-05-20,adzuna
svelte developer,svelte,Senior,5+ років,,,DE,2026-05-20,adzuna
svelte developer,svelte,Middle,2-3 роки,,,DE,2026-05-20,adzuna
svelte developer,svelte,Senior,5+ років,,,DE,2026-05-20,adzuna
svelte developer,svelte,Middle,2-3 роки,,,DE,2026-05-20,adzuna
svelte developer,svelte,Senior,5+ років,,,DE,2026-05-20,adzuna
symfony developer,symfony,Middle,2-3 роки,,,DE,2026-05-20,adzuna
symfony developer,symfony,Senior,5+ років,,,DE,2026-05-20,adzuna
symfony developer,symfony,Middle,2-3 роки,,,DE,2026-05-20,adzuna
symfony developer,symfony,Senior,5+ років,,,DE,2026-05-20,adzuna
symfony developer,symfony,Middle,2-3 роки,,,DE,2026-05-20,adzuna
symfony developer,symfony,Senior,5+ років,,,DE,2026-05-20,adzuna
symfony developer,symfony,Middle,2-3 роки,,,DE,2026-05-20,adzuna
symfony developer,symfony,Senior,5+ років,,,DE,2026-05-20,adzuna
symfony developer,symfony,Middle,2-3 роки,,,DE,2026-05-20,adzuna
symfony developer,symfony,Senior,5+ років,,,DE,2026-05-20,adzuna
system administrator linux,sysadmin,Middle,2-3 роки,,,DE,2026-05-20,adzuna
system administrator linux,sysadmin,Senior,5+ років,,,DE,2026-05-20,adzuna
system administrator linux,sysadmin,Middle,2-3 роки,,,DE,2026-05-20,adzuna
system administrator linux,sysadmin,Senior,5+ років,,,DE,2026-05-20,adzuna
system administrator linux,sysadmin,Middle,2-3 роки,,,DE,2026-05-20,adzuna
system administrator linux,sysadmin,Senior,5+ років,,,DE,2026-05-20,adzuna
system administrator linux,sysadmin,Middle,2-3 роки,,,DE,2026-05-20,adzuna
system administrator linux,sysadmin,Senior,5+ років,,,DE,2026-05-20,adzuna
system administrator linux,sysadmin,Middle,2-3 роки,,,DE,2026-05-20,adzuna
system administrator linux,sysadmin,Senior,5+ років,,,DE,2026-05-20,adzuna
ux designer,ui_ux,Middle,2-3 роки,,,DE,2026-05-20,adzuna
ux designer,ui_ux,Senior,5+ років,,,DE,2026-05-20,adzuna
ux designer,ui_ux,Middle,2-3 роки,,,DE,2026-05-20,adzuna
ux designer,ui_ux,Senior,5+ років,,,DE,2026-05-20,adzuna
ux designer,ui_ux,Middle,2-3 роки,,,DE,2026-05-20,adzuna
ux designer,ui_ux,Senior,5+ років,,,DE,2026-05-20,adzuna
ux designer,ui_ux,Middle,2-3 роки,,,DE,2026-05-20,adzuna
ux designer,ui_ux,Senior,5+ років,,,DE,2026-05-20,adzuna
ux designer,ui_ux,Middle,2-3 роки,,,DE,2026-05-20,adzuna
ux designer,ui_ux,Senior,5+ років,,,DE,2026-05-20,adzuna
unity developer,unity,Middle,2-3 роки,,,DE,2026-05-20,adzuna
unity developer,unity,Senior,5+ років,,,DE,2026-05-20,adzuna
unity developer,unity,Middle,2-3 роки,,,DE,2026-05-20,adzuna
unity developer,unity,Senior,5+ років,,,DE,2026-05-20,adzuna
unity developer,unity,Middle,2-3 роки,,,DE,2026-05-20,adzuna
unity developer,unity,Senior,5+ років,,,DE,2026-05-20,adzuna
unity developer,unity,Middle,2-3 роки,,,DE,2026-05-20,adzuna
unity developer,unity,Senior,5+ років,,,DE,2026-05-20,adzuna
unity developer,unity,Middle,2-3 роки,,,DE,2026-05-20,adzuna
unity developer,unity,Senior,5+ років,,,DE,2026-05-20,adzuna
unreal engine developer,unreal,Middle,2-3 роки,,,DE,2026-05-20,adzuna
unreal engine developer,unreal,Senior,5+ років,,,DE,2026-05-20,adzuna
unreal engine developer,unreal,Middle,2-3 роки,,,DE,2026-05-20,adzuna
unreal engine developer,unreal,Senior,5+ років,,,DE,2026-05-20,adzuna
unreal engine developer,unreal,Middle,2-3 роки,,,DE,2026-05-20,adzuna
unreal engine developer,unreal,Senior,5+ років,,,DE,2026-05-20,adzuna
unreal engine developer,unreal,Middle,2-3 роки,,,DE,2026-05-20,adzuna
unreal engine developer,unreal,Senior,5+ років,,,DE,2026-05-20,adzuna
unreal engine developer,unreal,Middle,2-3 роки,,,DE,2026-05-20,adzuna
unreal engine developer,unreal,Senior,5+ років,,,DE,2026-05-20,adzuna
ux researcher,ux_research,Middle,2-3 роки,,,DE,2026-05-20,adzuna
ux researcher,ux_research,Senior,5+ років,,,DE,2026-05-20,adzuna
ux researcher,ux_research,Middle,2-3 роки,,,DE,2026-05-20,adzuna
ux researcher,ux_research,Senior,5+ років,,,DE,2026-05-20,adzuna
ux researcher,ux_research,Middle,2-3 роки,,,DE,2026-05-20,adzuna
ux researcher,ux_research,Senior,5+ років,,,DE,2026-05-20,adzuna
ux researcher,ux_research,Middle,2-3 роки,,,DE,2026-05-20,adzuna
ux researcher,ux_research,Senior,5+ років,,,DE,2026-05-20,adzuna
ux researcher,ux_research,Middle,2-3 роки,,,DE,2026-05-20,adzuna
ux researcher,ux_research,Senior,5+ років,,,DE,2026-05-20,adzuna
vue.js developer,vue,Middle,2-3 роки,7062.0,8946.0,DE,2026-05-20,adzuna
vue.js developer,vue,Senior,5+ років,7062.0,8946.0,DE,2026-05-20,adzuna
vue.js developer,vue,Middle,2-3 роки,7062.0,8946.0,DE,2026-05-20,adzuna
vue.js developer,vue,Senior,5+ років,7062.0,8946.0,DE,2026-05-20,adzuna
vue.js developer,vue,Middle,2-3 роки,7062.0,8946.0,DE,2026-05-20,adzuna
vue.js developer,vue,Senior,5+ років,7062.0,8946.0,DE,2026-05-20,adzuna
vue.js developer,vue,Middle,2-3 роки,7062.0,8946.0,DE,2026-05-20,adzuna
vue.js developer,vue,Senior,5+ років,7062.0,8946.0,DE,2026-05-20,adzuna
vue.js developer,vue,Middle,2-3 роки,7062.0,8946.0,DE,2026-05-20,adzuna
vue.js developer,vue,Senior,5+ років,7062.0,8946.0,DE,2026-05-20,adzuna
winforms developer,winforms,Middle,2-3 роки,,,DE,2026-05-20,adzuna
winforms developer,winforms,Senior,5+ років,,,DE,2026-05-20,adzuna
winforms developer,winforms,Middle,2-3 роки,,,DE,2026-05-20,adzuna
winforms developer,winforms,Senior,5+ років,,,DE,2026-05-20,adzuna
winforms developer,winforms,Middle,2-3 роки,,,DE,2026-05-20,adzuna
winforms developer,winforms,Senior,5+ років,,,DE,2026-05-20,adzuna
winforms developer,winforms,Middle,2-3 роки,,,DE,2026-05-20,adzuna
winforms developer,winforms,Senior,5+ років,,,DE,2026-05-20,adzuna
winforms developer,winforms,Middle,2-3 роки,,,DE,2026-05-20,adzuna
winforms developer,winforms,Senior,5+ років,,,DE,2026-05-20,adzuna
wordpress developer,wordpress,Middle,2-3 роки,,,DE,2026-05-20,adzuna
wordpress developer,wordpress,Senior,5+ років,,,DE,2026-05-20,adzuna
wordpress developer,wordpress,Middle,2-3 роки,,,DE,2026-05-20,adzuna
wordpress developer,wordpress,Senior,5+ років,,,DE,2026-05-20,adzuna
wordpress developer,wordpress,Middle,2-3 роки,,,DE,2026-05-20,adzuna
wordpress developer,wordpress,Senior,5+ років,,,DE,2026-05-20,adzuna
wordpress developer,wordpress,Middle,2-3 роки,,,DE,2026-05-20,adzuna
wordpress developer,wordpress,Senior,5+ років,,,DE,2026-05-20,adzuna
wordpress developer,wordpress,Middle,2-3 роки,,,DE,2026-05-20,adzuna
wordpress developer,wordpress,Senior,5+ років,,,DE,2026-05-20,adzuna
wpf developer,wpf,Middle,2-3 роки,,,DE,2026-05-20,adzuna
wpf developer,wpf,Senior,5+ років,,,DE,2026-05-20,adzuna
wpf developer,wpf,Middle,2-3 роки,,,DE,2026-05-20,adzuna
wpf developer,wpf,Senior,5+ років,,,DE,2026-05-20,adzuna
wpf developer,wpf,Middle,2-3 роки,,,DE,2026-05-20,adzuna
wpf developer,wpf,Senior,5+ років,,,DE,2026-05-20,adzuna
wpf developer,wpf,Middle,2-3 роки,,,DE,2026-05-20,adzuna
wpf developer,wpf,Senior,5+ років,,,DE,2026-05-20,adzuna
wpf developer,wpf,Middle,2-3 роки,,,DE,2026-05-20,adzuna
wpf developer,wpf,Senior,5+ років,,,DE,2026-05-20,adzuna
xamarin developer,xamarin,Middle,2-3 роки,,,DE,2026-05-20,adzuna
xamarin developer,xamarin,Senior,5+ років,,,DE,2026-05-20,adzuna
xamarin developer,xamarin,Middle,2-3 роки,,,DE,2026-05-20,adzuna
xamarin developer,xamarin,Senior,5+ років,,,DE,2026-05-20,adzuna
xamarin developer,xamarin,Middle,2-3 роки,,,DE,2026-05-20,adzuna
xamarin developer,xamarin,Senior,5+ років,,,DE,2026-05-20,adzuna
xamarin developer,xamarin,Middle,2-3 роки,,,DE,2026-05-20,adzuna
xamarin developer,xamarin,Senior,5+ років,,,DE,2026-05-20,adzuna
xamarin developer,xamarin,Middle,2-3 роки,,,DE,2026-05-20,adzuna
xamarin developer,xamarin,Senior,5+ років,,,DE,2026-05-20,adzuna
yii developer,yii,Middle,2-3 роки,,,DE,2026-05-20,adzuna
yii developer,yii,Senior,5+ років,,,DE,2026-05-20,adzuna
yii developer,yii,Middle,2-3 роки,,,DE,2026-05-20,adzuna
yii developer,yii,Senior,5+ років,,,DE,2026-05-20,adzuna
yii developer,yii,Middle,2-3 роки,,,DE,2026-05-20,adzuna
yii developer,yii,Senior,5+ років,,,DE,2026-05-20,adzuna
yii developer,yii,Middle,2-3 роки,,,DE,2026-05-20,adzuna
yii developer,yii,Senior,5+ років,,,DE,2026-05-20,adzuna
yii developer,yii,Middle,2-3 роки,,,DE,2026-05-20,adzuna
yii developer,yii,Senior,5+ років,,,DE,2026-05-20,adzuna
2d animator,2d_animation,Middle,2-3 роки,,,NL,2026-05-20,adzuna
2d animator,2d_animation,Senior,5+ років,,,NL,2026-05-20,adzuna
2d animator,2d_animation,Middle,2-3 роки,,,NL,2026-05-20,adzuna
2d animator,2d_animation,Senior,5+ років,,,NL,2026-05-20,adzuna
2d animator,2d_animation,Middle,2-3 роки,,,NL,2026-05-20,adzuna
2d animator,2d_animation,Senior,5+ років,,,NL,2026-05-20,adzuna
2d animator,2d_animation,Middle,2-3 роки,,,NL,2026-05-20,adzuna
2d animator,2d_animation,Senior,5+ років,,,NL,2026-05-20,adzuna
2d animator,2d_animation,Middle,2-3 роки,,,NL,2026-05-20,adzuna
2d animator,2d_animation,Senior,5+ років,,,NL,2026-05-20,adzuna
2d artist,2d_artist,Middle,2-3 роки,,,NL,2026-05-20,adzuna
2d artist,2d_artist,Senior,5+ років,,,NL,2026-05-20,adzuna
2d artist,2d_artist,Middle,2-3 роки,,,NL,2026-05-20,adzuna
2d artist,2d_artist,Senior,5+ років,,,NL,2026-05-20,adzuna
2d artist,2d_artist,Middle,2-3 роки,,,NL,2026-05-20,adzuna
2d artist,2d_artist,Senior,5+ років,,,NL,2026-05-20,adzuna
2d artist,2d_artist,Middle,2-3 роки,,,NL,2026-05-20,adzuna
2d artist,2d_artist,Senior,5+ років,,,NL,2026-05-20,adzuna
2d artist,2d_artist,Middle,2-3 роки,,,NL,2026-05-20,adzuna
2d artist,2d_artist,Senior,5+ років,,,NL,2026-05-20,adzuna
3d animator,3d_animation,Middle,2-3 роки,,,NL,2026-05-20,adzuna
3d animator,3d_animation,Senior,5+ років,,,NL,2026-05-20,adzuna
3d animator,3d_animation,Middle,2-3 роки,,,NL,2026-05-20,adzuna
3d animator,3d_animation,Senior,5+ років,,,NL,2026-05-20,adzuna
3d animator,3d_animation,Middle,2-3 роки,,,NL,2026-05-20,adzuna
3d animator,3d_animation,Senior,5+ років,,,NL,2026-05-20,adzuna
3d animator,3d_animation,Middle,2-3 роки,,,NL,2026-05-20,adzuna
3d animator,3d_animation,Senior,5+ років,,,NL,2026-05-20,adzuna
3d animator,3d_animation,Middle,2-3 роки,,,NL,2026-05-20,adzuna
3d animator,3d_animation,Senior,5+ років,,,NL,2026-05-20,adzuna
3d artist,3d_artist,Middle,2-3 роки,,,NL,2026-05-20,adzuna
3d artist,3d_artist,Senior,5+ років,,,NL,2026-05-20,adzuna
3d artist,3d_artist,Middle,2-3 роки,,,NL,2026-05-20,adzuna
3d artist,3d_artist,Senior,5+ років,,,NL,2026-05-20,adzuna
3d artist,3d_artist,Middle,2-3 роки,,,NL,2026-05-20,adzuna
3d artist,3d_artist,Senior,5+ років,,,NL,2026-05-20,adzuna
3d artist,3d_artist,Middle,2-3 роки,,,NL,2026-05-20,adzuna
3d artist,3d_artist,Senior,5+ років,,,NL,2026-05-20,adzuna
3d artist,3d_artist,Middle,2-3 роки,,,NL,2026-05-20,adzuna
3d artist,3d_artist,Senior,5+ років,,,NL,2026-05-20,adzuna
accountant finance,accountant,Middle,2-3 роки,3249.0,5650.0,NL,2026-05-20,adzuna
accountant finance,accountant,Senior,5+ років,3390.0,5650.0,NL,2026-05-20,adzuna
accountant finance,accountant,Middle,2-3 роки,3249.0,5650.0,NL,2026-05-20,adzuna
accountant finance,accountant,Senior,5+ років,3390.0,5650.0,NL,2026-05-20,adzuna
accountant finance,accountant,Middle,2-3 роки,3249.0,5650.0,NL,2026-05-20,adzuna
accountant finance,accountant,Senior,5+ років,3390.0,5650.0,NL,2026-05-20,adzuna
accountant finance,accountant,Middle,2-3 роки,3249.0,5650.0,NL,2026-05-20,adzuna
accountant finance,accountant,Senior,5+ років,3390.0,5650.0,NL,2026-05-20,adzuna
accountant finance,accountant,Middle,2-3 роки,3249.0,5650.0,NL,2026-05-20,adzuna
accountant finance,accountant,Senior,5+ років,3390.0,5650.0,NL,2026-05-20,adzuna
affiliate manager,affiliate_manager,Middle,2-3 роки,,,NL,2026-05-20,adzuna
affiliate manager,affiliate_manager,Senior,5+ років,,,NL,2026-05-20,adzuna
affiliate manager,affiliate_manager,Middle,2-3 роки,,,NL,2026-05-20,adzuna
affiliate manager,affiliate_manager,Senior,5+ років,,,NL,2026-05-20,adzuna
affiliate manager,affiliate_manager,Middle,2-3 роки,,,NL,2026-05-20,adzuna
affiliate manager,affiliate_manager,Senior,5+ років,,,NL,2026-05-20,adzuna
affiliate manager,affiliate_manager,Middle,2-3 роки,,,NL,2026-05-20,adzuna
affiliate manager,affiliate_manager,Senior,5+ років,,,NL,2026-05-20,adzuna
affiliate manager,affiliate_manager,Middle,2-3 роки,,,NL,2026-05-20,adzuna
affiliate manager,affiliate_manager,Senior,5+ років,,,NL,2026-05-20,adzuna
android developer,android,Middle,2-3 роки,,,NL,2026-05-20,adzuna
android developer,android,Senior,5+ років,,,NL,2026-05-20,adzuna
android developer,android,Middle,2-3 роки,,,NL,2026-05-20,adzuna
android developer,android,Senior,5+ років,,,NL,2026-05-20,adzuna
android developer,android,Middle,2-3 роки,,,NL,2026-05-20,adzuna
android developer,android,Senior,5+ років,,,NL,2026-05-20,adzuna
android developer,android,Middle,2-3 роки,,,NL,2026-05-20,adzuna
android developer,android,Senior,5+ років,,,NL,2026-05-20,adzuna
android developer,android,Middle,2-3 роки,,,NL,2026-05-20,adzuna
android developer,android,Senior,5+ років,,,NL,2026-05-20,adzuna
angular developer,angular,Middle,2-3 роки,,,NL,2026-05-20,adzuna
angular developer,angular,Senior,5+ років,,,NL,2026-05-20,adzuna
angular developer,angular,Middle,2-3 роки,,,NL,2026-05-20,adzuna
angular developer,angular,Senior,5+ років,,,NL,2026-05-20,adzuna
angular developer,angular,Middle,2-3 роки,,,NL,2026-05-20,adzuna
angular developer,angular,Senior,5+ років,,,NL,2026-05-20,adzuna
angular developer,angular,Middle,2-3 роки,,,NL,2026-05-20,adzuna
angular developer,angular,Senior,5+ років,,,NL,2026-05-20,adzuna
angular developer,angular,Middle,2-3 роки,,,NL,2026-05-20,adzuna
angular developer,angular,Senior,5+ років,,,NL,2026-05-20,adzuna
asp.net developer,asp_net,Middle,2-3 роки,,,NL,2026-05-20,adzuna
asp.net developer,asp_net,Senior,5+ років,,,NL,2026-05-20,adzuna
asp.net developer,asp_net,Middle,2-3 роки,,,NL,2026-05-20,adzuna
asp.net developer,asp_net,Senior,5+ років,,,NL,2026-05-20,adzuna
asp.net developer,asp_net,Middle,2-3 роки,,,NL,2026-05-20,adzuna
asp.net developer,asp_net,Senior,5+ років,,,NL,2026-05-20,adzuna
asp.net developer,asp_net,Middle,2-3 роки,,,NL,2026-05-20,adzuna
asp.net developer,asp_net,Senior,5+ років,,,NL,2026-05-20,adzuna
asp.net developer,asp_net,Middle,2-3 роки,,,NL,2026-05-20,adzuna
asp.net developer,asp_net,Senior,5+ років,,,NL,2026-05-20,adzuna
blazor developer,blazor,Middle,2-3 роки,,,NL,2026-05-20,adzuna
blazor developer,blazor,Senior,5+ років,,,NL,2026-05-20,adzuna
blazor developer,blazor,Middle,2-3 роки,,,NL,2026-05-20,adzuna
blazor developer,blazor,Senior,5+ років,,,NL,2026-05-20,adzuna
blazor developer,blazor,Middle,2-3 роки,,,NL,2026-05-20,adzuna
blazor developer,blazor,Senior,5+ років,,,NL,2026-05-20,adzuna
blazor developer,blazor,Middle,2-3 роки,,,NL,2026-05-20,adzuna
blazor developer,blazor,Senior,5+ років,,,NL,2026-05-20,adzuna
blazor developer,blazor,Middle,2-3 роки,,,NL,2026-05-20,adzuna
blazor developer,blazor,Senior,5+ років,,,NL,2026-05-20,adzuna
business analyst IT,business_analyst,Middle,2-3 роки,,,NL,2026-05-20,adzuna
business analyst IT,business_analyst,Senior,5+ років,,,NL,2026-05-20,adzuna
business analyst IT,business_analyst,Middle,2-3 роки,,,NL,2026-05-20,adzuna
business analyst IT,business_analyst,Senior,5+ років,,,NL,2026-05-20,adzuna
business analyst IT,business_analyst,Middle,2-3 роки,,,NL,2026-05-20,adzuna
business analyst IT,business_analyst,Senior,5+ років,,,NL,2026-05-20,adzuna
business analyst IT,business_analyst,Middle,2-3 роки,,,NL,2026-05-20,adzuna
business analyst IT,business_analyst,Senior,5+ років,,,NL,2026-05-20,adzuna
business analyst IT,business_analyst,Middle,2-3 роки,,,NL,2026-05-20,adzuna
business analyst IT,business_analyst,Senior,5+ років,,,NL,2026-05-20,adzuna
c programmer,c,Middle,2-3 роки,,,NL,2026-05-20,adzuna
c programmer,c,Senior,5+ років,,,NL,2026-05-20,adzuna
c programmer,c,Middle,2-3 роки,,,NL,2026-05-20,adzuna
c programmer,c,Senior,5+ років,,,NL,2026-05-20,adzuna
c programmer,c,Middle,2-3 роки,,,NL,2026-05-20,adzuna
c programmer,c,Senior,5+ років,,,NL,2026-05-20,adzuna
c programmer,c,Middle,2-3 роки,,,NL,2026-05-20,adzuna
c programmer,c,Senior,5+ років,,,NL,2026-05-20,adzuna
c programmer,c,Middle,2-3 роки,,,NL,2026-05-20,adzuna
c programmer,c,Senior,5+ років,,,NL,2026-05-20,adzuna
chief business development officer,cbdo,Middle,2-3 роки,,,NL,2026-05-20,adzuna
chief business development officer,cbdo,Senior,5+ років,,,NL,2026-05-20,adzuna
chief business development officer,cbdo,Middle,2-3 роки,,,NL,2026-05-20,adzuna
chief business development officer,cbdo,Senior,5+ років,,,NL,2026-05-20,adzuna
chief business development officer,cbdo,Middle,2-3 роки,,,NL,2026-05-20,adzuna
chief business development officer,cbdo,Senior,5+ років,,,NL,2026-05-20,adzuna
chief business development officer,cbdo,Middle,2-3 роки,,,NL,2026-05-20,adzuna
chief business development officer,cbdo,Senior,5+ років,,,NL,2026-05-20,adzuna
chief business development officer,cbdo,Middle,2-3 роки,,,NL,2026-05-20,adzuna
chief business development officer,cbdo,Senior,5+ років,,,NL,2026-05-20,adzuna
chief commercial officer,cco,Middle,2-3 роки,,,NL,2026-05-20,adzuna
chief commercial officer,cco,Senior,5+ років,,,NL,2026-05-20,adzuna
chief commercial officer,cco,Middle,2-3 роки,,,NL,2026-05-20,adzuna
chief commercial officer,cco,Senior,5+ років,,,NL,2026-05-20,adzuna
chief commercial officer,cco,Middle,2-3 роки,,,NL,2026-05-20,adzuna
chief commercial officer,cco,Senior,5+ років,,,NL,2026-05-20,adzuna
chief commercial officer,cco,Middle,2-3 роки,,,NL,2026-05-20,adzuna
chief commercial officer,cco,Senior,5+ років,,,NL,2026-05-20,adzuna
chief commercial officer,cco,Middle,2-3 роки,,,NL,2026-05-20,adzuna
chief commercial officer,cco,Senior,5+ років,,,NL,2026-05-20,adzuna
chief executive officer tech,ceo,Middle,2-3 роки,,,NL,2026-05-20,adzuna
chief executive officer tech,ceo,Senior,5+ років,,,NL,2026-05-20,adzuna
chief executive officer tech,ceo,Middle,2-3 роки,,,NL,2026-05-20,adzuna
chief executive officer tech,ceo,Senior,5+ років,,,NL,2026-05-20,adzuna
chief executive officer tech,ceo,Middle,2-3 роки,,,NL,2026-05-20,adzuna
chief executive officer tech,ceo,Senior,5+ років,,,NL,2026-05-20,adzuna
chief executive officer tech,ceo,Middle,2-3 роки,,,NL,2026-05-20,adzuna
chief executive officer tech,ceo,Senior,5+ років,,,NL,2026-05-20,adzuna
chief executive officer tech,ceo,Middle,2-3 роки,,,NL,2026-05-20,adzuna
chief executive officer tech,ceo,Senior,5+ років,,,NL,2026-05-20,adzuna
chief financial officer tech,cfo,Middle,2-3 роки,,,NL,2026-05-20,adzuna
chief financial officer tech,cfo,Senior,5+ років,,,NL,2026-05-20,adzuna
chief financial officer tech,cfo,Middle,2-3 роки,,,NL,2026-05-20,adzuna
chief financial officer tech,cfo,Senior,5+ років,,,NL,2026-05-20,adzuna
chief financial officer tech,cfo,Middle,2-3 роки,,,NL,2026-05-20,adzuna
chief financial officer tech,cfo,Senior,5+ років,,,NL,2026-05-20,adzuna
chief financial officer tech,cfo,Middle,2-3 роки,,,NL,2026-05-20,adzuna
chief financial officer tech,cfo,Senior,5+ років,,,NL,2026-05-20,adzuna
chief financial officer tech,cfo,Middle,2-3 роки,,,NL,2026-05-20,adzuna
chief financial officer tech,cfo,Senior,5+ років,,,NL,2026-05-20,adzuna
chief information officer,cio,Middle,2-3 роки,,,NL,2026-05-20,adzuna
chief information officer,cio,Senior,5+ років,,,NL,2026-05-20,adzuna
chief information officer,cio,Middle,2-3 роки,,,NL,2026-05-20,adzuna
chief information officer,cio,Senior,5+ років,,,NL,2026-05-20,adzuna
chief information officer,cio,Middle,2-3 роки,,,NL,2026-05-20,adzuna
chief information officer,cio,Senior,5+ років,,,NL,2026-05-20,adzuna
chief information officer,cio,Middle,2-3 роки,,,NL,2026-05-20,adzuna
chief information officer,cio,Senior,5+ років,,,NL,2026-05-20,adzuna
chief information officer,cio,Middle,2-3 роки,,,NL,2026-05-20,adzuna
chief information officer,cio,Senior,5+ років,,,NL,2026-05-20,adzuna
chief marketing officer tech,cmo,Middle,2-3 роки,,,NL,2026-05-20,adzuna
chief marketing officer tech,cmo,Senior,5+ років,,,NL,2026-05-20,adzuna
chief marketing officer tech,cmo,Middle,2-3 роки,,,NL,2026-05-20,adzuna
chief marketing officer tech,cmo,Senior,5+ років,,,NL,2026-05-20,adzuna
chief marketing officer tech,cmo,Middle,2-3 роки,,,NL,2026-05-20,adzuna
chief marketing officer tech,cmo,Senior,5+ років,,,NL,2026-05-20,adzuna
chief marketing officer tech,cmo,Middle,2-3 роки,,,NL,2026-05-20,adzuna
chief marketing officer tech,cmo,Senior,5+ років,,,NL,2026-05-20,adzuna
chief marketing officer tech,cmo,Middle,2-3 роки,,,NL,2026-05-20,adzuna
chief marketing officer tech,cmo,Senior,5+ років,,,NL,2026-05-20,adzuna
content designer,content_design,Middle,2-3 роки,,,NL,2026-05-20,adzuna
content designer,content_design,Senior,5+ років,,,NL,2026-05-20,adzuna
content designer,content_design,Middle,2-3 роки,,,NL,2026-05-20,adzuna
content designer,content_design,Senior,5+ років,,,NL,2026-05-20,adzuna
content designer,content_design,Middle,2-3 роки,,,NL,2026-05-20,adzuna
content designer,content_design,Senior,5+ років,,,NL,2026-05-20,adzuna
content designer,content_design,Middle,2-3 роки,,,NL,2026-05-20,adzuna
content designer,content_design,Senior,5+ років,,,NL,2026-05-20,adzuna
content designer,content_design,Middle,2-3 роки,,,NL,2026-05-20,adzuna
content designer,content_design,Senior,5+ років,,,NL,2026-05-20,adzuna
content manager,content_manager,Middle,2-3 роки,4195.0,5415.0,NL,2026-05-20,adzuna
content manager,content_manager,Senior,5+ років,4195.0,5415.0,NL,2026-05-20,adzuna
content manager,content_manager,Middle,2-3 роки,4195.0,5415.0,NL,2026-05-20,adzuna
content manager,content_manager,Senior,5+ років,4195.0,5415.0,NL,2026-05-20,adzuna
content manager,content_manager,Middle,2-3 роки,4195.0,5415.0,NL,2026-05-20,adzuna
content manager,content_manager,Senior,5+ років,4195.0,5415.0,NL,2026-05-20,adzuna
content manager,content_manager,Middle,2-3 роки,4195.0,5415.0,NL,2026-05-20,adzuna
content manager,content_manager,Senior,5+ років,4195.0,5415.0,NL,2026-05-20,adzuna
content manager,content_manager,Middle,2-3 роки,4195.0,5415.0,NL,2026-05-20,adzuna
content manager,content_manager,Senior,5+ років,4195.0,5415.0,NL,2026-05-20,adzuna
content marketing manager,content_marketing,Middle,2-3 роки,,,NL,2026-05-20,adzuna
content marketing manager,content_marketing,Senior,5+ років,,,NL,2026-05-20,adzuna
content marketing manager,content_marketing,Middle,2-3 роки,,,NL,2026-05-20,adzuna
content marketing manager,content_marketing,Senior,5+ років,,,NL,2026-05-20,adzuna
content marketing manager,content_marketing,Middle,2-3 роки,,,NL,2026-05-20,adzuna
content marketing manager,content_marketing,Senior,5+ років,,,NL,2026-05-20,adzuna
content marketing manager,content_marketing,Middle,2-3 роки,,,NL,2026-05-20,adzuna
content marketing manager,content_marketing,Senior,5+ років,,,NL,2026-05-20,adzuna
content marketing manager,content_marketing,Middle,2-3 роки,,,NL,2026-05-20,adzuna
content marketing manager,content_marketing,Senior,5+ років,,,NL,2026-05-20,adzuna
content writer,content_writing,Middle,2-3 роки,,,NL,2026-05-20,adzuna
content writer,content_writing,Senior,5+ років,,,NL,2026-05-20,adzuna
content writer,content_writing,Middle,2-3 роки,,,NL,2026-05-20,adzuna
content writer,content_writing,Senior,5+ років,,,NL,2026-05-20,adzuna
content writer,content_writing,Middle,2-3 роки,,,NL,2026-05-20,adzuna
content writer,content_writing,Senior,5+ років,,,NL,2026-05-20,adzuna
content writer,content_writing,Middle,2-3 роки,,,NL,2026-05-20,adzuna
content writer,content_writing,Senior,5+ років,,,NL,2026-05-20,adzuna
content writer,content_writing,Middle,2-3 роки,,,NL,2026-05-20,adzuna
content writer,content_writing,Senior,5+ років,,,NL,2026-05-20,adzuna
chief operating officer,coo,Middle,2-3 роки,,,NL,2026-05-20,adzuna
chief operating officer,coo,Senior,5+ років,,,NL,2026-05-20,adzuna
chief operating officer,coo,Middle,2-3 роки,,,NL,2026-05-20,adzuna
chief operating officer,coo,Senior,5+ років,,,NL,2026-05-20,adzuna
chief operating officer,coo,Middle,2-3 роки,,,NL,2026-05-20,adzuna
chief operating officer,coo,Senior,5+ років,,,NL,2026-05-20,adzuna
chief operating officer,coo,Middle,2-3 роки,,,NL,2026-05-20,adzuna
chief operating officer,coo,Senior,5+ років,,,NL,2026-05-20,adzuna
chief operating officer,coo,Middle,2-3 роки,,,NL,2026-05-20,adzuna
chief operating officer,coo,Senior,5+ років,,,NL,2026-05-20,adzuna
c++ developer,cplusplus,Middle,2-3 роки,,,NL,2026-05-20,adzuna
c++ developer,cplusplus,Senior,5+ років,,,NL,2026-05-20,adzuna
c++ developer,cplusplus,Middle,2-3 роки,,,NL,2026-05-20,adzuna
c++ developer,cplusplus,Senior,5+ років,,,NL,2026-05-20,adzuna
c++ developer,cplusplus,Middle,2-3 роки,,,NL,2026-05-20,adzuna
c++ developer,cplusplus,Senior,5+ років,,,NL,2026-05-20,adzuna
c++ developer,cplusplus,Middle,2-3 роки,,,NL,2026-05-20,adzuna
c++ developer,cplusplus,Senior,5+ років,,,NL,2026-05-20,adzuna
c++ developer,cplusplus,Middle,2-3 роки,,,NL,2026-05-20,adzuna
c++ developer,cplusplus,Senior,5+ років,,,NL,2026-05-20,adzuna
chief product officer,cpo,Middle,2-3 роки,,,NL,2026-05-20,adzuna
chief product officer,cpo,Senior,5+ років,,,NL,2026-05-20,adzuna
chief product officer,cpo,Middle,2-3 роки,,,NL,2026-05-20,adzuna
chief product officer,cpo,Senior,5+ років,,,NL,2026-05-20,adzuna
chief product officer,cpo,Middle,2-3 роки,,,NL,2026-05-20,adzuna
chief product officer,cpo,Senior,5+ років,,,NL,2026-05-20,adzuna
chief product officer,cpo,Middle,2-3 роки,,,NL,2026-05-20,adzuna
chief product officer,cpo,Senior,5+ років,,,NL,2026-05-20,adzuna
chief product officer,cpo,Middle,2-3 роки,,,NL,2026-05-20,adzuna
chief product officer,cpo,Senior,5+ років,,,NL,2026-05-20,adzuna
c++ developer,cpp,Middle,2-3 роки,,,NL,2026-05-20,adzuna
c++ developer,cpp,Senior,5+ років,,,NL,2026-05-20,adzuna
c++ developer,cpp,Middle,2-3 роки,,,NL,2026-05-20,adzuna
c++ developer,cpp,Senior,5+ років,,,NL,2026-05-20,adzuna
c++ developer,cpp,Middle,2-3 роки,,,NL,2026-05-20,adzuna
c++ developer,cpp,Senior,5+ років,,,NL,2026-05-20,adzuna
c++ developer,cpp,Middle,2-3 роки,,,NL,2026-05-20,adzuna
c++ developer,cpp,Senior,5+ років,,,NL,2026-05-20,adzuna
c++ developer,cpp,Middle,2-3 роки,,,NL,2026-05-20,adzuna
c++ developer,cpp,Senior,5+ років,,,NL,2026-05-20,adzuna
chief technology officer,cto,Middle,2-3 роки,,,NL,2026-05-20,adzuna
chief technology officer,cto,Senior,5+ років,,,NL,2026-05-20,adzuna
chief technology officer,cto,Middle,2-3 роки,,,NL,2026-05-20,adzuna
chief technology officer,cto,Senior,5+ років,,,NL,2026-05-20,adzuna
chief technology officer,cto,Middle,2-3 роки,,,NL,2026-05-20,adzuna
chief technology officer,cto,Senior,5+ років,,,NL,2026-05-20,adzuna
chief technology officer,cto,Middle,2-3 роки,,,NL,2026-05-20,adzuna
chief technology officer,cto,Senior,5+ років,,,NL,2026-05-20,adzuna
chief technology officer,cto,Middle,2-3 роки,,,NL,2026-05-20,adzuna
chief technology officer,cto,Senior,5+ років,,,NL,2026-05-20,adzuna
data analyst,data_analyst,Middle,2-3 роки,3989.0,4520.0,NL,2026-05-20,adzuna
data analyst,data_analyst,Senior,5+ років,4520.0,5650.0,NL,2026-05-20,adzuna
data analyst,data_analyst,Middle,2-3 роки,3989.0,4520.0,NL,2026-05-20,adzuna
data analyst,data_analyst,Senior,5+ років,4520.0,5650.0,NL,2026-05-20,adzuna
data analyst,data_analyst,Middle,2-3 роки,3989.0,4520.0,NL,2026-05-20,adzuna
data analyst,data_analyst,Senior,5+ років,4520.0,5650.0,NL,2026-05-20,adzuna
data analyst,data_analyst,Middle,2-3 роки,3989.0,4520.0,NL,2026-05-20,adzuna
data analyst,data_analyst,Senior,5+ років,4520.0,5650.0,NL,2026-05-20,adzuna
data analyst,data_analyst,Middle,2-3 роки,3989.0,4520.0,NL,2026-05-20,adzuna
data analyst,data_analyst,Senior,5+ років,4520.0,5650.0,NL,2026-05-20,adzuna
data engineer,data_engineer,Middle,2-3 роки,3955.0,6215.0,NL,2026-05-20,adzuna
data engineer,data_engineer,Senior,5+ років,3955.0,6215.0,NL,2026-05-20,adzuna
data engineer,data_engineer,Middle,2-3 роки,3955.0,6215.0,NL,2026-05-20,adzuna
data engineer,data_engineer,Senior,5+ років,3955.0,6215.0,NL,2026-05-20,adzuna
data engineer,data_engineer,Middle,2-3 роки,3955.0,6215.0,NL,2026-05-20,adzuna
data engineer,data_engineer,Senior,5+ років,3955.0,6215.0,NL,2026-05-20,adzuna
data engineer,data_engineer,Middle,2-3 роки,3955.0,6215.0,NL,2026-05-20,adzuna
data engineer,data_engineer,Senior,5+ років,3955.0,6215.0,NL,2026-05-20,adzuna
data engineer,data_engineer,Middle,2-3 роки,3955.0,6215.0,NL,2026-05-20,adzuna
data engineer,data_engineer,Senior,5+ років,3955.0,6215.0,NL,2026-05-20,adzuna
data scientist,data_science,Middle,2-3 роки,5537.0,7458.0,NL,2026-05-20,adzuna
data scientist,data_science,Senior,5+ років,5537.0,7458.0,NL,2026-05-20,adzuna
data scientist,data_science,Middle,2-3 роки,5537.0,7458.0,NL,2026-05-20,adzuna
data scientist,data_science,Senior,5+ років,5537.0,7458.0,NL,2026-05-20,adzuna
data scientist,data_science,Middle,2-3 роки,5537.0,7458.0,NL,2026-05-20,adzuna
data scientist,data_science,Senior,5+ років,5537.0,7458.0,NL,2026-05-20,adzuna
data scientist,data_science,Middle,2-3 роки,5537.0,7458.0,NL,2026-05-20,adzuna
data scientist,data_science,Senior,5+ років,5537.0,7458.0,NL,2026-05-20,adzuna
data scientist,data_science,Middle,2-3 роки,5537.0,7458.0,NL,2026-05-20,adzuna
data scientist,data_science,Senior,5+ років,5537.0,7458.0,NL,2026-05-20,adzuna
delivery manager agile IT,delivery_manager,Middle,2-3 роки,,,NL,2026-05-20,adzuna
delivery manager agile IT,delivery_manager,Senior,5+ років,,,NL,2026-05-20,adzuna
delivery manager agile IT,delivery_manager,Middle,2-3 роки,,,NL,2026-05-20,adzuna
delivery manager agile IT,delivery_manager,Senior,5+ років,,,NL,2026-05-20,adzuna
delivery manager agile IT,delivery_manager,Middle,2-3 роки,,,NL,2026-05-20,adzuna
delivery manager agile IT,delivery_manager,Senior,5+ років,,,NL,2026-05-20,adzuna
delivery manager agile IT,delivery_manager,Middle,2-3 роки,,,NL,2026-05-20,adzuna
delivery manager agile IT,delivery_manager,Senior,5+ років,,,NL,2026-05-20,adzuna
delivery manager agile IT,delivery_manager,Middle,2-3 роки,,,NL,2026-05-20,adzuna
delivery manager agile IT,delivery_manager,Senior,5+ років,,,NL,2026-05-20,adzuna
graphic designer,design,Middle,2-3 роки,,,NL,2026-05-20,adzuna
graphic designer,design,Senior,5+ років,,,NL,2026-05-20,adzuna
graphic designer,design,Middle,2-3 роки,,,NL,2026-05-20,adzuna
graphic designer,design,Senior,5+ років,,,NL,2026-05-20,adzuna
graphic designer,design,Middle,2-3 роки,,,NL,2026-05-20,adzuna
graphic designer,design,Senior,5+ років,,,NL,2026-05-20,adzuna
graphic designer,design,Middle,2-3 роки,,,NL,2026-05-20,adzuna
graphic designer,design,Senior,5+ років,,,NL,2026-05-20,adzuna
graphic designer,design,Middle,2-3 роки,,,NL,2026-05-20,adzuna
graphic designer,design,Senior,5+ років,,,NL,2026-05-20,adzuna
devops engineer,dev_ops,Middle,2-3 роки,4520.0,6780.0,NL,2026-05-20,adzuna
devops engineer,dev_ops,Senior,5+ років,6780.0,7910.0,NL,2026-05-20,adzuna
devops engineer,dev_ops,Middle,2-3 роки,4520.0,6780.0,NL,2026-05-20,adzuna
devops engineer,dev_ops,Senior,5+ років,6780.0,7910.0,NL,2026-05-20,adzuna
devops engineer,dev_ops,Middle,2-3 роки,4520.0,6780.0,NL,2026-05-20,adzuna
devops engineer,dev_ops,Senior,5+ років,6780.0,7910.0,NL,2026-05-20,adzuna
devops engineer,dev_ops,Middle,2-3 роки,4520.0,6780.0,NL,2026-05-20,adzuna
devops engineer,dev_ops,Senior,5+ років,6780.0,7910.0,NL,2026-05-20,adzuna
devops engineer,dev_ops,Middle,2-3 роки,4520.0,6780.0,NL,2026-05-20,adzuna
devops engineer,dev_ops,Senior,5+ років,6780.0,7910.0,NL,2026-05-20,adzuna
digital marketing,digital_marketing,Middle,2-3 роки,,,NL,2026-05-20,adzuna
digital marketing,digital_marketing,Senior,5+ років,,,NL,2026-05-20,adzuna
digital marketing,digital_marketing,Middle,2-3 роки,,,NL,2026-05-20,adzuna
digital marketing,digital_marketing,Senior,5+ років,,,NL,2026-05-20,adzuna
digital marketing,digital_marketing,Middle,2-3 роки,,,NL,2026-05-20,adzuna
digital marketing,digital_marketing,Senior,5+ років,,,NL,2026-05-20,adzuna
digital marketing,digital_marketing,Middle,2-3 роки,,,NL,2026-05-20,adzuna
digital marketing,digital_marketing,Senior,5+ років,,,NL,2026-05-20,adzuna
digital marketing,digital_marketing,Middle,2-3 роки,,,NL,2026-05-20,adzuna
digital marketing,digital_marketing,Senior,5+ років,,,NL,2026-05-20,adzuna
digital marketing manager,digital_marketing_manager,Middle,2-3 роки,,,NL,2026-05-20,adzuna
digital marketing manager,digital_marketing_manager,Senior,5+ років,,,NL,2026-05-20,adzuna
digital marketing manager,digital_marketing_manager,Middle,2-3 роки,,,NL,2026-05-20,adzuna
digital marketing manager,digital_marketing_manager,Senior,5+ років,,,NL,2026-05-20,adzuna
digital marketing manager,digital_marketing_manager,Middle,2-3 роки,,,NL,2026-05-20,adzuna
digital marketing manager,digital_marketing_manager,Senior,5+ років,,,NL,2026-05-20,adzuna
digital marketing manager,digital_marketing_manager,Middle,2-3 роки,,,NL,2026-05-20,adzuna
digital marketing manager,digital_marketing_manager,Senior,5+ років,,,NL,2026-05-20,adzuna
digital marketing manager,digital_marketing_manager,Middle,2-3 роки,,,NL,2026-05-20,adzuna
digital marketing manager,digital_marketing_manager,Senior,5+ років,,,NL,2026-05-20,adzuna
.net developer,dotnet,Middle,2-3 роки,5942.0,6667.0,NL,2026-05-20,adzuna
.net developer,dotnet,Senior,5+ років,5942.0,6667.0,NL,2026-05-20,adzuna
.net developer,dotnet,Middle,2-3 роки,5942.0,6667.0,NL,2026-05-20,adzuna
.net developer,dotnet,Senior,5+ років,5942.0,6667.0,NL,2026-05-20,adzuna
.net developer,dotnet,Middle,2-3 роки,5942.0,6667.0,NL,2026-05-20,adzuna
.net developer,dotnet,Senior,5+ років,5942.0,6667.0,NL,2026-05-20,adzuna
.net developer,dotnet,Middle,2-3 роки,5942.0,6667.0,NL,2026-05-20,adzuna
.net developer,dotnet,Senior,5+ років,5942.0,6667.0,NL,2026-05-20,adzuna
.net developer,dotnet,Middle,2-3 роки,5942.0,6667.0,NL,2026-05-20,adzuna
.net developer,dotnet,Senior,5+ років,5942.0,6667.0,NL,2026-05-20,adzuna
.net cloud developer,dotnet_cloud,Middle,2-3 роки,,,NL,2026-05-20,adzuna
.net cloud developer,dotnet_cloud,Senior,5+ років,,,NL,2026-05-20,adzuna
.net cloud developer,dotnet_cloud,Middle,2-3 роки,,,NL,2026-05-20,adzuna
.net cloud developer,dotnet_cloud,Senior,5+ років,,,NL,2026-05-20,adzuna
.net cloud developer,dotnet_cloud,Middle,2-3 роки,,,NL,2026-05-20,adzuna
.net cloud developer,dotnet_cloud,Senior,5+ років,,,NL,2026-05-20,adzuna
.net cloud developer,dotnet_cloud,Middle,2-3 роки,,,NL,2026-05-20,adzuna
.net cloud developer,dotnet_cloud,Senior,5+ років,,,NL,2026-05-20,adzuna
.net cloud developer,dotnet_cloud,Middle,2-3 роки,,,NL,2026-05-20,adzuna
.net cloud developer,dotnet_cloud,Senior,5+ років,,,NL,2026-05-20,adzuna
.net desktop developer,dotnet_desktop,Middle,2-3 роки,,,NL,2026-05-20,adzuna
.net desktop developer,dotnet_desktop,Senior,5+ років,,,NL,2026-05-20,adzuna
.net desktop developer,dotnet_desktop,Middle,2-3 роки,,,NL,2026-05-20,adzuna
.net desktop developer,dotnet_desktop,Senior,5+ років,,,NL,2026-05-20,adzuna
.net desktop developer,dotnet_desktop,Middle,2-3 роки,,,NL,2026-05-20,adzuna
.net desktop developer,dotnet_desktop,Senior,5+ років,,,NL,2026-05-20,adzuna
.net desktop developer,dotnet_desktop,Middle,2-3 роки,,,NL,2026-05-20,adzuna
.net desktop developer,dotnet_desktop,Senior,5+ років,,,NL,2026-05-20,adzuna
.net desktop developer,dotnet_desktop,Middle,2-3 роки,,,NL,2026-05-20,adzuna
.net desktop developer,dotnet_desktop,Senior,5+ років,,,NL,2026-05-20,adzuna
.net mobile developer,dotnet_mobile,Middle,2-3 роки,,,NL,2026-05-20,adzuna
.net mobile developer,dotnet_mobile,Senior,5+ років,,,NL,2026-05-20,adzuna
.net mobile developer,dotnet_mobile,Middle,2-3 роки,,,NL,2026-05-20,adzuna
.net mobile developer,dotnet_mobile,Senior,5+ років,,,NL,2026-05-20,adzuna
.net mobile developer,dotnet_mobile,Middle,2-3 роки,,,NL,2026-05-20,adzuna
.net mobile developer,dotnet_mobile,Senior,5+ років,,,NL,2026-05-20,adzuna
.net mobile developer,dotnet_mobile,Middle,2-3 роки,,,NL,2026-05-20,adzuna
.net mobile developer,dotnet_mobile,Senior,5+ років,,,NL,2026-05-20,adzuna
.net mobile developer,dotnet_mobile,Middle,2-3 роки,,,NL,2026-05-20,adzuna
.net mobile developer,dotnet_mobile,Senior,5+ років,,,NL,2026-05-20,adzuna
asp.net web developer,dotnet_web,Middle,2-3 роки,,,NL,2026-05-20,adzuna
asp.net web developer,dotnet_web,Senior,5+ років,,,NL,2026-05-20,adzuna
asp.net web developer,dotnet_web,Middle,2-3 роки,,,NL,2026-05-20,adzuna
asp.net web developer,dotnet_web,Senior,5+ років,,,NL,2026-05-20,adzuna
asp.net web developer,dotnet_web,Middle,2-3 роки,,,NL,2026-05-20,adzuna
asp.net web developer,dotnet_web,Senior,5+ років,,,NL,2026-05-20,adzuna
asp.net web developer,dotnet_web,Middle,2-3 роки,,,NL,2026-05-20,adzuna
asp.net web developer,dotnet_web,Senior,5+ років,,,NL,2026-05-20,adzuna
asp.net web developer,dotnet_web,Middle,2-3 роки,,,NL,2026-05-20,adzuna
asp.net web developer,dotnet_web,Senior,5+ років,,,NL,2026-05-20,adzuna
drupal developer,drupal,Middle,2-3 роки,,,NL,2026-05-20,adzuna
drupal developer,drupal,Senior,5+ років,,,NL,2026-05-20,adzuna
drupal developer,drupal,Middle,2-3 роки,,,NL,2026-05-20,adzuna
drupal developer,drupal,Senior,5+ років,,,NL,2026-05-20,adzuna
drupal developer,drupal,Middle,2-3 роки,,,NL,2026-05-20,adzuna
drupal developer,drupal,Senior,5+ років,,,NL,2026-05-20,adzuna
drupal developer,drupal,Middle,2-3 роки,,,NL,2026-05-20,adzuna
drupal developer,drupal,Senior,5+ років,,,NL,2026-05-20,adzuna
drupal developer,drupal,Middle,2-3 роки,,,NL,2026-05-20,adzuna
drupal developer,drupal,Senior,5+ років,,,NL,2026-05-20,adzuna
elixir developer,elixir,Middle,2-3 роки,,,NL,2026-05-20,adzuna
elixir developer,elixir,Senior,5+ років,,,NL,2026-05-20,adzuna
elixir developer,elixir,Middle,2-3 роки,,,NL,2026-05-20,adzuna
elixir developer,elixir,Senior,5+ років,,,NL,2026-05-20,adzuna
elixir developer,elixir,Middle,2-3 роки,,,NL,2026-05-20,adzuna
elixir developer,elixir,Senior,5+ років,,,NL,2026-05-20,adzuna
elixir developer,elixir,Middle,2-3 роки,,,NL,2026-05-20,adzuna
elixir developer,elixir,Senior,5+ років,,,NL,2026-05-20,adzuna
elixir developer,elixir,Middle,2-3 роки,,,NL,2026-05-20,adzuna
elixir developer,elixir,Senior,5+ років,,,NL,2026-05-20,adzuna
embedded software engineer,embedded,Middle,2-3 роки,3729.0,4520.0,NL,2026-05-20,adzuna
embedded software engineer,embedded,Senior,5+ років,3729.0,4520.0,NL,2026-05-20,adzuna
embedded software engineer,embedded,Middle,2-3 роки,3729.0,4520.0,NL,2026-05-20,adzuna
embedded software engineer,embedded,Senior,5+ років,3729.0,4520.0,NL,2026-05-20,adzuna
embedded software engineer,embedded,Middle,2-3 роки,3729.0,4520.0,NL,2026-05-20,adzuna
embedded software engineer,embedded,Senior,5+ років,3729.0,4520.0,NL,2026-05-20,adzuna
embedded software engineer,embedded,Middle,2-3 роки,3729.0,4520.0,NL,2026-05-20,adzuna
embedded software engineer,embedded,Senior,5+ років,3729.0,4520.0,NL,2026-05-20,adzuna
embedded software engineer,embedded,Middle,2-3 роки,3729.0,4520.0,NL,2026-05-20,adzuna
embedded software engineer,embedded,Senior,5+ років,3729.0,4520.0,NL,2026-05-20,adzuna
software engineering manager,engineering_manager,Middle,2-3 роки,,,NL,2026-05-20,adzuna
software engineering manager,engineering_manager,Senior,5+ років,,,NL,2026-05-20,adzuna
software engineering manager,engineering_manager,Middle,2-3 роки,,,NL,2026-05-20,adzuna
software engineering manager,engineering_manager,Senior,5+ років,,,NL,2026-05-20,adzuna
software engineering manager,engineering_manager,Middle,2-3 роки,,,NL,2026-05-20,adzuna
software engineering manager,engineering_manager,Senior,5+ років,,,NL,2026-05-20,adzuna
software engineering manager,engineering_manager,Middle,2-3 роки,,,NL,2026-05-20,adzuna
software engineering manager,engineering_manager,Senior,5+ років,,,NL,2026-05-20,adzuna
software engineering manager,engineering_manager,Middle,2-3 роки,,,NL,2026-05-20,adzuna
software engineering manager,engineering_manager,Senior,5+ років,,,NL,2026-05-20,adzuna
erp developer,erp_systems,Middle,2-3 роки,,,NL,2026-05-20,adzuna
erp developer,erp_systems,Senior,5+ років,,,NL,2026-05-20,adzuna
erp developer,erp_systems,Middle,2-3 роки,,,NL,2026-05-20,adzuna
erp developer,erp_systems,Senior,5+ років,,,NL,2026-05-20,adzuna
erp developer,erp_systems,Middle,2-3 роки,,,NL,2026-05-20,adzuna
erp developer,erp_systems,Senior,5+ років,,,NL,2026-05-20,adzuna
erp developer,erp_systems,Middle,2-3 роки,,,NL,2026-05-20,adzuna
erp developer,erp_systems,Senior,5+ років,,,NL,2026-05-20,adzuna
erp developer,erp_systems,Middle,2-3 роки,,,NL,2026-05-20,adzuna
erp developer,erp_systems,Senior,5+ років,,,NL,2026-05-20,adzuna
finance manager,finance_manager,Middle,2-3 роки,6215.0,8192.0,NL,2026-05-20,adzuna
finance manager,finance_manager,Senior,5+ років,6215.0,8192.0,NL,2026-05-20,adzuna
finance manager,finance_manager,Middle,2-3 роки,6215.0,8192.0,NL,2026-05-20,adzuna
finance manager,finance_manager,Senior,5+ років,6215.0,8192.0,NL,2026-05-20,adzuna
finance manager,finance_manager,Middle,2-3 роки,6215.0,8192.0,NL,2026-05-20,adzuna
finance manager,finance_manager,Senior,5+ років,6215.0,8192.0,NL,2026-05-20,adzuna
finance manager,finance_manager,Middle,2-3 роки,6215.0,8192.0,NL,2026-05-20,adzuna
finance manager,finance_manager,Senior,5+ років,6215.0,8192.0,NL,2026-05-20,adzuna
finance manager,finance_manager,Middle,2-3 роки,6215.0,8192.0,NL,2026-05-20,adzuna
finance manager,finance_manager,Senior,5+ років,6215.0,8192.0,NL,2026-05-20,adzuna
financial analyst,finances,Middle,2-3 роки,3785.0,5847.0,NL,2026-05-20,adzuna
financial analyst,finances,Senior,5+ років,3955.0,6043.0,NL,2026-05-20,adzuna
financial analyst,finances,Middle,2-3 роки,3785.0,5847.0,NL,2026-05-20,adzuna
financial analyst,finances,Senior,5+ років,3955.0,6043.0,NL,2026-05-20,adzuna
financial analyst,finances,Middle,2-3 роки,3785.0,5847.0,NL,2026-05-20,adzuna
financial analyst,finances,Senior,5+ років,3955.0,6043.0,NL,2026-05-20,adzuna
financial analyst,finances,Middle,2-3 роки,3785.0,5847.0,NL,2026-05-20,adzuna
financial analyst,finances,Senior,5+ років,3955.0,6043.0,NL,2026-05-20,adzuna
financial analyst,finances,Middle,2-3 роки,3785.0,5847.0,NL,2026-05-20,adzuna
financial analyst,finances,Senior,5+ років,3955.0,6043.0,NL,2026-05-20,adzuna
financial analyst,financial_analyst,Middle,2-3 роки,3785.0,5847.0,NL,2026-05-20,adzuna
financial analyst,financial_analyst,Senior,5+ років,3955.0,6043.0,NL,2026-05-20,adzuna
financial analyst,financial_analyst,Middle,2-3 роки,3785.0,5847.0,NL,2026-05-20,adzuna
financial analyst,financial_analyst,Senior,5+ років,3955.0,6043.0,NL,2026-05-20,adzuna
financial analyst,financial_analyst,Middle,2-3 роки,3785.0,5847.0,NL,2026-05-20,adzuna
financial analyst,financial_analyst,Senior,5+ років,3955.0,6043.0,NL,2026-05-20,adzuna
financial analyst,financial_analyst,Middle,2-3 роки,3785.0,5847.0,NL,2026-05-20,adzuna
financial analyst,financial_analyst,Senior,5+ років,3955.0,6043.0,NL,2026-05-20,adzuna
financial analyst,financial_analyst,Middle,2-3 роки,3785.0,5847.0,NL,2026-05-20,adzuna
financial analyst,financial_analyst,Senior,5+ років,3955.0,6043.0,NL,2026-05-20,adzuna
flutter developer,flutter,Middle,2-3 роки,,,NL,2026-05-20,adzuna
flutter developer,flutter,Senior,5+ років,,,NL,2026-05-20,adzuna
flutter developer,flutter,Middle,2-3 роки,,,NL,2026-05-20,adzuna
flutter developer,flutter,Senior,5+ років,,,NL,2026-05-20,adzuna
flutter developer,flutter,Middle,2-3 роки,,,NL,2026-05-20,adzuna
flutter developer,flutter,Senior,5+ років,,,NL,2026-05-20,adzuna
flutter developer,flutter,Middle,2-3 роки,,,NL,2026-05-20,adzuna
flutter developer,flutter,Senior,5+ років,,,NL,2026-05-20,adzuna
flutter developer,flutter,Middle,2-3 роки,,,NL,2026-05-20,adzuna
flutter developer,flutter,Senior,5+ років,,,NL,2026-05-20,adzuna
fullstack developer,fullstack,Middle,2-3 роки,,,NL,2026-05-20,adzuna
fullstack developer,fullstack,Senior,5+ років,3390.0,5876.0,NL,2026-05-20,adzuna
fullstack developer,fullstack,Middle,2-3 роки,,,NL,2026-05-20,adzuna
fullstack developer,fullstack,Senior,5+ років,3390.0,5876.0,NL,2026-05-20,adzuna
fullstack developer,fullstack,Middle,2-3 роки,,,NL,2026-05-20,adzuna
fullstack developer,fullstack,Senior,5+ років,3390.0,5876.0,NL,2026-05-20,adzuna
fullstack developer,fullstack,Middle,2-3 роки,,,NL,2026-05-20,adzuna
fullstack developer,fullstack,Senior,5+ років,3390.0,5876.0,NL,2026-05-20,adzuna
fullstack developer,fullstack,Middle,2-3 роки,,,NL,2026-05-20,adzuna
fullstack developer,fullstack,Senior,5+ років,3390.0,5876.0,NL,2026-05-20,adzuna
game designer,game_design,Middle,2-3 роки,3720.0,5038.0,NL,2026-05-20,adzuna
game designer,game_design,Senior,5+ років,4473.0,5885.0,NL,2026-05-20,adzuna
game designer,game_design,Middle,2-3 роки,3720.0,5038.0,NL,2026-05-20,adzuna
game designer,game_design,Senior,5+ років,4473.0,5885.0,NL,2026-05-20,adzuna
game designer,game_design,Middle,2-3 роки,3720.0,5038.0,NL,2026-05-20,adzuna
game designer,game_design,Senior,5+ років,4473.0,5885.0,NL,2026-05-20,adzuna
game designer,game_design,Middle,2-3 роки,3720.0,5038.0,NL,2026-05-20,adzuna
game designer,game_design,Senior,5+ років,4473.0,5885.0,NL,2026-05-20,adzuna
game designer,game_design,Middle,2-3 роки,3720.0,5038.0,NL,2026-05-20,adzuna
game designer,game_design,Senior,5+ років,4473.0,5885.0,NL,2026-05-20,adzuna
game developer,game_developer,Middle,2-3 роки,,,NL,2026-05-20,adzuna
game developer,game_developer,Senior,5+ років,,,NL,2026-05-20,adzuna
game developer,game_developer,Middle,2-3 роки,,,NL,2026-05-20,adzuna
game developer,game_developer,Senior,5+ років,,,NL,2026-05-20,adzuna
game developer,game_developer,Middle,2-3 роки,,,NL,2026-05-20,adzuna
game developer,game_developer,Senior,5+ років,,,NL,2026-05-20,adzuna
game developer,game_developer,Middle,2-3 роки,,,NL,2026-05-20,adzuna
game developer,game_developer,Senior,5+ років,,,NL,2026-05-20,adzuna
game developer,game_developer,Middle,2-3 роки,,,NL,2026-05-20,adzuna
game developer,game_developer,Senior,5+ років,,,NL,2026-05-20,adzuna
unity developer,gamedev,Middle,2-3 роки,,,NL,2026-05-20,adzuna
unity developer,gamedev,Senior,5+ років,,,NL,2026-05-20,adzuna
unity developer,gamedev,Middle,2-3 роки,,,NL,2026-05-20,adzuna
unity developer,gamedev,Senior,5+ років,,,NL,2026-05-20,adzuna
unity developer,gamedev,Middle,2-3 роки,,,NL,2026-05-20,adzuna
unity developer,gamedev,Senior,5+ років,,,NL,2026-05-20,adzuna
unity developer,gamedev,Middle,2-3 роки,,,NL,2026-05-20,adzuna
unity developer,gamedev,Senior,5+ років,,,NL,2026-05-20,adzuna
unity developer,gamedev,Middle,2-3 роки,,,NL,2026-05-20,adzuna
unity developer,gamedev,Senior,5+ років,,,NL,2026-05-20,adzuna
golang developer,golang,Middle,2-3 роки,,,NL,2026-05-20,adzuna
golang developer,golang,Senior,5+ років,,,NL,2026-05-20,adzuna
golang developer,golang,Middle,2-3 роки,,,NL,2026-05-20,adzuna
golang developer,golang,Senior,5+ років,,,NL,2026-05-20,adzuna
golang developer,golang,Middle,2-3 роки,,,NL,2026-05-20,adzuna
golang developer,golang,Senior,5+ років,,,NL,2026-05-20,adzuna
golang developer,golang,Middle,2-3 роки,,,NL,2026-05-20,adzuna
golang developer,golang,Senior,5+ років,,,NL,2026-05-20,adzuna
golang developer,golang,Middle,2-3 роки,,,NL,2026-05-20,adzuna
golang developer,golang,Senior,5+ років,,,NL,2026-05-20,adzuna
graphic designer,graphic_design,Middle,2-3 роки,,,NL,2026-05-20,adzuna
graphic designer,graphic_design,Senior,5+ років,,,NL,2026-05-20,adzuna
graphic designer,graphic_design,Middle,2-3 роки,,,NL,2026-05-20,adzuna
graphic designer,graphic_design,Senior,5+ років,,,NL,2026-05-20,adzuna
graphic designer,graphic_design,Middle,2-3 роки,,,NL,2026-05-20,adzuna
graphic designer,graphic_design,Senior,5+ років,,,NL,2026-05-20,adzuna
graphic designer,graphic_design,Middle,2-3 роки,,,NL,2026-05-20,adzuna
graphic designer,graphic_design,Senior,5+ років,,,NL,2026-05-20,adzuna
graphic designer,graphic_design,Middle,2-3 роки,,,NL,2026-05-20,adzuna
graphic designer,graphic_design,Senior,5+ років,,,NL,2026-05-20,adzuna
head of software engineering,head_chief,Middle,2-3 роки,,,NL,2026-05-20,adzuna
head of software engineering,head_chief,Senior,5+ років,,,NL,2026-05-20,adzuna
head of software engineering,head_chief,Middle,2-3 роки,,,NL,2026-05-20,adzuna
head of software engineering,head_chief,Senior,5+ років,,,NL,2026-05-20,adzuna
head of software engineering,head_chief,Middle,2-3 роки,,,NL,2026-05-20,adzuna
head of software engineering,head_chief,Senior,5+ років,,,NL,2026-05-20,adzuna
head of software engineering,head_chief,Middle,2-3 роки,,,NL,2026-05-20,adzuna
head of software engineering,head_chief,Senior,5+ років,,,NL,2026-05-20,adzuna
head of software engineering,head_chief,Middle,2-3 роки,,,NL,2026-05-20,adzuna
head of software engineering,head_chief,Senior,5+ років,,,NL,2026-05-20,adzuna
hr manager,hr,Middle,2-3 роки,4579.0,5650.0,NL,2026-05-20,adzuna
hr manager,hr,Senior,5+ років,4579.0,5650.0,NL,2026-05-20,adzuna
hr manager,hr,Middle,2-3 роки,4579.0,5650.0,NL,2026-05-20,adzuna
hr manager,hr,Senior,5+ років,4579.0,5650.0,NL,2026-05-20,adzuna
hr manager,hr,Middle,2-3 роки,4579.0,5650.0,NL,2026-05-20,adzuna
hr manager,hr,Senior,5+ років,4579.0,5650.0,NL,2026-05-20,adzuna
hr manager,hr,Middle,2-3 роки,4579.0,5650.0,NL,2026-05-20,adzuna
hr manager,hr,Senior,5+ років,4579.0,5650.0,NL,2026-05-20,adzuna
hr manager,hr,Middle,2-3 роки,4579.0,5650.0,NL,2026-05-20,adzuna
hr manager,hr,Senior,5+ років,4579.0,5650.0,NL,2026-05-20,adzuna
illustrator designer,illustrator,Middle,2-3 роки,,,NL,2026-05-20,adzuna
illustrator designer,illustrator,Senior,5+ років,,,NL,2026-05-20,adzuna
illustrator designer,illustrator,Middle,2-3 роки,,,NL,2026-05-20,adzuna
illustrator designer,illustrator,Senior,5+ років,,,NL,2026-05-20,adzuna
illustrator designer,illustrator,Middle,2-3 роки,,,NL,2026-05-20,adzuna
illustrator designer,illustrator,Senior,5+ років,,,NL,2026-05-20,adzuna
illustrator designer,illustrator,Middle,2-3 роки,,,NL,2026-05-20,adzuna
illustrator designer,illustrator,Senior,5+ років,,,NL,2026-05-20,adzuna
illustrator designer,illustrator,Middle,2-3 роки,,,NL,2026-05-20,adzuna
illustrator designer,illustrator,Senior,5+ років,,,NL,2026-05-20,adzuna
information security engineer,information_security,Middle,2-3 роки,,,NL,2026-05-20,adzuna
information security engineer,information_security,Senior,5+ років,,,NL,2026-05-20,adzuna
information security engineer,information_security,Middle,2-3 роки,,,NL,2026-05-20,adzuna
information security engineer,information_security,Senior,5+ років,,,NL,2026-05-20,adzuna
information security engineer,information_security,Middle,2-3 роки,,,NL,2026-05-20,adzuna
information security engineer,information_security,Senior,5+ років,,,NL,2026-05-20,adzuna
information security engineer,information_security,Middle,2-3 роки,,,NL,2026-05-20,adzuna
information security engineer,information_security,Senior,5+ років,,,NL,2026-05-20,adzuna
information security engineer,information_security,Middle,2-3 роки,,,NL,2026-05-20,adzuna
information security engineer,information_security,Senior,5+ років,,,NL,2026-05-20,adzuna
ios developer,ios,Middle,2-3 роки,,,NL,2026-05-20,adzuna
ios developer,ios,Senior,5+ років,,,NL,2026-05-20,adzuna
ios developer,ios,Middle,2-3 роки,,,NL,2026-05-20,adzuna
ios developer,ios,Senior,5+ років,,,NL,2026-05-20,adzuna
ios developer,ios,Middle,2-3 роки,,,NL,2026-05-20,adzuna
ios developer,ios,Senior,5+ років,,,NL,2026-05-20,adzuna
ios developer,ios,Middle,2-3 роки,,,NL,2026-05-20,adzuna
ios developer,ios,Senior,5+ років,,,NL,2026-05-20,adzuna
ios developer,ios,Middle,2-3 роки,,,NL,2026-05-20,adzuna
ios developer,ios,Senior,5+ років,,,NL,2026-05-20,adzuna
java developer,java,Middle,2-3 роки,5650.0,7062.0,NL,2026-05-20,adzuna
java developer,java,Senior,5+ років,6121.0,7345.0,NL,2026-05-20,adzuna
java developer,java,Middle,2-3 роки,5650.0,7062.0,NL,2026-05-20,adzuna
java developer,java,Senior,5+ років,6121.0,7345.0,NL,2026-05-20,adzuna
java developer,java,Middle,2-3 роки,5650.0,7062.0,NL,2026-05-20,adzuna
java developer,java,Senior,5+ років,6121.0,7345.0,NL,2026-05-20,adzuna
java developer,java,Middle,2-3 роки,5650.0,7062.0,NL,2026-05-20,adzuna
java developer,java,Senior,5+ років,6121.0,7345.0,NL,2026-05-20,adzuna
java developer,java,Middle,2-3 роки,5650.0,7062.0,NL,2026-05-20,adzuna
java developer,java,Senior,5+ років,6121.0,7345.0,NL,2026-05-20,adzuna
javascript developer,javascript,Middle,2-3 роки,,,NL,2026-05-20,adzuna
javascript developer,javascript,Senior,5+ років,3672.0,5085.0,NL,2026-05-20,adzuna
javascript developer,javascript,Middle,2-3 роки,,,NL,2026-05-20,adzuna
javascript developer,javascript,Senior,5+ років,3672.0,5085.0,NL,2026-05-20,adzuna
javascript developer,javascript,Middle,2-3 роки,,,NL,2026-05-20,adzuna
javascript developer,javascript,Senior,5+ років,3672.0,5085.0,NL,2026-05-20,adzuna
javascript developer,javascript,Middle,2-3 роки,,,NL,2026-05-20,adzuna
javascript developer,javascript,Senior,5+ років,3672.0,5085.0,NL,2026-05-20,adzuna
javascript developer,javascript,Middle,2-3 роки,,,NL,2026-05-20,adzuna
javascript developer,javascript,Senior,5+ років,3672.0,5085.0,NL,2026-05-20,adzuna
kotlin developer,kotlin,Middle,2-3 роки,6121.0,7533.0,NL,2026-05-20,adzuna
kotlin developer,kotlin,Senior,5+ років,6121.0,7533.0,NL,2026-05-20,adzuna
kotlin developer,kotlin,Middle,2-3 роки,6121.0,7533.0,NL,2026-05-20,adzuna
kotlin developer,kotlin,Senior,5+ років,6121.0,7533.0,NL,2026-05-20,adzuna
kotlin developer,kotlin,Middle,2-3 роки,6121.0,7533.0,NL,2026-05-20,adzuna
kotlin developer,kotlin,Senior,5+ років,6121.0,7533.0,NL,2026-05-20,adzuna
kotlin developer,kotlin,Middle,2-3 роки,6121.0,7533.0,NL,2026-05-20,adzuna
kotlin developer,kotlin,Senior,5+ років,6121.0,7533.0,NL,2026-05-20,adzuna
kotlin developer,kotlin,Middle,2-3 роки,6121.0,7533.0,NL,2026-05-20,adzuna
kotlin developer,kotlin,Senior,5+ років,6121.0,7533.0,NL,2026-05-20,adzuna
laravel developer,laravel,Middle,2-3 роки,,,NL,2026-05-20,adzuna
laravel developer,laravel,Senior,5+ років,,,NL,2026-05-20,adzuna
laravel developer,laravel,Middle,2-3 роки,,,NL,2026-05-20,adzuna
laravel developer,laravel,Senior,5+ років,,,NL,2026-05-20,adzuna
laravel developer,laravel,Middle,2-3 роки,,,NL,2026-05-20,adzuna
laravel developer,laravel,Senior,5+ років,,,NL,2026-05-20,adzuna
laravel developer,laravel,Middle,2-3 роки,,,NL,2026-05-20,adzuna
laravel developer,laravel,Senior,5+ років,,,NL,2026-05-20,adzuna
laravel developer,laravel,Middle,2-3 роки,,,NL,2026-05-20,adzuna
laravel developer,laravel,Senior,5+ років,,,NL,2026-05-20,adzuna
tech lead,lead,Middle,2-3 роки,,,NL,2026-05-20,adzuna
tech lead,lead,Senior,5+ років,7062.0,8475.0,NL,2026-05-20,adzuna
tech lead,lead,Middle,2-3 роки,,,NL,2026-05-20,adzuna
tech lead,lead,Senior,5+ років,7062.0,8475.0,NL,2026-05-20,adzuna
tech lead,lead,Middle,2-3 роки,,,NL,2026-05-20,adzuna
tech lead,lead,Senior,5+ років,7062.0,8475.0,NL,2026-05-20,adzuna
tech lead,lead,Middle,2-3 роки,,,NL,2026-05-20,adzuna
tech lead,lead,Senior,5+ років,7062.0,8475.0,NL,2026-05-20,adzuna
tech lead,lead,Middle,2-3 роки,,,NL,2026-05-20,adzuna
tech lead,lead,Senior,5+ років,7062.0,8475.0,NL,2026-05-20,adzuna
lead generation manager,lead_generation,Middle,2-3 роки,,,NL,2026-05-20,adzuna
lead generation manager,lead_generation,Senior,5+ років,,,NL,2026-05-20,adzuna
lead generation manager,lead_generation,Middle,2-3 роки,,,NL,2026-05-20,adzuna
lead generation manager,lead_generation,Senior,5+ років,,,NL,2026-05-20,adzuna
lead generation manager,lead_generation,Middle,2-3 роки,,,NL,2026-05-20,adzuna
lead generation manager,lead_generation,Senior,5+ років,,,NL,2026-05-20,adzuna
lead generation manager,lead_generation,Middle,2-3 роки,,,NL,2026-05-20,adzuna
lead generation manager,lead_generation,Senior,5+ років,,,NL,2026-05-20,adzuna
lead generation manager,lead_generation,Middle,2-3 роки,,,NL,2026-05-20,adzuna
lead generation manager,lead_generation,Senior,5+ років,,,NL,2026-05-20,adzuna
magento developer,magento,Middle,2-3 роки,,,NL,2026-05-20,adzuna
magento developer,magento,Senior,5+ років,,,NL,2026-05-20,adzuna
magento developer,magento,Middle,2-3 роки,,,NL,2026-05-20,adzuna
magento developer,magento,Senior,5+ років,,,NL,2026-05-20,adzuna
magento developer,magento,Middle,2-3 роки,,,NL,2026-05-20,adzuna
magento developer,magento,Senior,5+ років,,,NL,2026-05-20,adzuna
magento developer,magento,Middle,2-3 роки,,,NL,2026-05-20,adzuna
magento developer,magento,Senior,5+ років,,,NL,2026-05-20,adzuna
magento developer,magento,Middle,2-3 роки,,,NL,2026-05-20,adzuna
magento developer,magento,Senior,5+ років,,,NL,2026-05-20,adzuna
marketing manager,marketing,Middle,2-3 роки,4263.0,5179.0,NL,2026-05-20,adzuna
marketing manager,marketing,Senior,5+ років,4263.0,5179.0,NL,2026-05-20,adzuna
marketing manager,marketing,Middle,2-3 роки,4263.0,5179.0,NL,2026-05-20,adzuna
marketing manager,marketing,Senior,5+ років,4263.0,5179.0,NL,2026-05-20,adzuna
marketing manager,marketing,Middle,2-3 роки,4263.0,5179.0,NL,2026-05-20,adzuna
marketing manager,marketing,Senior,5+ років,4263.0,5179.0,NL,2026-05-20,adzuna
marketing manager,marketing,Middle,2-3 роки,4263.0,5179.0,NL,2026-05-20,adzuna
marketing manager,marketing,Senior,5+ років,4263.0,5179.0,NL,2026-05-20,adzuna
marketing manager,marketing,Middle,2-3 роки,4263.0,5179.0,NL,2026-05-20,adzuna
marketing manager,marketing,Senior,5+ років,4263.0,5179.0,NL,2026-05-20,adzuna
marketing analyst,marketing_analyst,Middle,2-3 роки,6827.0,7200.0,NL,2026-05-20,adzuna
marketing analyst,marketing_analyst,Senior,5+ років,6592.0,6866.0,NL,2026-05-20,adzuna
marketing analyst,marketing_analyst,Middle,2-3 роки,6827.0,7200.0,NL,2026-05-20,adzuna
marketing analyst,marketing_analyst,Senior,5+ років,6592.0,6866.0,NL,2026-05-20,adzuna
marketing analyst,marketing_analyst,Middle,2-3 роки,6827.0,7200.0,NL,2026-05-20,adzuna
marketing analyst,marketing_analyst,Senior,5+ років,6592.0,6866.0,NL,2026-05-20,adzuna
marketing analyst,marketing_analyst,Middle,2-3 роки,6827.0,7200.0,NL,2026-05-20,adzuna
marketing analyst,marketing_analyst,Senior,5+ років,6592.0,6866.0,NL,2026-05-20,adzuna
marketing analyst,marketing_analyst,Middle,2-3 роки,6827.0,7200.0,NL,2026-05-20,adzuna
marketing analyst,marketing_analyst,Senior,5+ років,6592.0,6866.0,NL,2026-05-20,adzuna
.net maui developer,maui,Middle,2-3 роки,,,NL,2026-05-20,adzuna
.net maui developer,maui,Senior,5+ років,,,NL,2026-05-20,adzuna
.net maui developer,maui,Middle,2-3 роки,,,NL,2026-05-20,adzuna
.net maui developer,maui,Senior,5+ років,,,NL,2026-05-20,adzuna
.net maui developer,maui,Middle,2-3 роки,,,NL,2026-05-20,adzuna
.net maui developer,maui,Senior,5+ років,,,NL,2026-05-20,adzuna
.net maui developer,maui,Middle,2-3 роки,,,NL,2026-05-20,adzuna
.net maui developer,maui,Senior,5+ років,,,NL,2026-05-20,adzuna
.net maui developer,maui,Middle,2-3 роки,,,NL,2026-05-20,adzuna
.net maui developer,maui,Senior,5+ років,,,NL,2026-05-20,adzuna
media buyer,media_buying,Middle,2-3 роки,,,NL,2026-05-20,adzuna
media buyer,media_buying,Senior,5+ років,,,NL,2026-05-20,adzuna
media buyer,media_buying,Middle,2-3 роки,,,NL,2026-05-20,adzuna
media buyer,media_buying,Senior,5+ років,,,NL,2026-05-20,adzuna
media buyer,media_buying,Middle,2-3 роки,,,NL,2026-05-20,adzuna
media buyer,media_buying,Senior,5+ років,,,NL,2026-05-20,adzuna
media buyer,media_buying,Middle,2-3 роки,,,NL,2026-05-20,adzuna
media buyer,media_buying,Senior,5+ років,,,NL,2026-05-20,adzuna
media buyer,media_buying,Middle,2-3 роки,,,NL,2026-05-20,adzuna
media buyer,media_buying,Senior,5+ років,,,NL,2026-05-20,adzuna
machine learning engineer,ml_ai,Middle,2-3 роки,6625.0,7345.0,NL,2026-05-20,adzuna
machine learning engineer,ml_ai,Senior,5+ років,6625.0,7345.0,NL,2026-05-20,adzuna
machine learning engineer,ml_ai,Middle,2-3 роки,6625.0,7345.0,NL,2026-05-20,adzuna
machine learning engineer,ml_ai,Senior,5+ років,6625.0,7345.0,NL,2026-05-20,adzuna
machine learning engineer,ml_ai,Middle,2-3 роки,6625.0,7345.0,NL,2026-05-20,adzuna
machine learning engineer,ml_ai,Senior,5+ років,6625.0,7345.0,NL,2026-05-20,adzuna
machine learning engineer,ml_ai,Middle,2-3 роки,6625.0,7345.0,NL,2026-05-20,adzuna
machine learning engineer,ml_ai,Senior,5+ років,6625.0,7345.0,NL,2026-05-20,adzuna
machine learning engineer,ml_ai,Middle,2-3 роки,6625.0,7345.0,NL,2026-05-20,adzuna
machine learning engineer,ml_ai,Senior,5+ років,6625.0,7345.0,NL,2026-05-20,adzuna
motion designer,motion_design,Middle,2-3 роки,,,NL,2026-05-20,adzuna
motion designer,motion_design,Senior,5+ років,,,NL,2026-05-20,adzuna
motion designer,motion_design,Middle,2-3 роки,,,NL,2026-05-20,adzuna
motion designer,motion_design,Senior,5+ років,,,NL,2026-05-20,adzuna
motion designer,motion_design,Middle,2-3 роки,,,NL,2026-05-20,adzuna
motion designer,motion_design,Senior,5+ років,,,NL,2026-05-20,adzuna
motion designer,motion_design,Middle,2-3 роки,,,NL,2026-05-20,adzuna
motion designer,motion_design,Senior,5+ років,,,NL,2026-05-20,adzuna
motion designer,motion_design,Middle,2-3 роки,,,NL,2026-05-20,adzuna
motion designer,motion_design,Senior,5+ років,,,NL,2026-05-20,adzuna
microsoft dynamics developer,ms_dynamics,Middle,2-3 роки,,,NL,2026-05-20,adzuna
microsoft dynamics developer,ms_dynamics,Senior,5+ років,,,NL,2026-05-20,adzuna
microsoft dynamics developer,ms_dynamics,Middle,2-3 роки,,,NL,2026-05-20,adzuna
microsoft dynamics developer,ms_dynamics,Senior,5+ років,,,NL,2026-05-20,adzuna
microsoft dynamics developer,ms_dynamics,Middle,2-3 роки,,,NL,2026-05-20,adzuna
microsoft dynamics developer,ms_dynamics,Senior,5+ років,,,NL,2026-05-20,adzuna
microsoft dynamics developer,ms_dynamics,Middle,2-3 роки,,,NL,2026-05-20,adzuna
microsoft dynamics developer,ms_dynamics,Senior,5+ років,,,NL,2026-05-20,adzuna
microsoft dynamics developer,ms_dynamics,Middle,2-3 роки,,,NL,2026-05-20,adzuna
microsoft dynamics developer,ms_dynamics,Senior,5+ років,,,NL,2026-05-20,adzuna
no code developer,nocode,Middle,2-3 роки,,,NL,2026-05-20,adzuna
no code developer,nocode,Senior,5+ років,,,NL,2026-05-20,adzuna
no code developer,nocode,Middle,2-3 роки,,,NL,2026-05-20,adzuna
no code developer,nocode,Senior,5+ років,,,NL,2026-05-20,adzuna
no code developer,nocode,Middle,2-3 роки,,,NL,2026-05-20,adzuna
no code developer,nocode,Senior,5+ років,,,NL,2026-05-20,adzuna
no code developer,nocode,Middle,2-3 роки,,,NL,2026-05-20,adzuna
no code developer,nocode,Senior,5+ років,,,NL,2026-05-20,adzuna
no code developer,nocode,Middle,2-3 роки,,,NL,2026-05-20,adzuna
no code developer,nocode,Senior,5+ років,,,NL,2026-05-20,adzuna
node.js developer,node_js,Middle,2-3 роки,,,NL,2026-05-20,adzuna
node.js developer,node_js,Senior,5+ років,4897.0,5876.0,NL,2026-05-20,adzuna
node.js developer,node_js,Middle,2-3 роки,,,NL,2026-05-20,adzuna
node.js developer,node_js,Senior,5+ років,4897.0,5876.0,NL,2026-05-20,adzuna
node.js developer,node_js,Middle,2-3 роки,,,NL,2026-05-20,adzuna
node.js developer,node_js,Senior,5+ років,4897.0,5876.0,NL,2026-05-20,adzuna
node.js developer,node_js,Middle,2-3 роки,,,NL,2026-05-20,adzuna
node.js developer,node_js,Senior,5+ років,4897.0,5876.0,NL,2026-05-20,adzuna
node.js developer,node_js,Middle,2-3 роки,,,NL,2026-05-20,adzuna
node.js developer,node_js,Senior,5+ років,4897.0,5876.0,NL,2026-05-20,adzuna
odoo developer,odoo,Middle,2-3 роки,,,NL,2026-05-20,adzuna
odoo developer,odoo,Senior,5+ років,,,NL,2026-05-20,adzuna
odoo developer,odoo,Middle,2-3 роки,,,NL,2026-05-20,adzuna
odoo developer,odoo,Senior,5+ років,,,NL,2026-05-20,adzuna
odoo developer,odoo,Middle,2-3 роки,,,NL,2026-05-20,adzuna
odoo developer,odoo,Senior,5+ років,,,NL,2026-05-20,adzuna
odoo developer,odoo,Middle,2-3 роки,,,NL,2026-05-20,adzuna
odoo developer,odoo,Senior,5+ років,,,NL,2026-05-20,adzuna
odoo developer,odoo,Middle,2-3 роки,,,NL,2026-05-20,adzuna
odoo developer,odoo,Senior,5+ років,,,NL,2026-05-20,adzuna
penetration tester,penetration_tester,Middle,2-3 роки,,,NL,2026-05-20,adzuna
penetration tester,penetration_tester,Senior,5+ років,,,NL,2026-05-20,adzuna
penetration tester,penetration_tester,Middle,2-3 роки,,,NL,2026-05-20,adzuna
penetration tester,penetration_tester,Senior,5+ років,,,NL,2026-05-20,adzuna
penetration tester,penetration_tester,Middle,2-3 роки,,,NL,2026-05-20,adzuna
penetration tester,penetration_tester,Senior,5+ років,,,NL,2026-05-20,adzuna
penetration tester,penetration_tester,Middle,2-3 роки,,,NL,2026-05-20,adzuna
penetration tester,penetration_tester,Senior,5+ років,,,NL,2026-05-20,adzuna
penetration tester,penetration_tester,Middle,2-3 роки,,,NL,2026-05-20,adzuna
penetration tester,penetration_tester,Senior,5+ років,,,NL,2026-05-20,adzuna
php developer,php,Middle,2-3 роки,,,NL,2026-05-20,adzuna
php developer,php,Senior,5+ років,,,NL,2026-05-20,adzuna
php developer,php,Middle,2-3 роки,,,NL,2026-05-20,adzuna
php developer,php,Senior,5+ років,,,NL,2026-05-20,adzuna
php developer,php,Middle,2-3 роки,,,NL,2026-05-20,adzuna
php developer,php,Senior,5+ років,,,NL,2026-05-20,adzuna
php developer,php,Middle,2-3 роки,,,NL,2026-05-20,adzuna
php developer,php,Senior,5+ років,,,NL,2026-05-20,adzuna
php developer,php,Middle,2-3 роки,,,NL,2026-05-20,adzuna
php developer,php,Senior,5+ років,,,NL,2026-05-20,adzuna
ppc specialist,ppc,Middle,2-3 роки,,,NL,2026-05-20,adzuna
ppc specialist,ppc,Senior,5+ років,,,NL,2026-05-20,adzuna
ppc specialist,ppc,Middle,2-3 роки,,,NL,2026-05-20,adzuna
ppc specialist,ppc,Senior,5+ років,,,NL,2026-05-20,adzuna
ppc specialist,ppc,Middle,2-3 роки,,,NL,2026-05-20,adzuna
ppc specialist,ppc,Senior,5+ років,,,NL,2026-05-20,adzuna
ppc specialist,ppc,Middle,2-3 роки,,,NL,2026-05-20,adzuna
ppc specialist,ppc,Senior,5+ років,,,NL,2026-05-20,adzuna
ppc specialist,ppc,Middle,2-3 роки,,,NL,2026-05-20,adzuna
ppc specialist,ppc,Senior,5+ років,,,NL,2026-05-20,adzuna
pr manager,pr_manager,Middle,2-3 роки,,,NL,2026-05-20,adzuna
pr manager,pr_manager,Senior,5+ років,,,NL,2026-05-20,adzuna
pr manager,pr_manager,Middle,2-3 роки,,,NL,2026-05-20,adzuna
pr manager,pr_manager,Senior,5+ років,,,NL,2026-05-20,adzuna
pr manager,pr_manager,Middle,2-3 роки,,,NL,2026-05-20,adzuna
pr manager,pr_manager,Senior,5+ років,,,NL,2026-05-20,adzuna
pr manager,pr_manager,Middle,2-3 роки,,,NL,2026-05-20,adzuna
pr manager,pr_manager,Senior,5+ років,,,NL,2026-05-20,adzuna
pr manager,pr_manager,Middle,2-3 роки,,,NL,2026-05-20,adzuna
pr manager,pr_manager,Senior,5+ років,,,NL,2026-05-20,adzuna
product designer,product_design,Middle,2-3 роки,,,NL,2026-05-20,adzuna
product designer,product_design,Senior,5+ років,3390.0,4313.0,NL,2026-05-20,adzuna
product designer,product_design,Middle,2-3 роки,,,NL,2026-05-20,adzuna
product designer,product_design,Senior,5+ років,3390.0,4313.0,NL,2026-05-20,adzuna
product designer,product_design,Middle,2-3 роки,,,NL,2026-05-20,adzuna
product designer,product_design,Senior,5+ років,3390.0,4313.0,NL,2026-05-20,adzuna
product designer,product_design,Middle,2-3 роки,,,NL,2026-05-20,adzuna
product designer,product_design,Senior,5+ років,3390.0,4313.0,NL,2026-05-20,adzuna
product designer,product_design,Middle,2-3 роки,,,NL,2026-05-20,adzuna
product designer,product_design,Senior,5+ років,3390.0,4313.0,NL,2026-05-20,adzuna
product manager,product_manager,Middle,2-3 роки,,,NL,2026-05-20,adzuna
product manager,product_manager,Senior,5+ років,5458.0,6102.0,NL,2026-05-20,adzuna
product manager,product_manager,Middle,2-3 роки,,,NL,2026-05-20,adzuna
product manager,product_manager,Senior,5+ років,5458.0,6102.0,NL,2026-05-20,adzuna
product manager,product_manager,Middle,2-3 роки,,,NL,2026-05-20,adzuna
product manager,product_manager,Senior,5+ років,5458.0,6102.0,NL,2026-05-20,adzuna
product manager,product_manager,Middle,2-3 роки,,,NL,2026-05-20,adzuna
product manager,product_manager,Senior,5+ років,5458.0,6102.0,NL,2026-05-20,adzuna
product manager,product_manager,Middle,2-3 роки,,,NL,2026-05-20,adzuna
product manager,product_manager,Senior,5+ років,5458.0,6102.0,NL,2026-05-20,adzuna
product owner,product_owner,Middle,2-3 роки,5433.0,7345.0,NL,2026-05-20,adzuna
product owner,product_owner,Senior,5+ років,5433.0,7345.0,NL,2026-05-20,adzuna
product owner,product_owner,Middle,2-3 роки,5433.0,7345.0,NL,2026-05-20,adzuna
product owner,product_owner,Senior,5+ років,5433.0,7345.0,NL,2026-05-20,adzuna
product owner,product_owner,Middle,2-3 роки,5433.0,7345.0,NL,2026-05-20,adzuna
product owner,product_owner,Senior,5+ років,5433.0,7345.0,NL,2026-05-20,adzuna
product owner,product_owner,Middle,2-3 роки,5433.0,7345.0,NL,2026-05-20,adzuna
product owner,product_owner,Senior,5+ років,5433.0,7345.0,NL,2026-05-20,adzuna
product owner,product_owner,Middle,2-3 роки,5433.0,7345.0,NL,2026-05-20,adzuna
product owner,product_owner,Senior,5+ років,5433.0,7345.0,NL,2026-05-20,adzuna
IT project manager software,project_manager,Middle,2-3 роки,,,NL,2026-05-20,adzuna
IT project manager software,project_manager,Senior,5+ років,,,NL,2026-05-20,adzuna
IT project manager software,project_manager,Middle,2-3 роки,,,NL,2026-05-20,adzuna
IT project manager software,project_manager,Senior,5+ років,,,NL,2026-05-20,adzuna
IT project manager software,project_manager,Middle,2-3 роки,,,NL,2026-05-20,adzuna
IT project manager software,project_manager,Senior,5+ років,,,NL,2026-05-20,adzuna
IT project manager software,project_manager,Middle,2-3 роки,,,NL,2026-05-20,adzuna
IT project manager software,project_manager,Senior,5+ років,,,NL,2026-05-20,adzuna
IT project manager software,project_manager,Middle,2-3 роки,,,NL,2026-05-20,adzuna
IT project manager software,project_manager,Senior,5+ років,,,NL,2026-05-20,adzuna
python developer,python,Middle,2-3 роки,3990.0,5952.0,NL,2026-05-20,adzuna
python developer,python,Senior,5+ років,5650.0,7533.0,NL,2026-05-20,adzuna
python developer,python,Middle,2-3 роки,3990.0,5952.0,NL,2026-05-20,adzuna
python developer,python,Senior,5+ років,5650.0,7533.0,NL,2026-05-20,adzuna
python developer,python,Middle,2-3 роки,3990.0,5952.0,NL,2026-05-20,adzuna
python developer,python,Senior,5+ років,5650.0,7533.0,NL,2026-05-20,adzuna
python developer,python,Middle,2-3 роки,3990.0,5952.0,NL,2026-05-20,adzuna
python developer,python,Senior,5+ років,5650.0,7533.0,NL,2026-05-20,adzuna
python developer,python,Middle,2-3 роки,3990.0,5952.0,NL,2026-05-20,adzuna
python developer,python,Senior,5+ років,5650.0,7533.0,NL,2026-05-20,adzuna
qa engineer,qa,Middle,2-3 роки,4294.0,5273.0,NL,2026-05-20,adzuna
qa engineer,qa,Senior,5+ років,4426.0,5556.0,NL,2026-05-20,adzuna
qa engineer,qa,Middle,2-3 роки,4294.0,5273.0,NL,2026-05-20,adzuna
qa engineer,qa,Senior,5+ років,4426.0,5556.0,NL,2026-05-20,adzuna
qa engineer,qa,Middle,2-3 роки,4294.0,5273.0,NL,2026-05-20,adzuna
qa engineer,qa,Senior,5+ років,4426.0,5556.0,NL,2026-05-20,adzuna
qa engineer,qa,Middle,2-3 роки,4294.0,5273.0,NL,2026-05-20,adzuna
qa engineer,qa,Senior,5+ років,4426.0,5556.0,NL,2026-05-20,adzuna
qa engineer,qa,Middle,2-3 роки,4294.0,5273.0,NL,2026-05-20,adzuna
qa engineer,qa,Senior,5+ років,4426.0,5556.0,NL,2026-05-20,adzuna
qa automation engineer,qa_automation,Middle,2-3 роки,,,NL,2026-05-20,adzuna
qa automation engineer,qa_automation,Senior,5+ років,,,NL,2026-05-20,adzuna
qa automation engineer,qa_automation,Middle,2-3 роки,,,NL,2026-05-20,adzuna
qa automation engineer,qa_automation,Senior,5+ років,,,NL,2026-05-20,adzuna
qa automation engineer,qa_automation,Middle,2-3 роки,,,NL,2026-05-20,adzuna
qa automation engineer,qa_automation,Senior,5+ років,,,NL,2026-05-20,adzuna
qa automation engineer,qa_automation,Middle,2-3 роки,,,NL,2026-05-20,adzuna
qa automation engineer,qa_automation,Senior,5+ років,,,NL,2026-05-20,adzuna
qa automation engineer,qa_automation,Middle,2-3 роки,,,NL,2026-05-20,adzuna
qa automation engineer,qa_automation,Senior,5+ років,,,NL,2026-05-20,adzuna
manual qa tester,qa_manual,Middle,2-3 роки,,,NL,2026-05-20,adzuna
manual qa tester,qa_manual,Senior,5+ років,,,NL,2026-05-20,adzuna
manual qa tester,qa_manual,Middle,2-3 роки,,,NL,2026-05-20,adzuna
manual qa tester,qa_manual,Senior,5+ років,,,NL,2026-05-20,adzuna
manual qa tester,qa_manual,Middle,2-3 роки,,,NL,2026-05-20,adzuna
manual qa tester,qa_manual,Senior,5+ років,,,NL,2026-05-20,adzuna
manual qa tester,qa_manual,Middle,2-3 роки,,,NL,2026-05-20,adzuna
manual qa tester,qa_manual,Senior,5+ років,,,NL,2026-05-20,adzuna
manual qa tester,qa_manual,Middle,2-3 роки,,,NL,2026-05-20,adzuna
manual qa tester,qa_manual,Senior,5+ років,,,NL,2026-05-20,adzuna
react developer,react,Middle,2-3 роки,,,NL,2026-05-20,adzuna
react developer,react,Senior,5+ років,,,NL,2026-05-20,adzuna
react developer,react,Middle,2-3 роки,,,NL,2026-05-20,adzuna
react developer,react,Senior,5+ років,,,NL,2026-05-20,adzuna
react developer,react,Middle,2-3 роки,,,NL,2026-05-20,adzuna
react developer,react,Senior,5+ років,,,NL,2026-05-20,adzuna
react developer,react,Middle,2-3 роки,,,NL,2026-05-20,adzuna
react developer,react,Senior,5+ років,,,NL,2026-05-20,adzuna
react developer,react,Middle,2-3 роки,,,NL,2026-05-20,adzuna
react developer,react,Senior,5+ років,,,NL,2026-05-20,adzuna
react native developer,react_native,Middle,2-3 роки,,,NL,2026-05-20,adzuna
react native developer,react_native,Senior,5+ років,,,NL,2026-05-20,adzuna
react native developer,react_native,Middle,2-3 роки,,,NL,2026-05-20,adzuna
react native developer,react_native,Senior,5+ років,,,NL,2026-05-20,adzuna
react native developer,react_native,Middle,2-3 роки,,,NL,2026-05-20,adzuna
react native developer,react_native,Senior,5+ років,,,NL,2026-05-20,adzuna
react native developer,react_native,Middle,2-3 роки,,,NL,2026-05-20,adzuna
react native developer,react_native,Senior,5+ років,,,NL,2026-05-20,adzuna
react native developer,react_native,Middle,2-3 роки,,,NL,2026-05-20,adzuna
react native developer,react_native,Senior,5+ років,,,NL,2026-05-20,adzuna
it recruiter,recruiter,Middle,2-3 роки,5179.0,5885.0,NL,2026-05-20,adzuna
it recruiter,recruiter,Senior,5+ років,5179.0,6592.0,NL,2026-05-20,adzuna
it recruiter,recruiter,Middle,2-3 роки,5179.0,5885.0,NL,2026-05-20,adzuna
it recruiter,recruiter,Senior,5+ років,5179.0,6592.0,NL,2026-05-20,adzuna
it recruiter,recruiter,Middle,2-3 роки,5179.0,5885.0,NL,2026-05-20,adzuna
it recruiter,recruiter,Senior,5+ років,5179.0,6592.0,NL,2026-05-20,adzuna
it recruiter,recruiter,Middle,2-3 роки,5179.0,5885.0,NL,2026-05-20,adzuna
it recruiter,recruiter,Senior,5+ років,5179.0,6592.0,NL,2026-05-20,adzuna
it recruiter,recruiter,Middle,2-3 роки,5179.0,5885.0,NL,2026-05-20,adzuna
it recruiter,recruiter,Senior,5+ років,5179.0,6592.0,NL,2026-05-20,adzuna
ruby developer,ruby,Middle,2-3 роки,,,NL,2026-05-20,adzuna
ruby developer,ruby,Senior,5+ років,,,NL,2026-05-20,adzuna
ruby developer,ruby,Middle,2-3 роки,,,NL,2026-05-20,adzuna
ruby developer,ruby,Senior,5+ років,,,NL,2026-05-20,adzuna
ruby developer,ruby,Middle,2-3 роки,,,NL,2026-05-20,adzuna
ruby developer,ruby,Senior,5+ років,,,NL,2026-05-20,adzuna
ruby developer,ruby,Middle,2-3 роки,,,NL,2026-05-20,adzuna
ruby developer,ruby,Senior,5+ років,,,NL,2026-05-20,adzuna
ruby developer,ruby,Middle,2-3 роки,,,NL,2026-05-20,adzuna
ruby developer,ruby,Senior,5+ років,,,NL,2026-05-20,adzuna
rust developer,rust,Middle,2-3 роки,,,NL,2026-05-20,adzuna
rust developer,rust,Senior,5+ років,,,NL,2026-05-20,adzuna
rust developer,rust,Middle,2-3 роки,,,NL,2026-05-20,adzuna
rust developer,rust,Senior,5+ років,,,NL,2026-05-20,adzuna
rust developer,rust,Middle,2-3 роки,,,NL,2026-05-20,adzuna
rust developer,rust,Senior,5+ років,,,NL,2026-05-20,adzuna
rust developer,rust,Middle,2-3 роки,,,NL,2026-05-20,adzuna
rust developer,rust,Senior,5+ років,,,NL,2026-05-20,adzuna
rust developer,rust,Middle,2-3 роки,,,NL,2026-05-20,adzuna
rust developer,rust,Senior,5+ років,,,NL,2026-05-20,adzuna
sales manager,sales,Middle,2-3 роки,5085.0,6667.0,NL,2026-05-20,adzuna
sales manager,sales,Senior,5+ років,5085.0,6667.0,NL,2026-05-20,adzuna
sales manager,sales,Middle,2-3 роки,5085.0,6667.0,NL,2026-05-20,adzuna
sales manager,sales,Senior,5+ років,5085.0,6667.0,NL,2026-05-20,adzuna
sales manager,sales,Middle,2-3 роки,5085.0,6667.0,NL,2026-05-20,adzuna
sales manager,sales,Senior,5+ років,5085.0,6667.0,NL,2026-05-20,adzuna
sales manager,sales,Middle,2-3 роки,5085.0,6667.0,NL,2026-05-20,adzuna
sales manager,sales,Senior,5+ років,5085.0,6667.0,NL,2026-05-20,adzuna
sales manager,sales,Middle,2-3 роки,5085.0,6667.0,NL,2026-05-20,adzuna
sales manager,sales,Senior,5+ років,5085.0,6667.0,NL,2026-05-20,adzuna
sales director,sales_leadership,Middle,2-3 роки,9417.0,11300.0,NL,2026-05-20,adzuna
sales director,sales_leadership,Senior,5+ років,9417.0,11300.0,NL,2026-05-20,adzuna
sales director,sales_leadership,Middle,2-3 роки,9417.0,11300.0,NL,2026-05-20,adzuna
sales director,sales_leadership,Senior,5+ років,9417.0,11300.0,NL,2026-05-20,adzuna
sales director,sales_leadership,Middle,2-3 роки,9417.0,11300.0,NL,2026-05-20,adzuna
sales director,sales_leadership,Senior,5+ років,9417.0,11300.0,NL,2026-05-20,adzuna
sales director,sales_leadership,Middle,2-3 роки,9417.0,11300.0,NL,2026-05-20,adzuna
sales director,sales_leadership,Senior,5+ років,9417.0,11300.0,NL,2026-05-20,adzuna
sales director,sales_leadership,Middle,2-3 роки,9417.0,11300.0,NL,2026-05-20,adzuna
sales director,sales_leadership,Senior,5+ років,9417.0,11300.0,NL,2026-05-20,adzuna
sales manager,sales_manager,Middle,2-3 роки,5085.0,6667.0,NL,2026-05-20,adzuna
sales manager,sales_manager,Senior,5+ років,5085.0,6667.0,NL,2026-05-20,adzuna
sales manager,sales_manager,Middle,2-3 роки,5085.0,6667.0,NL,2026-05-20,adzuna
sales manager,sales_manager,Senior,5+ років,5085.0,6667.0,NL,2026-05-20,adzuna
sales manager,sales_manager,Middle,2-3 роки,5085.0,6667.0,NL,2026-05-20,adzuna
sales manager,sales_manager,Senior,5+ років,5085.0,6667.0,NL,2026-05-20,adzuna
sales manager,sales_manager,Middle,2-3 роки,5085.0,6667.0,NL,2026-05-20,adzuna
sales manager,sales_manager,Senior,5+ років,5085.0,6667.0,NL,2026-05-20,adzuna
sales manager,sales_manager,Middle,2-3 роки,5085.0,6667.0,NL,2026-05-20,adzuna
sales manager,sales_manager,Senior,5+ років,5085.0,6667.0,NL,2026-05-20,adzuna
salesforce developer,salesforce,Middle,2-3 роки,,,NL,2026-05-20,adzuna
salesforce developer,salesforce,Senior,5+ років,,,NL,2026-05-20,adzuna
salesforce developer,salesforce,Middle,2-3 роки,,,NL,2026-05-20,adzuna
salesforce developer,salesforce,Senior,5+ років,,,NL,2026-05-20,adzuna
salesforce developer,salesforce,Middle,2-3 роки,,,NL,2026-05-20,adzuna
salesforce developer,salesforce,Senior,5+ років,,,NL,2026-05-20,adzuna
salesforce developer,salesforce,Middle,2-3 роки,,,NL,2026-05-20,adzuna
salesforce developer,salesforce,Senior,5+ років,,,NL,2026-05-20,adzuna
salesforce developer,salesforce,Middle,2-3 роки,,,NL,2026-05-20,adzuna
salesforce developer,salesforce,Senior,5+ років,,,NL,2026-05-20,adzuna
sap developer,sap,Middle,2-3 роки,,,NL,2026-05-20,adzuna
sap developer,sap,Senior,5+ років,,,NL,2026-05-20,adzuna
sap developer,sap,Middle,2-3 роки,,,NL,2026-05-20,adzuna
sap developer,sap,Senior,5+ років,,,NL,2026-05-20,adzuna
sap developer,sap,Middle,2-3 роки,,,NL,2026-05-20,adzuna
sap developer,sap,Senior,5+ років,,,NL,2026-05-20,adzuna
sap developer,sap,Middle,2-3 роки,,,NL,2026-05-20,adzuna
sap developer,sap,Senior,5+ років,,,NL,2026-05-20,adzuna
sap developer,sap,Middle,2-3 роки,,,NL,2026-05-20,adzuna
sap developer,sap,Senior,5+ років,,,NL,2026-05-20,adzuna
scala developer,scala,Middle,2-3 роки,,,NL,2026-05-20,adzuna
scala developer,scala,Senior,5+ років,,,NL,2026-05-20,adzuna
scala developer,scala,Middle,2-3 роки,,,NL,2026-05-20,adzuna
scala developer,scala,Senior,5+ років,,,NL,2026-05-20,adzuna
scala developer,scala,Middle,2-3 роки,,,NL,2026-05-20,adzuna
scala developer,scala,Senior,5+ років,,,NL,2026-05-20,adzuna
scala developer,scala,Middle,2-3 роки,,,NL,2026-05-20,adzuna
scala developer,scala,Senior,5+ років,,,NL,2026-05-20,adzuna
scala developer,scala,Middle,2-3 роки,,,NL,2026-05-20,adzuna
scala developer,scala,Senior,5+ років,,,NL,2026-05-20,adzuna
scrum master,scrum_master,Middle,2-3 роки,6102.0,7729.0,NL,2026-05-20,adzuna
scrum master,scrum_master,Senior,5+ років,6102.0,7729.0,NL,2026-05-20,adzuna
scrum master,scrum_master,Middle,2-3 роки,6102.0,7729.0,NL,2026-05-20,adzuna
scrum master,scrum_master,Senior,5+ років,6102.0,7729.0,NL,2026-05-20,adzuna
scrum master,scrum_master,Middle,2-3 роки,6102.0,7729.0,NL,2026-05-20,adzuna
scrum master,scrum_master,Senior,5+ років,6102.0,7729.0,NL,2026-05-20,adzuna
scrum master,scrum_master,Middle,2-3 роки,6102.0,7729.0,NL,2026-05-20,adzuna
scrum master,scrum_master,Senior,5+ років,6102.0,7729.0,NL,2026-05-20,adzuna
scrum master,scrum_master,Middle,2-3 роки,6102.0,7729.0,NL,2026-05-20,adzuna
scrum master,scrum_master,Senior,5+ років,6102.0,7729.0,NL,2026-05-20,adzuna
security engineer,security,Middle,2-3 роки,4379.0,6215.0,NL,2026-05-20,adzuna
security engineer,security,Senior,5+ років,4944.0,6497.0,NL,2026-05-20,adzuna
security engineer,security,Middle,2-3 роки,4379.0,6215.0,NL,2026-05-20,adzuna
security engineer,security,Senior,5+ років,4944.0,6497.0,NL,2026-05-20,adzuna
security engineer,security,Middle,2-3 роки,4379.0,6215.0,NL,2026-05-20,adzuna
security engineer,security,Senior,5+ років,4944.0,6497.0,NL,2026-05-20,adzuna
security engineer,security,Middle,2-3 роки,4379.0,6215.0,NL,2026-05-20,adzuna
security engineer,security,Senior,5+ років,4944.0,6497.0,NL,2026-05-20,adzuna
security engineer,security,Middle,2-3 роки,4379.0,6215.0,NL,2026-05-20,adzuna
security engineer,security,Senior,5+ років,4944.0,6497.0,NL,2026-05-20,adzuna
security analyst,security_analyst,Middle,2-3 роки,,,NL,2026-05-20,adzuna
security analyst,security_analyst,Senior,5+ років,,,NL,2026-05-20,adzuna
security analyst,security_analyst,Middle,2-3 роки,,,NL,2026-05-20,adzuna
security analyst,security_analyst,Senior,5+ років,,,NL,2026-05-20,adzuna
security analyst,security_analyst,Middle,2-3 роки,,,NL,2026-05-20,adzuna
security analyst,security_analyst,Senior,5+ років,,,NL,2026-05-20,adzuna
security analyst,security_analyst,Middle,2-3 роки,,,NL,2026-05-20,adzuna
security analyst,security_analyst,Senior,5+ років,,,NL,2026-05-20,adzuna
security analyst,security_analyst,Middle,2-3 роки,,,NL,2026-05-20,adzuna
security analyst,security_analyst,Senior,5+ років,,,NL,2026-05-20,adzuna
seo specialist,seo,Middle,2-3 роки,4238.0,5085.0,NL,2026-05-20,adzuna
seo specialist,seo,Senior,5+ років,4238.0,5132.0,NL,2026-05-20,adzuna
seo specialist,seo,Middle,2-3 роки,4238.0,5085.0,NL,2026-05-20,adzuna
seo specialist,seo,Senior,5+ років,4238.0,5132.0,NL,2026-05-20,adzuna
seo specialist,seo,Middle,2-3 роки,4238.0,5085.0,NL,2026-05-20,adzuna
seo specialist,seo,Senior,5+ років,4238.0,5132.0,NL,2026-05-20,adzuna
seo specialist,seo,Middle,2-3 роки,4238.0,5085.0,NL,2026-05-20,adzuna
seo specialist,seo,Senior,5+ років,4238.0,5132.0,NL,2026-05-20,adzuna
seo specialist,seo,Middle,2-3 роки,4238.0,5085.0,NL,2026-05-20,adzuna
seo specialist,seo,Senior,5+ років,4238.0,5132.0,NL,2026-05-20,adzuna
social media manager,social_media,Middle,2-3 роки,5179.0,5179.0,NL,2026-05-20,adzuna
social media manager,social_media,Senior,5+ років,5650.0,5650.0,NL,2026-05-20,adzuna
social media manager,social_media,Middle,2-3 роки,5179.0,5179.0,NL,2026-05-20,adzuna
social media manager,social_media,Senior,5+ років,5650.0,5650.0,NL,2026-05-20,adzuna
social media manager,social_media,Middle,2-3 роки,5179.0,5179.0,NL,2026-05-20,adzuna
social media manager,social_media,Senior,5+ років,5650.0,5650.0,NL,2026-05-20,adzuna
social media manager,social_media,Middle,2-3 роки,5179.0,5179.0,NL,2026-05-20,adzuna
social media manager,social_media,Senior,5+ років,5650.0,5650.0,NL,2026-05-20,adzuna
social media manager,social_media,Middle,2-3 роки,5179.0,5179.0,NL,2026-05-20,adzuna
social media manager,social_media,Senior,5+ років,5650.0,5650.0,NL,2026-05-20,adzuna
sql dba database administrator,sql_dba,Middle,2-3 роки,,,NL,2026-05-20,adzuna
sql dba database administrator,sql_dba,Senior,5+ років,,,NL,2026-05-20,adzuna
sql dba database administrator,sql_dba,Middle,2-3 роки,,,NL,2026-05-20,adzuna
sql dba database administrator,sql_dba,Senior,5+ років,,,NL,2026-05-20,adzuna
sql dba database administrator,sql_dba,Middle,2-3 роки,,,NL,2026-05-20,adzuna
sql dba database administrator,sql_dba,Senior,5+ років,,,NL,2026-05-20,adzuna
sql dba database administrator,sql_dba,Middle,2-3 роки,,,NL,2026-05-20,adzuna
sql dba database administrator,sql_dba,Senior,5+ років,,,NL,2026-05-20,adzuna
sql dba database administrator,sql_dba,Middle,2-3 роки,,,NL,2026-05-20,adzuna
sql dba database administrator,sql_dba,Senior,5+ років,,,NL,2026-05-20,adzuna
technical support engineer,support,Middle,2-3 роки,,,NL,2026-05-20,adzuna
technical support engineer,support,Senior,5+ років,,,NL,2026-05-20,adzuna
technical support engineer,support,Middle,2-3 роки,,,NL,2026-05-20,adzuna
technical support engineer,support,Senior,5+ років,,,NL,2026-05-20,adzuna
technical support engineer,support,Middle,2-3 роки,,,NL,2026-05-20,adzuna
technical support engineer,support,Senior,5+ років,,,NL,2026-05-20,adzuna
technical support engineer,support,Middle,2-3 роки,,,NL,2026-05-20,adzuna
technical support engineer,support,Senior,5+ років,,,NL,2026-05-20,adzuna
technical support engineer,support,Middle,2-3 роки,,,NL,2026-05-20,adzuna
technical support engineer,support,Senior,5+ років,,,NL,2026-05-20,adzuna
svelte developer,svelte,Middle,2-3 роки,,,NL,2026-05-20,adzuna
svelte developer,svelte,Senior,5+ років,,,NL,2026-05-20,adzuna
svelte developer,svelte,Middle,2-3 роки,,,NL,2026-05-20,adzuna
svelte developer,svelte,Senior,5+ років,,,NL,2026-05-20,adzuna
svelte developer,svelte,Middle,2-3 роки,,,NL,2026-05-20,adzuna
svelte developer,svelte,Senior,5+ років,,,NL,2026-05-20,adzuna
svelte developer,svelte,Middle,2-3 роки,,,NL,2026-05-20,adzuna
svelte developer,svelte,Senior,5+ років,,,NL,2026-05-20,adzuna
svelte developer,svelte,Middle,2-3 роки,,,NL,2026-05-20,adzuna
svelte developer,svelte,Senior,5+ років,,,NL,2026-05-20,adzuna
symfony developer,symfony,Middle,2-3 роки,,,NL,2026-05-20,adzuna
symfony developer,symfony,Senior,5+ років,,,NL,2026-05-20,adzuna
symfony developer,symfony,Middle,2-3 роки,,,NL,2026-05-20,adzuna
symfony developer,symfony,Senior,5+ років,,,NL,2026-05-20,adzuna
symfony developer,symfony,Middle,2-3 роки,,,NL,2026-05-20,adzuna
symfony developer,symfony,Senior,5+ років,,,NL,2026-05-20,adzuna
symfony developer,symfony,Middle,2-3 роки,,,NL,2026-05-20,adzuna
symfony developer,symfony,Senior,5+ років,,,NL,2026-05-20,adzuna
symfony developer,symfony,Middle,2-3 роки,,,NL,2026-05-20,adzuna
symfony developer,symfony,Senior,5+ років,,,NL,2026-05-20,adzuna
system administrator linux,sysadmin,Middle,2-3 роки,,,NL,2026-05-20,adzuna
system administrator linux,sysadmin,Senior,5+ років,,,NL,2026-05-20,adzuna
system administrator linux,sysadmin,Middle,2-3 роки,,,NL,2026-05-20,adzuna
system administrator linux,sysadmin,Senior,5+ років,,,NL,2026-05-20,adzuna
system administrator linux,sysadmin,Middle,2-3 роки,,,NL,2026-05-20,adzuna
system administrator linux,sysadmin,Senior,5+ років,,,NL,2026-05-20,adzuna
system administrator linux,sysadmin,Middle,2-3 роки,,,NL,2026-05-20,adzuna
system administrator linux,sysadmin,Senior,5+ років,,,NL,2026-05-20,adzuna
system administrator linux,sysadmin,Middle,2-3 роки,,,NL,2026-05-20,adzuna
system administrator linux,sysadmin,Senior,5+ років,,,NL,2026-05-20,adzuna
ux designer,ui_ux,Middle,2-3 роки,4520.0,6121.0,NL,2026-05-20,adzuna
ux designer,ui_ux,Senior,5+ років,4832.0,6168.0,NL,2026-05-20,adzuna
ux designer,ui_ux,Middle,2-3 роки,4520.0,6121.0,NL,2026-05-20,adzuna
ux designer,ui_ux,Senior,5+ років,4832.0,6168.0,NL,2026-05-20,adzuna
ux designer,ui_ux,Middle,2-3 роки,4520.0,6121.0,NL,2026-05-20,adzuna
ux designer,ui_ux,Senior,5+ років,4832.0,6168.0,NL,2026-05-20,adzuna
ux designer,ui_ux,Middle,2-3 роки,4520.0,6121.0,NL,2026-05-20,adzuna
ux designer,ui_ux,Senior,5+ років,4832.0,6168.0,NL,2026-05-20,adzuna
ux designer,ui_ux,Middle,2-3 роки,4520.0,6121.0,NL,2026-05-20,adzuna
ux designer,ui_ux,Senior,5+ років,4832.0,6168.0,NL,2026-05-20,adzuna
unity developer,unity,Middle,2-3 роки,,,NL,2026-05-20,adzuna
unity developer,unity,Senior,5+ років,,,NL,2026-05-20,adzuna
unity developer,unity,Middle,2-3 роки,,,NL,2026-05-20,adzuna
unity developer,unity,Senior,5+ років,,,NL,2026-05-20,adzuna
unity developer,unity,Middle,2-3 роки,,,NL,2026-05-20,adzuna
unity developer,unity,Senior,5+ років,,,NL,2026-05-20,adzuna
unity developer,unity,Middle,2-3 роки,,,NL,2026-05-20,adzuna
unity developer,unity,Senior,5+ років,,,NL,2026-05-20,adzuna
unity developer,unity,Middle,2-3 роки,,,NL,2026-05-20,adzuna
unity developer,unity,Senior,5+ років,,,NL,2026-05-20,adzuna
unreal engine developer,unreal,Middle,2-3 роки,,,NL,2026-05-20,adzuna
unreal engine developer,unreal,Senior,5+ років,,,NL,2026-05-20,adzuna
unreal engine developer,unreal,Middle,2-3 роки,,,NL,2026-05-20,adzuna
unreal engine developer,unreal,Senior,5+ років,,,NL,2026-05-20,adzuna
unreal engine developer,unreal,Middle,2-3 роки,,,NL,2026-05-20,adzuna
unreal engine developer,unreal,Senior,5+ років,,,NL,2026-05-20,adzuna
unreal engine developer,unreal,Middle,2-3 роки,,,NL,2026-05-20,adzuna
unreal engine developer,unreal,Senior,5+ років,,,NL,2026-05-20,adzuna
unreal engine developer,unreal,Middle,2-3 роки,,,NL,2026-05-20,adzuna
unreal engine developer,unreal,Senior,5+ років,,,NL,2026-05-20,adzuna
ux researcher,ux_research,Middle,2-3 роки,,,NL,2026-05-20,adzuna
ux researcher,ux_research,Senior,5+ років,,,NL,2026-05-20,adzuna
ux researcher,ux_research,Middle,2-3 роки,,,NL,2026-05-20,adzuna
ux researcher,ux_research,Senior,5+ років,,,NL,2026-05-20,adzuna
ux researcher,ux_research,Middle,2-3 роки,,,NL,2026-05-20,adzuna
ux researcher,ux_research,Senior,5+ років,,,NL,2026-05-20,adzuna
ux researcher,ux_research,Middle,2-3 роки,,,NL,2026-05-20,adzuna
ux researcher,ux_research,Senior,5+ років,,,NL,2026-05-20,adzuna
ux researcher,ux_research,Middle,2-3 роки,,,NL,2026-05-20,adzuna
ux researcher,ux_research,Senior,5+ років,,,NL,2026-05-20,adzuna
vue.js developer,vue,Middle,2-3 роки,,,NL,2026-05-20,adzuna
vue.js developer,vue,Senior,5+ років,,,NL,2026-05-20,adzuna
vue.js developer,vue,Middle,2-3 роки,,,NL,2026-05-20,adzuna
vue.js developer,vue,Senior,5+ років,,,NL,2026-05-20,adzuna
vue.js developer,vue,Middle,2-3 роки,,,NL,2026-05-20,adzuna
vue.js developer,vue,Senior,5+ років,,,NL,2026-05-20,adzuna
vue.js developer,vue,Middle,2-3 роки,,,NL,2026-05-20,adzuna
vue.js developer,vue,Senior,5+ років,,,NL,2026-05-20,adzuna
vue.js developer,vue,Middle,2-3 роки,,,NL,2026-05-20,adzuna
vue.js developer,vue,Senior,5+ років,,,NL,2026-05-20,adzuna
winforms developer,winforms,Middle,2-3 роки,,,NL,2026-05-20,adzuna
winforms developer,winforms,Senior,5+ років,,,NL,2026-05-20,adzuna
winforms developer,winforms,Middle,2-3 роки,,,NL,2026-05-20,adzuna
winforms developer,winforms,Senior,5+ років,,,NL,2026-05-20,adzuna
winforms developer,winforms,Middle,2-3 роки,,,NL,2026-05-20,adzuna
winforms developer,winforms,Senior,5+ років,,,NL,2026-05-20,adzuna
winforms developer,winforms,Middle,2-3 роки,,,NL,2026-05-20,adzuna
winforms developer,winforms,Senior,5+ років,,,NL,2026-05-20,adzuna
winforms developer,winforms,Middle,2-3 роки,,,NL,2026-05-20,adzuna
winforms developer,winforms,Senior,5+ років,,,NL,2026-05-20,adzuna
wordpress developer,wordpress,Middle,2-3 роки,,,NL,2026-05-20,adzuna
wordpress developer,wordpress,Senior,5+ років,,,NL,2026-05-20,adzuna
wordpress developer,wordpress,Middle,2-3 роки,,,NL,2026-05-20,adzuna
wordpress developer,wordpress,Senior,5+ років,,,NL,2026-05-20,adzuna
wordpress developer,wordpress,Middle,2-3 роки,,,NL,2026-05-20,adzuna
wordpress developer,wordpress,Senior,5+ років,,,NL,2026-05-20,adzuna
wordpress developer,wordpress,Middle,2-3 роки,,,NL,2026-05-20,adzuna
wordpress developer,wordpress,Senior,5+ років,,,NL,2026-05-20,adzuna
wordpress developer,wordpress,Middle,2-3 роки,,,NL,2026-05-20,adzuna
wordpress developer,wordpress,Senior,5+ років,,,NL,2026-05-20,adzuna
wpf developer,wpf,Middle,2-3 роки,,,NL,2026-05-20,adzuna
wpf developer,wpf,Senior,5+ років,,,NL,2026-05-20,adzuna
wpf developer,wpf,Middle,2-3 роки,,,NL,2026-05-20,adzuna
wpf developer,wpf,Senior,5+ років,,,NL,2026-05-20,adzuna
wpf developer,wpf,Middle,2-3 роки,,,NL,2026-05-20,adzuna
wpf developer,wpf,Senior,5+ років,,,NL,2026-05-20,adzuna
wpf developer,wpf,Middle,2-3 роки,,,NL,2026-05-20,adzuna
wpf developer,wpf,Senior,5+ років,,,NL,2026-05-20,adzuna
wpf developer,wpf,Middle,2-3 роки,,,NL,2026-05-20,adzuna
wpf developer,wpf,Senior,5+ років,,,NL,2026-05-20,adzuna
xamarin developer,xamarin,Middle,2-3 роки,,,NL,2026-05-20,adzuna
xamarin developer,xamarin,Senior,5+ років,,,NL,2026-05-20,adzuna
xamarin developer,xamarin,Middle,2-3 роки,,,NL,2026-05-20,adzuna
xamarin developer,xamarin,Senior,5+ років,,,NL,2026-05-20,adzuna
xamarin developer,xamarin,Middle,2-3 роки,,,NL,2026-05-20,adzuna
xamarin developer,xamarin,Senior,5+ років,,,NL,2026-05-20,adzuna
xamarin developer,xamarin,Middle,2-3 роки,,,NL,2026-05-20,adzuna
xamarin developer,xamarin,Senior,5+ років,,,NL,2026-05-20,adzuna
xamarin developer,xamarin,Middle,2-3 роки,,,NL,2026-05-20,adzuna
xamarin developer,xamarin,Senior,5+ років,,,NL,2026-05-20,adzuna
yii developer,yii,Middle,2-3 роки,,,NL,2026-05-20,adzuna
yii developer,yii,Senior,5+ років,,,NL,2026-05-20,adzuna
yii developer,yii,Middle,2-3 роки,,,NL,2026-05-20,adzuna
yii developer,yii,Senior,5+ років,,,NL,2026-05-20,adzuna
yii developer,yii,Middle,2-3 роки,,,NL,2026-05-20,adzuna
yii developer,yii,Senior,5+ років,,,NL,2026-05-20,adzuna
yii developer,yii,Middle,2-3 роки,,,NL,2026-05-20,adzuna
yii developer,yii,Senior,5+ років,,,NL,2026-05-20,adzuna
yii developer,yii,Middle,2-3 роки,,,NL,2026-05-20,adzuna
yii developer,yii,Senior,5+ років,,,NL,2026-05-20,adzuna
2d animator,2d_animation,Middle,2-3 роки,,,PL,2026-05-20,adzuna
2d animator,2d_animation,Senior,5+ років,,,PL,2026-05-20,adzuna
2d animator,2d_animation,Middle,2-3 роки,,,PL,2026-05-20,adzuna
2d animator,2d_animation,Senior,5+ років,,,PL,2026-05-20,adzuna
2d animator,2d_animation,Middle,2-3 роки,,,PL,2026-05-20,adzuna
2d animator,2d_animation,Senior,5+ років,,,PL,2026-05-20,adzuna
2d animator,2d_animation,Middle,2-3 роки,,,PL,2026-05-20,adzuna
2d animator,2d_animation,Senior,5+ років,,,PL,2026-05-20,adzuna
2d animator,2d_animation,Middle,2-3 роки,,,PL,2026-05-20,adzuna
2d animator,2d_animation,Senior,5+ років,,,PL,2026-05-20,adzuna
2d artist,2d_artist,Middle,2-3 роки,,,PL,2026-05-20,adzuna
2d artist,2d_artist,Senior,5+ років,,,PL,2026-05-20,adzuna
2d artist,2d_artist,Middle,2-3 роки,,,PL,2026-05-20,adzuna
2d artist,2d_artist,Senior,5+ років,,,PL,2026-05-20,adzuna
2d artist,2d_artist,Middle,2-3 роки,,,PL,2026-05-20,adzuna
2d artist,2d_artist,Senior,5+ років,,,PL,2026-05-20,adzuna
2d artist,2d_artist,Middle,2-3 роки,,,PL,2026-05-20,adzuna
2d artist,2d_artist,Senior,5+ років,,,PL,2026-05-20,adzuna
2d artist,2d_artist,Middle,2-3 роки,,,PL,2026-05-20,adzuna
2d artist,2d_artist,Senior,5+ років,,,PL,2026-05-20,adzuna
3d animator,3d_animation,Middle,2-3 роки,,,PL,2026-05-20,adzuna
3d animator,3d_animation,Senior,5+ років,,,PL,2026-05-20,adzuna
3d animator,3d_animation,Middle,2-3 роки,,,PL,2026-05-20,adzuna
3d animator,3d_animation,Senior,5+ років,,,PL,2026-05-20,adzuna
3d animator,3d_animation,Middle,2-3 роки,,,PL,2026-05-20,adzuna
3d animator,3d_animation,Senior,5+ років,,,PL,2026-05-20,adzuna
3d animator,3d_animation,Middle,2-3 роки,,,PL,2026-05-20,adzuna
3d animator,3d_animation,Senior,5+ років,,,PL,2026-05-20,adzuna
3d animator,3d_animation,Middle,2-3 роки,,,PL,2026-05-20,adzuna
3d animator,3d_animation,Senior,5+ років,,,PL,2026-05-20,adzuna
3d artist,3d_artist,Middle,2-3 роки,,,PL,2026-05-20,adzuna
3d artist,3d_artist,Senior,5+ років,,,PL,2026-05-20,adzuna
3d artist,3d_artist,Middle,2-3 роки,,,PL,2026-05-20,adzuna
3d artist,3d_artist,Senior,5+ років,,,PL,2026-05-20,adzuna
3d artist,3d_artist,Middle,2-3 роки,,,PL,2026-05-20,adzuna
3d artist,3d_artist,Senior,5+ років,,,PL,2026-05-20,adzuna
3d artist,3d_artist,Middle,2-3 роки,,,PL,2026-05-20,adzuna
3d artist,3d_artist,Senior,5+ років,,,PL,2026-05-20,adzuna
3d artist,3d_artist,Middle,2-3 роки,,,PL,2026-05-20,adzuna
3d artist,3d_artist,Senior,5+ років,,,PL,2026-05-20,adzuna
accountant finance,accountant,Middle,2-3 роки,,,PL,2026-05-20,adzuna
accountant finance,accountant,Senior,5+ років,,,PL,2026-05-20,adzuna
accountant finance,accountant,Middle,2-3 роки,,,PL,2026-05-20,adzuna
accountant finance,accountant,Senior,5+ років,,,PL,2026-05-20,adzuna
accountant finance,accountant,Middle,2-3 роки,,,PL,2026-05-20,adzuna
accountant finance,accountant,Senior,5+ років,,,PL,2026-05-20,adzuna
accountant finance,accountant,Middle,2-3 роки,,,PL,2026-05-20,adzuna
accountant finance,accountant,Senior,5+ років,,,PL,2026-05-20,adzuna
accountant finance,accountant,Middle,2-3 роки,,,PL,2026-05-20,adzuna
accountant finance,accountant,Senior,5+ років,,,PL,2026-05-20,adzuna
affiliate manager,affiliate_manager,Middle,2-3 роки,3060.0,3825.0,PL,2026-05-20,adzuna
affiliate manager,affiliate_manager,Senior,5+ років,3060.0,3825.0,PL,2026-05-20,adzuna
affiliate manager,affiliate_manager,Middle,2-3 роки,3060.0,3825.0,PL,2026-05-20,adzuna
affiliate manager,affiliate_manager,Senior,5+ років,3060.0,3825.0,PL,2026-05-20,adzuna
affiliate manager,affiliate_manager,Middle,2-3 роки,3060.0,3825.0,PL,2026-05-20,adzuna
affiliate manager,affiliate_manager,Senior,5+ років,3060.0,3825.0,PL,2026-05-20,adzuna
affiliate manager,affiliate_manager,Middle,2-3 роки,3060.0,3825.0,PL,2026-05-20,adzuna
affiliate manager,affiliate_manager,Senior,5+ років,3060.0,3825.0,PL,2026-05-20,adzuna
affiliate manager,affiliate_manager,Middle,2-3 роки,3060.0,3825.0,PL,2026-05-20,adzuna
affiliate manager,affiliate_manager,Senior,5+ років,3060.0,3825.0,PL,2026-05-20,adzuna
android developer,android,Middle,2-3 роки,3856.0,5013.0,PL,2026-05-20,adzuna
android developer,android,Senior,5+ років,5141.0,6426.0,PL,2026-05-20,adzuna
android developer,android,Middle,2-3 роки,3856.0,5013.0,PL,2026-05-20,adzuna
android developer,android,Senior,5+ років,5141.0,6426.0,PL,2026-05-20,adzuna
android developer,android,Middle,2-3 роки,3856.0,5013.0,PL,2026-05-20,adzuna
android developer,android,Senior,5+ років,5141.0,6426.0,PL,2026-05-20,adzuna
android developer,android,Middle,2-3 роки,3856.0,5013.0,PL,2026-05-20,adzuna
android developer,android,Senior,5+ років,5141.0,6426.0,PL,2026-05-20,adzuna
android developer,android,Middle,2-3 роки,3856.0,5013.0,PL,2026-05-20,adzuna
android developer,android,Senior,5+ років,5141.0,6426.0,PL,2026-05-20,adzuna
angular developer,angular,Middle,2-3 роки,4080.0,5100.0,PL,2026-05-20,adzuna
angular developer,angular,Senior,5+ років,4712.0,6452.0,PL,2026-05-20,adzuna
angular developer,angular,Middle,2-3 роки,4080.0,5100.0,PL,2026-05-20,adzuna
angular developer,angular,Senior,5+ років,4712.0,6452.0,PL,2026-05-20,adzuna
angular developer,angular,Middle,2-3 роки,4080.0,5100.0,PL,2026-05-20,adzuna
angular developer,angular,Senior,5+ років,4712.0,6452.0,PL,2026-05-20,adzuna
angular developer,angular,Middle,2-3 роки,4080.0,5100.0,PL,2026-05-20,adzuna
angular developer,angular,Senior,5+ років,4712.0,6452.0,PL,2026-05-20,adzuna
angular developer,angular,Middle,2-3 роки,4080.0,5100.0,PL,2026-05-20,adzuna
angular developer,angular,Senior,5+ років,4712.0,6452.0,PL,2026-05-20,adzuna
asp.net developer,asp_net,Middle,2-3 роки,,,PL,2026-05-20,adzuna
asp.net developer,asp_net,Senior,5+ років,3442.0,4972.0,PL,2026-05-20,adzuna
asp.net developer,asp_net,Middle,2-3 роки,,,PL,2026-05-20,adzuna
asp.net developer,asp_net,Senior,5+ років,3442.0,4972.0,PL,2026-05-20,adzuna
asp.net developer,asp_net,Middle,2-3 роки,,,PL,2026-05-20,adzuna
asp.net developer,asp_net,Senior,5+ років,3442.0,4972.0,PL,2026-05-20,adzuna
asp.net developer,asp_net,Middle,2-3 роки,,,PL,2026-05-20,adzuna
asp.net developer,asp_net,Senior,5+ років,3442.0,4972.0,PL,2026-05-20,adzuna
asp.net developer,asp_net,Middle,2-3 роки,,,PL,2026-05-20,adzuna
asp.net developer,asp_net,Senior,5+ років,3442.0,4972.0,PL,2026-05-20,adzuna
blazor developer,blazor,Middle,2-3 роки,,,PL,2026-05-20,adzuna
blazor developer,blazor,Senior,5+ років,4080.0,5141.0,PL,2026-05-20,adzuna
blazor developer,blazor,Middle,2-3 роки,,,PL,2026-05-20,adzuna
blazor developer,blazor,Senior,5+ років,4080.0,5141.0,PL,2026-05-20,adzuna
blazor developer,blazor,Middle,2-3 роки,,,PL,2026-05-20,adzuna
blazor developer,blazor,Senior,5+ років,4080.0,5141.0,PL,2026-05-20,adzuna
blazor developer,blazor,Middle,2-3 роки,,,PL,2026-05-20,adzuna
blazor developer,blazor,Senior,5+ років,4080.0,5141.0,PL,2026-05-20,adzuna
blazor developer,blazor,Middle,2-3 роки,,,PL,2026-05-20,adzuna
blazor developer,blazor,Senior,5+ років,4080.0,5141.0,PL,2026-05-20,adzuna
business analyst IT,business_analyst,Middle,2-3 роки,5141.0,6426.0,PL,2026-05-20,adzuna
business analyst IT,business_analyst,Senior,5+ років,5141.0,6426.0,PL,2026-05-20,adzuna
business analyst IT,business_analyst,Middle,2-3 роки,5141.0,6426.0,PL,2026-05-20,adzuna
business analyst IT,business_analyst,Senior,5+ років,5141.0,6426.0,PL,2026-05-20,adzuna
business analyst IT,business_analyst,Middle,2-3 роки,5141.0,6426.0,PL,2026-05-20,adzuna
business analyst IT,business_analyst,Senior,5+ років,5141.0,6426.0,PL,2026-05-20,adzuna
business analyst IT,business_analyst,Middle,2-3 роки,5141.0,6426.0,PL,2026-05-20,adzuna
business analyst IT,business_analyst,Senior,5+ років,5141.0,6426.0,PL,2026-05-20,adzuna
business analyst IT,business_analyst,Middle,2-3 роки,5141.0,6426.0,PL,2026-05-20,adzuna
business analyst IT,business_analyst,Senior,5+ років,5141.0,6426.0,PL,2026-05-20,adzuna
c programmer,c,Middle,2-3 роки,,,PL,2026-05-20,adzuna
c programmer,c,Senior,5+ років,,,PL,2026-05-20,adzuna
c programmer,c,Middle,2-3 роки,,,PL,2026-05-20,adzuna
c programmer,c,Senior,5+ років,,,PL,2026-05-20,adzuna
c programmer,c,Middle,2-3 роки,,,PL,2026-05-20,adzuna
c programmer,c,Senior,5+ років,,,PL,2026-05-20,adzuna
c programmer,c,Middle,2-3 роки,,,PL,2026-05-20,adzuna
c programmer,c,Senior,5+ років,,,PL,2026-05-20,adzuna
c programmer,c,Middle,2-3 роки,,,PL,2026-05-20,adzuna
c programmer,c,Senior,5+ років,,,PL,2026-05-20,adzuna
chief business development officer,cbdo,Middle,2-3 роки,,,PL,2026-05-20,adzuna
chief business development officer,cbdo,Senior,5+ років,,,PL,2026-05-20,adzuna
chief business development officer,cbdo,Middle,2-3 роки,,,PL,2026-05-20,adzuna
chief business development officer,cbdo,Senior,5+ років,,,PL,2026-05-20,adzuna
chief business development officer,cbdo,Middle,2-3 роки,,,PL,2026-05-20,adzuna
chief business development officer,cbdo,Senior,5+ років,,,PL,2026-05-20,adzuna
chief business development officer,cbdo,Middle,2-3 роки,,,PL,2026-05-20,adzuna
chief business development officer,cbdo,Senior,5+ років,,,PL,2026-05-20,adzuna
chief business development officer,cbdo,Middle,2-3 роки,,,PL,2026-05-20,adzuna
chief business development officer,cbdo,Senior,5+ років,,,PL,2026-05-20,adzuna
chief commercial officer,cco,Middle,2-3 роки,7650.0,9180.0,PL,2026-05-20,adzuna
chief commercial officer,cco,Senior,5+ років,7650.0,9180.0,PL,2026-05-20,adzuna
chief commercial officer,cco,Middle,2-3 роки,7650.0,9180.0,PL,2026-05-20,adzuna
chief commercial officer,cco,Senior,5+ років,7650.0,9180.0,PL,2026-05-20,adzuna
chief commercial officer,cco,Middle,2-3 роки,7650.0,9180.0,PL,2026-05-20,adzuna
chief commercial officer,cco,Senior,5+ років,7650.0,9180.0,PL,2026-05-20,adzuna
chief commercial officer,cco,Middle,2-3 роки,7650.0,9180.0,PL,2026-05-20,adzuna
chief commercial officer,cco,Senior,5+ років,7650.0,9180.0,PL,2026-05-20,adzuna
chief commercial officer,cco,Middle,2-3 роки,7650.0,9180.0,PL,2026-05-20,adzuna
chief commercial officer,cco,Senior,5+ років,7650.0,9180.0,PL,2026-05-20,adzuna
chief executive officer tech,ceo,Middle,2-3 роки,,,PL,2026-05-20,adzuna
chief executive officer tech,ceo,Senior,5+ років,,,PL,2026-05-20,adzuna
chief executive officer tech,ceo,Middle,2-3 роки,,,PL,2026-05-20,adzuna
chief executive officer tech,ceo,Senior,5+ років,,,PL,2026-05-20,adzuna
chief executive officer tech,ceo,Middle,2-3 роки,,,PL,2026-05-20,adzuna
chief executive officer tech,ceo,Senior,5+ років,,,PL,2026-05-20,adzuna
chief executive officer tech,ceo,Middle,2-3 роки,,,PL,2026-05-20,adzuna
chief executive officer tech,ceo,Senior,5+ років,,,PL,2026-05-20,adzuna
chief executive officer tech,ceo,Middle,2-3 роки,,,PL,2026-05-20,adzuna
chief executive officer tech,ceo,Senior,5+ років,,,PL,2026-05-20,adzuna
chief financial officer tech,cfo,Middle,2-3 роки,,,PL,2026-05-20,adzuna
chief financial officer tech,cfo,Senior,5+ років,,,PL,2026-05-20,adzuna
chief financial officer tech,cfo,Middle,2-3 роки,,,PL,2026-05-20,adzuna
chief financial officer tech,cfo,Senior,5+ років,,,PL,2026-05-20,adzuna
chief financial officer tech,cfo,Middle,2-3 роки,,,PL,2026-05-20,adzuna
chief financial officer tech,cfo,Senior,5+ років,,,PL,2026-05-20,adzuna
chief financial officer tech,cfo,Middle,2-3 роки,,,PL,2026-05-20,adzuna
chief financial officer tech,cfo,Senior,5+ років,,,PL,2026-05-20,adzuna
chief financial officer tech,cfo,Middle,2-3 роки,,,PL,2026-05-20,adzuna
chief financial officer tech,cfo,Senior,5+ років,,,PL,2026-05-20,adzuna
chief information officer,cio,Middle,2-3 роки,6375.0,7650.0,PL,2026-05-20,adzuna
chief information officer,cio,Senior,5+ років,6375.0,7650.0,PL,2026-05-20,adzuna
chief information officer,cio,Middle,2-3 роки,6375.0,7650.0,PL,2026-05-20,adzuna
chief information officer,cio,Senior,5+ років,6375.0,7650.0,PL,2026-05-20,adzuna
chief information officer,cio,Middle,2-3 роки,6375.0,7650.0,PL,2026-05-20,adzuna
chief information officer,cio,Senior,5+ років,6375.0,7650.0,PL,2026-05-20,adzuna
chief information officer,cio,Middle,2-3 роки,6375.0,7650.0,PL,2026-05-20,adzuna
chief information officer,cio,Senior,5+ років,6375.0,7650.0,PL,2026-05-20,adzuna
chief information officer,cio,Middle,2-3 роки,6375.0,7650.0,PL,2026-05-20,adzuna
chief information officer,cio,Senior,5+ років,6375.0,7650.0,PL,2026-05-20,adzuna
chief marketing officer tech,cmo,Middle,2-3 роки,,,PL,2026-05-20,adzuna
chief marketing officer tech,cmo,Senior,5+ років,,,PL,2026-05-20,adzuna
chief marketing officer tech,cmo,Middle,2-3 роки,,,PL,2026-05-20,adzuna
chief marketing officer tech,cmo,Senior,5+ років,,,PL,2026-05-20,adzuna
chief marketing officer tech,cmo,Middle,2-3 роки,,,PL,2026-05-20,adzuna
chief marketing officer tech,cmo,Senior,5+ років,,,PL,2026-05-20,adzuna
chief marketing officer tech,cmo,Middle,2-3 роки,,,PL,2026-05-20,adzuna
chief marketing officer tech,cmo,Senior,5+ років,,,PL,2026-05-20,adzuna
chief marketing officer tech,cmo,Middle,2-3 роки,,,PL,2026-05-20,adzuna
chief marketing officer tech,cmo,Senior,5+ років,,,PL,2026-05-20,adzuna
content designer,content_design,Middle,2-3 роки,2295.0,3442.0,PL,2026-05-20,adzuna
content designer,content_design,Senior,5+ років,3290.0,4506.0,PL,2026-05-20,adzuna
content designer,content_design,Middle,2-3 роки,2295.0,3442.0,PL,2026-05-20,adzuna
content designer,content_design,Senior,5+ років,3290.0,4506.0,PL,2026-05-20,adzuna
content designer,content_design,Middle,2-3 роки,2295.0,3442.0,PL,2026-05-20,adzuna
content designer,content_design,Senior,5+ років,3290.0,4506.0,PL,2026-05-20,adzuna
content designer,content_design,Middle,2-3 роки,2295.0,3442.0,PL,2026-05-20,adzuna
content designer,content_design,Senior,5+ років,3290.0,4506.0,PL,2026-05-20,adzuna
content designer,content_design,Middle,2-3 роки,2295.0,3442.0,PL,2026-05-20,adzuna
content designer,content_design,Senior,5+ років,3290.0,4506.0,PL,2026-05-20,adzuna
content manager,content_manager,Middle,2-3 роки,2040.0,2805.0,PL,2026-05-20,adzuna
content manager,content_manager,Senior,5+ років,1912.0,2678.0,PL,2026-05-20,adzuna
content manager,content_manager,Middle,2-3 роки,2040.0,2805.0,PL,2026-05-20,adzuna
content manager,content_manager,Senior,5+ років,1912.0,2678.0,PL,2026-05-20,adzuna
content manager,content_manager,Middle,2-3 роки,2040.0,2805.0,PL,2026-05-20,adzuna
content manager,content_manager,Senior,5+ років,1912.0,2678.0,PL,2026-05-20,adzuna
content manager,content_manager,Middle,2-3 роки,2040.0,2805.0,PL,2026-05-20,adzuna
content manager,content_manager,Senior,5+ років,1912.0,2678.0,PL,2026-05-20,adzuna
content manager,content_manager,Middle,2-3 роки,2040.0,2805.0,PL,2026-05-20,adzuna
content manager,content_manager,Senior,5+ років,1912.0,2678.0,PL,2026-05-20,adzuna
content marketing manager,content_marketing,Middle,2-3 роки,,,PL,2026-05-20,adzuna
content marketing manager,content_marketing,Senior,5+ років,,,PL,2026-05-20,adzuna
content marketing manager,content_marketing,Middle,2-3 роки,,,PL,2026-05-20,adzuna
content marketing manager,content_marketing,Senior,5+ років,,,PL,2026-05-20,adzuna
content marketing manager,content_marketing,Middle,2-3 роки,,,PL,2026-05-20,adzuna
content marketing manager,content_marketing,Senior,5+ років,,,PL,2026-05-20,adzuna
content marketing manager,content_marketing,Middle,2-3 роки,,,PL,2026-05-20,adzuna
content marketing manager,content_marketing,Senior,5+ років,,,PL,2026-05-20,adzuna
content marketing manager,content_marketing,Middle,2-3 роки,,,PL,2026-05-20,adzuna
content marketing manager,content_marketing,Senior,5+ років,,,PL,2026-05-20,adzuna
content writer,content_writing,Middle,2-3 роки,4284.0,5998.0,PL,2026-05-20,adzuna
content writer,content_writing,Senior,5+ років,4284.0,5998.0,PL,2026-05-20,adzuna
content writer,content_writing,Middle,2-3 роки,4284.0,5998.0,PL,2026-05-20,adzuna
content writer,content_writing,Senior,5+ років,4284.0,5998.0,PL,2026-05-20,adzuna
content writer,content_writing,Middle,2-3 роки,4284.0,5998.0,PL,2026-05-20,adzuna
content writer,content_writing,Senior,5+ років,4284.0,5998.0,PL,2026-05-20,adzuna
content writer,content_writing,Middle,2-3 роки,4284.0,5998.0,PL,2026-05-20,adzuna
content writer,content_writing,Senior,5+ років,4284.0,5998.0,PL,2026-05-20,adzuna
content writer,content_writing,Middle,2-3 роки,4284.0,5998.0,PL,2026-05-20,adzuna
content writer,content_writing,Senior,5+ років,4284.0,5998.0,PL,2026-05-20,adzuna
chief operating officer,coo,Middle,2-3 роки,,,PL,2026-05-20,adzuna
chief operating officer,coo,Senior,5+ років,,,PL,2026-05-20,adzuna
chief operating officer,coo,Middle,2-3 роки,,,PL,2026-05-20,adzuna
chief operating officer,coo,Senior,5+ років,,,PL,2026-05-20,adzuna
chief operating officer,coo,Middle,2-3 роки,,,PL,2026-05-20,adzuna
chief operating officer,coo,Senior,5+ років,,,PL,2026-05-20,adzuna
chief operating officer,coo,Middle,2-3 роки,,,PL,2026-05-20,adzuna
chief operating officer,coo,Senior,5+ років,,,PL,2026-05-20,adzuna
chief operating officer,coo,Middle,2-3 роки,,,PL,2026-05-20,adzuna
chief operating officer,coo,Senior,5+ років,,,PL,2026-05-20,adzuna
c++ developer,cplusplus,Middle,2-3 роки,,,PL,2026-05-20,adzuna
c++ developer,cplusplus,Senior,5+ років,5299.0,6212.0,PL,2026-05-20,adzuna
c++ developer,cplusplus,Middle,2-3 роки,,,PL,2026-05-20,adzuna
c++ developer,cplusplus,Senior,5+ років,5299.0,6212.0,PL,2026-05-20,adzuna
c++ developer,cplusplus,Middle,2-3 роки,,,PL,2026-05-20,adzuna
c++ developer,cplusplus,Senior,5+ років,5299.0,6212.0,PL,2026-05-20,adzuna
c++ developer,cplusplus,Middle,2-3 роки,,,PL,2026-05-20,adzuna
c++ developer,cplusplus,Senior,5+ років,5299.0,6212.0,PL,2026-05-20,adzuna
c++ developer,cplusplus,Middle,2-3 роки,,,PL,2026-05-20,adzuna
c++ developer,cplusplus,Senior,5+ років,5299.0,6212.0,PL,2026-05-20,adzuna
chief product officer,cpo,Middle,2-3 роки,3060.0,3825.0,PL,2026-05-20,adzuna
chief product officer,cpo,Senior,5+ років,6375.0,7650.0,PL,2026-05-20,adzuna
chief product officer,cpo,Middle,2-3 роки,3060.0,3825.0,PL,2026-05-20,adzuna
chief product officer,cpo,Senior,5+ років,6375.0,7650.0,PL,2026-05-20,adzuna
chief product officer,cpo,Middle,2-3 роки,3060.0,3825.0,PL,2026-05-20,adzuna
chief product officer,cpo,Senior,5+ років,6375.0,7650.0,PL,2026-05-20,adzuna
chief product officer,cpo,Middle,2-3 роки,3060.0,3825.0,PL,2026-05-20,adzuna
chief product officer,cpo,Senior,5+ років,6375.0,7650.0,PL,2026-05-20,adzuna
chief product officer,cpo,Middle,2-3 роки,3060.0,3825.0,PL,2026-05-20,adzuna
chief product officer,cpo,Senior,5+ років,6375.0,7650.0,PL,2026-05-20,adzuna
c++ developer,cpp,Middle,2-3 роки,,,PL,2026-05-20,adzuna
c++ developer,cpp,Senior,5+ років,5299.0,6212.0,PL,2026-05-20,adzuna
c++ developer,cpp,Middle,2-3 роки,,,PL,2026-05-20,adzuna
c++ developer,cpp,Senior,5+ років,5299.0,6212.0,PL,2026-05-20,adzuna
c++ developer,cpp,Middle,2-3 роки,,,PL,2026-05-20,adzuna
c++ developer,cpp,Senior,5+ років,5299.0,6212.0,PL,2026-05-20,adzuna
c++ developer,cpp,Middle,2-3 роки,,,PL,2026-05-20,adzuna
c++ developer,cpp,Senior,5+ років,5299.0,6212.0,PL,2026-05-20,adzuna
c++ developer,cpp,Middle,2-3 роки,,,PL,2026-05-20,adzuna
c++ developer,cpp,Senior,5+ років,5299.0,6212.0,PL,2026-05-20,adzuna
chief technology officer,cto,Middle,2-3 роки,2550.0,3825.0,PL,2026-05-20,adzuna
chief technology officer,cto,Senior,5+ років,,,PL,2026-05-20,adzuna
chief technology officer,cto,Middle,2-3 роки,2550.0,3825.0,PL,2026-05-20,adzuna
chief technology officer,cto,Senior,5+ років,,,PL,2026-05-20,adzuna
chief technology officer,cto,Middle,2-3 роки,2550.0,3825.0,PL,2026-05-20,adzuna
chief technology officer,cto,Senior,5+ років,,,PL,2026-05-20,adzuna
chief technology officer,cto,Middle,2-3 роки,2550.0,3825.0,PL,2026-05-20,adzuna
chief technology officer,cto,Senior,5+ років,,,PL,2026-05-20,adzuna
chief technology officer,cto,Middle,2-3 роки,2550.0,3825.0,PL,2026-05-20,adzuna
chief technology officer,cto,Senior,5+ років,,,PL,2026-05-20,adzuna
data analyst,data_analyst,Middle,2-3 роки,5952.0,6740.0,PL,2026-05-20,adzuna
data analyst,data_analyst,Senior,5+ років,6375.0,6375.0,PL,2026-05-20,adzuna
data analyst,data_analyst,Middle,2-3 роки,5952.0,6740.0,PL,2026-05-20,adzuna
data analyst,data_analyst,Senior,5+ років,6375.0,6375.0,PL,2026-05-20,adzuna
data analyst,data_analyst,Middle,2-3 роки,5952.0,6740.0,PL,2026-05-20,adzuna
data analyst,data_analyst,Senior,5+ років,6375.0,6375.0,PL,2026-05-20,adzuna
data analyst,data_analyst,Middle,2-3 роки,5952.0,6740.0,PL,2026-05-20,adzuna
data analyst,data_analyst,Senior,5+ років,6375.0,6375.0,PL,2026-05-20,adzuna
data analyst,data_analyst,Middle,2-3 роки,5952.0,6740.0,PL,2026-05-20,adzuna
data analyst,data_analyst,Senior,5+ років,6375.0,6375.0,PL,2026-05-20,adzuna
data engineer,data_engineer,Middle,2-3 роки,4590.0,6311.0,PL,2026-05-20,adzuna
data engineer,data_engineer,Senior,5+ років,5610.0,7283.0,PL,2026-05-20,adzuna
data engineer,data_engineer,Middle,2-3 роки,4590.0,6311.0,PL,2026-05-20,adzuna
data engineer,data_engineer,Senior,5+ років,5610.0,7283.0,PL,2026-05-20,adzuna
data engineer,data_engineer,Middle,2-3 роки,4590.0,6311.0,PL,2026-05-20,adzuna
data engineer,data_engineer,Senior,5+ років,5610.0,7283.0,PL,2026-05-20,adzuna
data engineer,data_engineer,Middle,2-3 роки,4590.0,6311.0,PL,2026-05-20,adzuna
data engineer,data_engineer,Senior,5+ років,5610.0,7283.0,PL,2026-05-20,adzuna
data engineer,data_engineer,Middle,2-3 роки,4590.0,6311.0,PL,2026-05-20,adzuna
data engineer,data_engineer,Senior,5+ років,5610.0,7283.0,PL,2026-05-20,adzuna
data scientist,data_science,Middle,2-3 роки,5569.0,6854.0,PL,2026-05-20,adzuna
data scientist,data_science,Senior,5+ років,5569.0,6854.0,PL,2026-05-20,adzuna
data scientist,data_science,Middle,2-3 роки,5569.0,6854.0,PL,2026-05-20,adzuna
data scientist,data_science,Senior,5+ років,5569.0,6854.0,PL,2026-05-20,adzuna
data scientist,data_science,Middle,2-3 роки,5569.0,6854.0,PL,2026-05-20,adzuna
data scientist,data_science,Senior,5+ років,5569.0,6854.0,PL,2026-05-20,adzuna
data scientist,data_science,Middle,2-3 роки,5569.0,6854.0,PL,2026-05-20,adzuna
data scientist,data_science,Senior,5+ років,5569.0,6854.0,PL,2026-05-20,adzuna
data scientist,data_science,Middle,2-3 роки,5569.0,6854.0,PL,2026-05-20,adzuna
data scientist,data_science,Senior,5+ років,5569.0,6854.0,PL,2026-05-20,adzuna
delivery manager agile IT,delivery_manager,Middle,2-3 роки,,,PL,2026-05-20,adzuna
delivery manager agile IT,delivery_manager,Senior,5+ років,,,PL,2026-05-20,adzuna
delivery manager agile IT,delivery_manager,Middle,2-3 роки,,,PL,2026-05-20,adzuna
delivery manager agile IT,delivery_manager,Senior,5+ років,,,PL,2026-05-20,adzuna
delivery manager agile IT,delivery_manager,Middle,2-3 роки,,,PL,2026-05-20,adzuna
delivery manager agile IT,delivery_manager,Senior,5+ років,,,PL,2026-05-20,adzuna
delivery manager agile IT,delivery_manager,Middle,2-3 роки,,,PL,2026-05-20,adzuna
delivery manager agile IT,delivery_manager,Senior,5+ років,,,PL,2026-05-20,adzuna
delivery manager agile IT,delivery_manager,Middle,2-3 роки,,,PL,2026-05-20,adzuna
delivery manager agile IT,delivery_manager,Senior,5+ років,,,PL,2026-05-20,adzuna
graphic designer,design,Middle,2-3 роки,1785.0,2550.0,PL,2026-05-20,adzuna
graphic designer,design,Senior,5+ років,1658.0,2678.0,PL,2026-05-20,adzuna
graphic designer,design,Middle,2-3 роки,1785.0,2550.0,PL,2026-05-20,adzuna
graphic designer,design,Senior,5+ років,1658.0,2678.0,PL,2026-05-20,adzuna
graphic designer,design,Middle,2-3 роки,1785.0,2550.0,PL,2026-05-20,adzuna
graphic designer,design,Senior,5+ років,1658.0,2678.0,PL,2026-05-20,adzuna
graphic designer,design,Middle,2-3 роки,1785.0,2550.0,PL,2026-05-20,adzuna
graphic designer,design,Senior,5+ років,1658.0,2678.0,PL,2026-05-20,adzuna
graphic designer,design,Middle,2-3 роки,1785.0,2550.0,PL,2026-05-20,adzuna
graphic designer,design,Senior,5+ років,1658.0,2678.0,PL,2026-05-20,adzuna
devops engineer,dev_ops,Middle,2-3 роки,4335.0,6375.0,PL,2026-05-20,adzuna
devops engineer,dev_ops,Senior,5+ років,5610.0,7395.0,PL,2026-05-20,adzuna
devops engineer,dev_ops,Middle,2-3 роки,4335.0,6375.0,PL,2026-05-20,adzuna
devops engineer,dev_ops,Senior,5+ років,5610.0,7395.0,PL,2026-05-20,adzuna
devops engineer,dev_ops,Middle,2-3 роки,4335.0,6375.0,PL,2026-05-20,adzuna
devops engineer,dev_ops,Senior,5+ років,5610.0,7395.0,PL,2026-05-20,adzuna
devops engineer,dev_ops,Middle,2-3 роки,4335.0,6375.0,PL,2026-05-20,adzuna
devops engineer,dev_ops,Senior,5+ років,5610.0,7395.0,PL,2026-05-20,adzuna
devops engineer,dev_ops,Middle,2-3 роки,4335.0,6375.0,PL,2026-05-20,adzuna
devops engineer,dev_ops,Senior,5+ років,5610.0,7395.0,PL,2026-05-20,adzuna
digital marketing,digital_marketing,Middle,2-3 роки,2869.0,3570.0,PL,2026-05-20,adzuna
digital marketing,digital_marketing,Senior,5+ років,2869.0,3570.0,PL,2026-05-20,adzuna
digital marketing,digital_marketing,Middle,2-3 роки,2869.0,3570.0,PL,2026-05-20,adzuna
digital marketing,digital_marketing,Senior,5+ років,2869.0,3570.0,PL,2026-05-20,adzuna
digital marketing,digital_marketing,Middle,2-3 роки,2869.0,3570.0,PL,2026-05-20,adzuna
digital marketing,digital_marketing,Senior,5+ років,2869.0,3570.0,PL,2026-05-20,adzuna
digital marketing,digital_marketing,Middle,2-3 роки,2869.0,3570.0,PL,2026-05-20,adzuna
digital marketing,digital_marketing,Senior,5+ років,2869.0,3570.0,PL,2026-05-20,adzuna
digital marketing,digital_marketing,Middle,2-3 роки,2869.0,3570.0,PL,2026-05-20,adzuna
digital marketing,digital_marketing,Senior,5+ років,2869.0,3570.0,PL,2026-05-20,adzuna
digital marketing manager,digital_marketing_manager,Middle,2-3 роки,4080.0,5355.0,PL,2026-05-20,adzuna
digital marketing manager,digital_marketing_manager,Senior,5+ років,4080.0,5355.0,PL,2026-05-20,adzuna
digital marketing manager,digital_marketing_manager,Middle,2-3 роки,4080.0,5355.0,PL,2026-05-20,adzuna
digital marketing manager,digital_marketing_manager,Senior,5+ років,4080.0,5355.0,PL,2026-05-20,adzuna
digital marketing manager,digital_marketing_manager,Middle,2-3 роки,4080.0,5355.0,PL,2026-05-20,adzuna
digital marketing manager,digital_marketing_manager,Senior,5+ років,4080.0,5355.0,PL,2026-05-20,adzuna
digital marketing manager,digital_marketing_manager,Middle,2-3 роки,4080.0,5355.0,PL,2026-05-20,adzuna
digital marketing manager,digital_marketing_manager,Senior,5+ років,4080.0,5355.0,PL,2026-05-20,adzuna
digital marketing manager,digital_marketing_manager,Middle,2-3 роки,4080.0,5355.0,PL,2026-05-20,adzuna
digital marketing manager,digital_marketing_manager,Senior,5+ років,4080.0,5355.0,PL,2026-05-20,adzuna
.net developer,dotnet,Middle,2-3 роки,2550.0,5269.0,PL,2026-05-20,adzuna
.net developer,dotnet,Senior,5+ років,4284.0,5998.0,PL,2026-05-20,adzuna
.net developer,dotnet,Middle,2-3 роки,2550.0,5269.0,PL,2026-05-20,adzuna
.net developer,dotnet,Senior,5+ років,4284.0,5998.0,PL,2026-05-20,adzuna
.net developer,dotnet,Middle,2-3 роки,2550.0,5269.0,PL,2026-05-20,adzuna
.net developer,dotnet,Senior,5+ років,4284.0,5998.0,PL,2026-05-20,adzuna
.net developer,dotnet,Middle,2-3 роки,2550.0,5269.0,PL,2026-05-20,adzuna
.net developer,dotnet,Senior,5+ років,4284.0,5998.0,PL,2026-05-20,adzuna
.net developer,dotnet,Middle,2-3 роки,2550.0,5269.0,PL,2026-05-20,adzuna
.net developer,dotnet,Senior,5+ років,4284.0,5998.0,PL,2026-05-20,adzuna
.net cloud developer,dotnet_cloud,Middle,2-3 роки,,,PL,2026-05-20,adzuna
.net cloud developer,dotnet_cloud,Senior,5+ років,5998.0,6854.0,PL,2026-05-20,adzuna
.net cloud developer,dotnet_cloud,Middle,2-3 роки,,,PL,2026-05-20,adzuna
.net cloud developer,dotnet_cloud,Senior,5+ років,5998.0,6854.0,PL,2026-05-20,adzuna
.net cloud developer,dotnet_cloud,Middle,2-3 роки,,,PL,2026-05-20,adzuna
.net cloud developer,dotnet_cloud,Senior,5+ років,5998.0,6854.0,PL,2026-05-20,adzuna
.net cloud developer,dotnet_cloud,Middle,2-3 роки,,,PL,2026-05-20,adzuna
.net cloud developer,dotnet_cloud,Senior,5+ років,5998.0,6854.0,PL,2026-05-20,adzuna
.net cloud developer,dotnet_cloud,Middle,2-3 роки,,,PL,2026-05-20,adzuna
.net cloud developer,dotnet_cloud,Senior,5+ років,5998.0,6854.0,PL,2026-05-20,adzuna
.net desktop developer,dotnet_desktop,Middle,2-3 роки,,,PL,2026-05-20,adzuna
.net desktop developer,dotnet_desktop,Senior,5+ років,,,PL,2026-05-20,adzuna
.net desktop developer,dotnet_desktop,Middle,2-3 роки,,,PL,2026-05-20,adzuna
.net desktop developer,dotnet_desktop,Senior,5+ років,,,PL,2026-05-20,adzuna
.net desktop developer,dotnet_desktop,Middle,2-3 роки,,,PL,2026-05-20,adzuna
.net desktop developer,dotnet_desktop,Senior,5+ років,,,PL,2026-05-20,adzuna
.net desktop developer,dotnet_desktop,Middle,2-3 роки,,,PL,2026-05-20,adzuna
.net desktop developer,dotnet_desktop,Senior,5+ років,,,PL,2026-05-20,adzuna
.net desktop developer,dotnet_desktop,Middle,2-3 роки,,,PL,2026-05-20,adzuna
.net desktop developer,dotnet_desktop,Senior,5+ років,,,PL,2026-05-20,adzuna
.net mobile developer,dotnet_mobile,Middle,2-3 роки,5731.0,6522.0,PL,2026-05-20,adzuna
.net mobile developer,dotnet_mobile,Senior,5+ років,,,PL,2026-05-20,adzuna
.net mobile developer,dotnet_mobile,Middle,2-3 роки,5731.0,6522.0,PL,2026-05-20,adzuna
.net mobile developer,dotnet_mobile,Senior,5+ років,,,PL,2026-05-20,adzuna
.net mobile developer,dotnet_mobile,Middle,2-3 роки,5731.0,6522.0,PL,2026-05-20,adzuna
.net mobile developer,dotnet_mobile,Senior,5+ років,,,PL,2026-05-20,adzuna
.net mobile developer,dotnet_mobile,Middle,2-3 роки,5731.0,6522.0,PL,2026-05-20,adzuna
.net mobile developer,dotnet_mobile,Senior,5+ років,,,PL,2026-05-20,adzuna
.net mobile developer,dotnet_mobile,Middle,2-3 роки,5731.0,6522.0,PL,2026-05-20,adzuna
.net mobile developer,dotnet_mobile,Senior,5+ років,,,PL,2026-05-20,adzuna
asp.net web developer,dotnet_web,Middle,2-3 роки,,,PL,2026-05-20,adzuna
asp.net web developer,dotnet_web,Senior,5+ років,,,PL,2026-05-20,adzuna
asp.net web developer,dotnet_web,Middle,2-3 роки,,,PL,2026-05-20,adzuna
asp.net web developer,dotnet_web,Senior,5+ років,,,PL,2026-05-20,adzuna
asp.net web developer,dotnet_web,Middle,2-3 роки,,,PL,2026-05-20,adzuna
asp.net web developer,dotnet_web,Senior,5+ років,,,PL,2026-05-20,adzuna
asp.net web developer,dotnet_web,Middle,2-3 роки,,,PL,2026-05-20,adzuna
asp.net web developer,dotnet_web,Senior,5+ років,,,PL,2026-05-20,adzuna
asp.net web developer,dotnet_web,Middle,2-3 роки,,,PL,2026-05-20,adzuna
asp.net web developer,dotnet_web,Senior,5+ років,,,PL,2026-05-20,adzuna
drupal developer,drupal,Middle,2-3 роки,3856.0,5100.0,PL,2026-05-20,adzuna
drupal developer,drupal,Senior,5+ років,5120.0,6426.0,PL,2026-05-20,adzuna
drupal developer,drupal,Middle,2-3 роки,3856.0,5100.0,PL,2026-05-20,adzuna
drupal developer,drupal,Senior,5+ років,5120.0,6426.0,PL,2026-05-20,adzuna
drupal developer,drupal,Middle,2-3 роки,3856.0,5100.0,PL,2026-05-20,adzuna
drupal developer,drupal,Senior,5+ років,5120.0,6426.0,PL,2026-05-20,adzuna
drupal developer,drupal,Middle,2-3 роки,3856.0,5100.0,PL,2026-05-20,adzuna
drupal developer,drupal,Senior,5+ років,5120.0,6426.0,PL,2026-05-20,adzuna
drupal developer,drupal,Middle,2-3 роки,3856.0,5100.0,PL,2026-05-20,adzuna
drupal developer,drupal,Senior,5+ років,5120.0,6426.0,PL,2026-05-20,adzuna
elixir developer,elixir,Middle,2-3 роки,,,PL,2026-05-20,adzuna
elixir developer,elixir,Senior,5+ років,,,PL,2026-05-20,adzuna
elixir developer,elixir,Middle,2-3 роки,,,PL,2026-05-20,adzuna
elixir developer,elixir,Senior,5+ років,,,PL,2026-05-20,adzuna
elixir developer,elixir,Middle,2-3 роки,,,PL,2026-05-20,adzuna
elixir developer,elixir,Senior,5+ років,,,PL,2026-05-20,adzuna
elixir developer,elixir,Middle,2-3 роки,,,PL,2026-05-20,adzuna
elixir developer,elixir,Senior,5+ років,,,PL,2026-05-20,adzuna
elixir developer,elixir,Middle,2-3 роки,,,PL,2026-05-20,adzuna
elixir developer,elixir,Senior,5+ років,,,PL,2026-05-20,adzuna
embedded software engineer,embedded,Middle,2-3 роки,,,PL,2026-05-20,adzuna
embedded software engineer,embedded,Senior,5+ років,5228.0,6248.0,PL,2026-05-20,adzuna
embedded software engineer,embedded,Middle,2-3 роки,,,PL,2026-05-20,adzuna
embedded software engineer,embedded,Senior,5+ років,5228.0,6248.0,PL,2026-05-20,adzuna
embedded software engineer,embedded,Middle,2-3 роки,,,PL,2026-05-20,adzuna
embedded software engineer,embedded,Senior,5+ років,5228.0,6248.0,PL,2026-05-20,adzuna
embedded software engineer,embedded,Middle,2-3 роки,,,PL,2026-05-20,adzuna
embedded software engineer,embedded,Senior,5+ років,5228.0,6248.0,PL,2026-05-20,adzuna
embedded software engineer,embedded,Middle,2-3 роки,,,PL,2026-05-20,adzuna
embedded software engineer,embedded,Senior,5+ років,5228.0,6248.0,PL,2026-05-20,adzuna
software engineering manager,engineering_manager,Middle,2-3 роки,,,PL,2026-05-20,adzuna
software engineering manager,engineering_manager,Senior,5+ років,,,PL,2026-05-20,adzuna
software engineering manager,engineering_manager,Middle,2-3 роки,,,PL,2026-05-20,adzuna
software engineering manager,engineering_manager,Senior,5+ років,,,PL,2026-05-20,adzuna
software engineering manager,engineering_manager,Middle,2-3 роки,,,PL,2026-05-20,adzuna
software engineering manager,engineering_manager,Senior,5+ років,,,PL,2026-05-20,adzuna
software engineering manager,engineering_manager,Middle,2-3 роки,,,PL,2026-05-20,adzuna
software engineering manager,engineering_manager,Senior,5+ років,,,PL,2026-05-20,adzuna
software engineering manager,engineering_manager,Middle,2-3 роки,,,PL,2026-05-20,adzuna
software engineering manager,engineering_manager,Senior,5+ років,,,PL,2026-05-20,adzuna
erp developer,erp_systems,Middle,2-3 роки,,,PL,2026-05-20,adzuna
erp developer,erp_systems,Senior,5+ років,,,PL,2026-05-20,adzuna
erp developer,erp_systems,Middle,2-3 роки,,,PL,2026-05-20,adzuna
erp developer,erp_systems,Senior,5+ років,,,PL,2026-05-20,adzuna
erp developer,erp_systems,Middle,2-3 роки,,,PL,2026-05-20,adzuna
erp developer,erp_systems,Senior,5+ років,,,PL,2026-05-20,adzuna
erp developer,erp_systems,Middle,2-3 роки,,,PL,2026-05-20,adzuna
erp developer,erp_systems,Senior,5+ років,,,PL,2026-05-20,adzuna
erp developer,erp_systems,Middle,2-3 роки,,,PL,2026-05-20,adzuna
erp developer,erp_systems,Senior,5+ років,,,PL,2026-05-20,adzuna
finance manager,finance_manager,Middle,2-3 роки,,,PL,2026-05-20,adzuna
finance manager,finance_manager,Senior,5+ років,,,PL,2026-05-20,adzuna
finance manager,finance_manager,Middle,2-3 роки,,,PL,2026-05-20,adzuna
finance manager,finance_manager,Senior,5+ років,,,PL,2026-05-20,adzuna
finance manager,finance_manager,Middle,2-3 роки,,,PL,2026-05-20,adzuna
finance manager,finance_manager,Senior,5+ років,,,PL,2026-05-20,adzuna
finance manager,finance_manager,Middle,2-3 роки,,,PL,2026-05-20,adzuna
finance manager,finance_manager,Senior,5+ років,,,PL,2026-05-20,adzuna
finance manager,finance_manager,Middle,2-3 роки,,,PL,2026-05-20,adzuna
finance manager,finance_manager,Senior,5+ років,,,PL,2026-05-20,adzuna
financial analyst,finances,Middle,2-3 роки,,,PL,2026-05-20,adzuna
financial analyst,finances,Senior,5+ років,,,PL,2026-05-20,adzuna
financial analyst,finances,Middle,2-3 роки,,,PL,2026-05-20,adzuna
financial analyst,finances,Senior,5+ років,,,PL,2026-05-20,adzuna
financial analyst,finances,Middle,2-3 роки,,,PL,2026-05-20,adzuna
financial analyst,finances,Senior,5+ років,,,PL,2026-05-20,adzuna
financial analyst,finances,Middle,2-3 роки,,,PL,2026-05-20,adzuna
financial analyst,finances,Senior,5+ років,,,PL,2026-05-20,adzuna
financial analyst,finances,Middle,2-3 роки,,,PL,2026-05-20,adzuna
financial analyst,finances,Senior,5+ років,,,PL,2026-05-20,adzuna
financial analyst,financial_analyst,Middle,2-3 роки,,,PL,2026-05-20,adzuna
financial analyst,financial_analyst,Senior,5+ років,,,PL,2026-05-20,adzuna
financial analyst,financial_analyst,Middle,2-3 роки,,,PL,2026-05-20,adzuna
financial analyst,financial_analyst,Senior,5+ років,,,PL,2026-05-20,adzuna
financial analyst,financial_analyst,Middle,2-3 роки,,,PL,2026-05-20,adzuna
financial analyst,financial_analyst,Senior,5+ років,,,PL,2026-05-20,adzuna
financial analyst,financial_analyst,Middle,2-3 роки,,,PL,2026-05-20,adzuna
financial analyst,financial_analyst,Senior,5+ років,,,PL,2026-05-20,adzuna
financial analyst,financial_analyst,Middle,2-3 роки,,,PL,2026-05-20,adzuna
financial analyst,financial_analyst,Senior,5+ років,,,PL,2026-05-20,adzuna
flutter developer,flutter,Middle,2-3 роки,3626.0,4845.0,PL,2026-05-20,adzuna
flutter developer,flutter,Senior,5+ років,3840.0,5141.0,PL,2026-05-20,adzuna
flutter developer,flutter,Middle,2-3 роки,3626.0,4845.0,PL,2026-05-20,adzuna
flutter developer,flutter,Senior,5+ років,3840.0,5141.0,PL,2026-05-20,adzuna
flutter developer,flutter,Middle,2-3 роки,3626.0,4845.0,PL,2026-05-20,adzuna
flutter developer,flutter,Senior,5+ років,3840.0,5141.0,PL,2026-05-20,adzuna
flutter developer,flutter,Middle,2-3 роки,3626.0,4845.0,PL,2026-05-20,adzuna
flutter developer,flutter,Senior,5+ років,3840.0,5141.0,PL,2026-05-20,adzuna
flutter developer,flutter,Middle,2-3 роки,3626.0,4845.0,PL,2026-05-20,adzuna
flutter developer,flutter,Senior,5+ років,3840.0,5141.0,PL,2026-05-20,adzuna
fullstack developer,fullstack,Middle,2-3 роки,3825.0,5661.0,PL,2026-05-20,adzuna
fullstack developer,fullstack,Senior,5+ років,4080.0,6885.0,PL,2026-05-20,adzuna
fullstack developer,fullstack,Middle,2-3 роки,3825.0,5661.0,PL,2026-05-20,adzuna
fullstack developer,fullstack,Senior,5+ років,4080.0,6885.0,PL,2026-05-20,adzuna
fullstack developer,fullstack,Middle,2-3 роки,3825.0,5661.0,PL,2026-05-20,adzuna
fullstack developer,fullstack,Senior,5+ років,4080.0,6885.0,PL,2026-05-20,adzuna
fullstack developer,fullstack,Middle,2-3 роки,3825.0,5661.0,PL,2026-05-20,adzuna
fullstack developer,fullstack,Senior,5+ років,4080.0,6885.0,PL,2026-05-20,adzuna
fullstack developer,fullstack,Middle,2-3 роки,3825.0,5661.0,PL,2026-05-20,adzuna
fullstack developer,fullstack,Senior,5+ років,4080.0,6885.0,PL,2026-05-20,adzuna
game designer,game_design,Middle,2-3 роки,,,PL,2026-05-20,adzuna
game designer,game_design,Senior,5+ років,,,PL,2026-05-20,adzuna
game designer,game_design,Middle,2-3 роки,,,PL,2026-05-20,adzuna
game designer,game_design,Senior,5+ років,,,PL,2026-05-20,adzuna
game designer,game_design,Middle,2-3 роки,,,PL,2026-05-20,adzuna
game designer,game_design,Senior,5+ років,,,PL,2026-05-20,adzuna
game designer,game_design,Middle,2-3 роки,,,PL,2026-05-20,adzuna
game designer,game_design,Senior,5+ років,,,PL,2026-05-20,adzuna
game designer,game_design,Middle,2-3 роки,,,PL,2026-05-20,adzuna
game designer,game_design,Senior,5+ років,,,PL,2026-05-20,adzuna
game developer,game_developer,Middle,2-3 роки,,,PL,2026-05-20,adzuna
game developer,game_developer,Senior,5+ років,,,PL,2026-05-20,adzuna
game developer,game_developer,Middle,2-3 роки,,,PL,2026-05-20,adzuna
game developer,game_developer,Senior,5+ років,,,PL,2026-05-20,adzuna
game developer,game_developer,Middle,2-3 роки,,,PL,2026-05-20,adzuna
game developer,game_developer,Senior,5+ років,,,PL,2026-05-20,adzuna
game developer,game_developer,Middle,2-3 роки,,,PL,2026-05-20,adzuna
game developer,game_developer,Senior,5+ років,,,PL,2026-05-20,adzuna
game developer,game_developer,Middle,2-3 роки,,,PL,2026-05-20,adzuna
game developer,game_developer,Senior,5+ років,,,PL,2026-05-20,adzuna
unity developer,gamedev,Middle,2-3 роки,,,PL,2026-05-20,adzuna
unity developer,gamedev,Senior,5+ років,,,PL,2026-05-20,adzuna
unity developer,gamedev,Middle,2-3 роки,,,PL,2026-05-20,adzuna
unity developer,gamedev,Senior,5+ років,,,PL,2026-05-20,adzuna
unity developer,gamedev,Middle,2-3 роки,,,PL,2026-05-20,adzuna
unity developer,gamedev,Senior,5+ років,,,PL,2026-05-20,adzuna
unity developer,gamedev,Middle,2-3 роки,,,PL,2026-05-20,adzuna
unity developer,gamedev,Senior,5+ років,,,PL,2026-05-20,adzuna
unity developer,gamedev,Middle,2-3 роки,,,PL,2026-05-20,adzuna
unity developer,gamedev,Senior,5+ років,,,PL,2026-05-20,adzuna
golang developer,golang,Middle,2-3 роки,6426.0,6854.0,PL,2026-05-20,adzuna
golang developer,golang,Senior,5+ років,1457.0,1457.0,PL,2026-05-20,adzuna
golang developer,golang,Middle,2-3 роки,6426.0,6854.0,PL,2026-05-20,adzuna
golang developer,golang,Senior,5+ років,1457.0,1457.0,PL,2026-05-20,adzuna
golang developer,golang,Middle,2-3 роки,6426.0,6854.0,PL,2026-05-20,adzuna
golang developer,golang,Senior,5+ років,1457.0,1457.0,PL,2026-05-20,adzuna
golang developer,golang,Middle,2-3 роки,6426.0,6854.0,PL,2026-05-20,adzuna
golang developer,golang,Senior,5+ років,1457.0,1457.0,PL,2026-05-20,adzuna
golang developer,golang,Middle,2-3 роки,6426.0,6854.0,PL,2026-05-20,adzuna
golang developer,golang,Senior,5+ років,1457.0,1457.0,PL,2026-05-20,adzuna
graphic designer,graphic_design,Middle,2-3 роки,1785.0,2550.0,PL,2026-05-20,adzuna
graphic designer,graphic_design,Senior,5+ років,1658.0,2678.0,PL,2026-05-20,adzuna
graphic designer,graphic_design,Middle,2-3 роки,1785.0,2550.0,PL,2026-05-20,adzuna
graphic designer,graphic_design,Senior,5+ років,1658.0,2678.0,PL,2026-05-20,adzuna
graphic designer,graphic_design,Middle,2-3 роки,1785.0,2550.0,PL,2026-05-20,adzuna
graphic designer,graphic_design,Senior,5+ років,1658.0,2678.0,PL,2026-05-20,adzuna
graphic designer,graphic_design,Middle,2-3 роки,1785.0,2550.0,PL,2026-05-20,adzuna
graphic designer,graphic_design,Senior,5+ років,1658.0,2678.0,PL,2026-05-20,adzuna
graphic designer,graphic_design,Middle,2-3 роки,1785.0,2550.0,PL,2026-05-20,adzuna
graphic designer,graphic_design,Senior,5+ років,1658.0,2678.0,PL,2026-05-20,adzuna
head of software engineering,head_chief,Middle,2-3 роки,,,PL,2026-05-20,adzuna
head of software engineering,head_chief,Senior,5+ років,,,PL,2026-05-20,adzuna
head of software engineering,head_chief,Middle,2-3 роки,,,PL,2026-05-20,adzuna
head of software engineering,head_chief,Senior,5+ років,,,PL,2026-05-20,adzuna
head of software engineering,head_chief,Middle,2-3 роки,,,PL,2026-05-20,adzuna
head of software engineering,head_chief,Senior,5+ років,,,PL,2026-05-20,adzuna
head of software engineering,head_chief,Middle,2-3 роки,,,PL,2026-05-20,adzuna
head of software engineering,head_chief,Senior,5+ років,,,PL,2026-05-20,adzuna
head of software engineering,head_chief,Middle,2-3 роки,,,PL,2026-05-20,adzuna
head of software engineering,head_chief,Senior,5+ років,,,PL,2026-05-20,adzuna
hr manager,hr,Middle,2-3 роки,3060.0,3825.0,PL,2026-05-20,adzuna
hr manager,hr,Senior,5+ років,3825.0,4845.0,PL,2026-05-20,adzuna
hr manager,hr,Middle,2-3 роки,3060.0,3825.0,PL,2026-05-20,adzuna
hr manager,hr,Senior,5+ років,3825.0,4845.0,PL,2026-05-20,adzuna
hr manager,hr,Middle,2-3 роки,3060.0,3825.0,PL,2026-05-20,adzuna
hr manager,hr,Senior,5+ років,3825.0,4845.0,PL,2026-05-20,adzuna
hr manager,hr,Middle,2-3 роки,3060.0,3825.0,PL,2026-05-20,adzuna
hr manager,hr,Senior,5+ років,3825.0,4845.0,PL,2026-05-20,adzuna
hr manager,hr,Middle,2-3 роки,3060.0,3825.0,PL,2026-05-20,adzuna
hr manager,hr,Senior,5+ років,3825.0,4845.0,PL,2026-05-20,adzuna
illustrator designer,illustrator,Middle,2-3 роки,,,PL,2026-05-20,adzuna
illustrator designer,illustrator,Senior,5+ років,,,PL,2026-05-20,adzuna
illustrator designer,illustrator,Middle,2-3 роки,,,PL,2026-05-20,adzuna
illustrator designer,illustrator,Senior,5+ років,,,PL,2026-05-20,adzuna
illustrator designer,illustrator,Middle,2-3 роки,,,PL,2026-05-20,adzuna
illustrator designer,illustrator,Senior,5+ років,,,PL,2026-05-20,adzuna
illustrator designer,illustrator,Middle,2-3 роки,,,PL,2026-05-20,adzuna
illustrator designer,illustrator,Senior,5+ років,,,PL,2026-05-20,adzuna
illustrator designer,illustrator,Middle,2-3 роки,,,PL,2026-05-20,adzuna
illustrator designer,illustrator,Senior,5+ років,,,PL,2026-05-20,adzuna
information security engineer,information_security,Middle,2-3 роки,5151.0,7420.0,PL,2026-05-20,adzuna
information security engineer,information_security,Senior,5+ років,5151.0,7420.0,PL,2026-05-20,adzuna
information security engineer,information_security,Middle,2-3 роки,5151.0,7420.0,PL,2026-05-20,adzuna
information security engineer,information_security,Senior,5+ років,5151.0,7420.0,PL,2026-05-20,adzuna
information security engineer,information_security,Middle,2-3 роки,5151.0,7420.0,PL,2026-05-20,adzuna
information security engineer,information_security,Senior,5+ років,5151.0,7420.0,PL,2026-05-20,adzuna
information security engineer,information_security,Middle,2-3 роки,5151.0,7420.0,PL,2026-05-20,adzuna
information security engineer,information_security,Senior,5+ років,5151.0,7420.0,PL,2026-05-20,adzuna
information security engineer,information_security,Middle,2-3 роки,5151.0,7420.0,PL,2026-05-20,adzuna
information security engineer,information_security,Senior,5+ років,5151.0,7420.0,PL,2026-05-20,adzuna
ios developer,ios,Middle,2-3 роки,4284.0,5141.0,PL,2026-05-20,adzuna
ios developer,ios,Senior,5+ років,4284.0,5141.0,PL,2026-05-20,adzuna
ios developer,ios,Middle,2-3 роки,4284.0,5141.0,PL,2026-05-20,adzuna
ios developer,ios,Senior,5+ років,4284.0,5141.0,PL,2026-05-20,adzuna
ios developer,ios,Middle,2-3 роки,4284.0,5141.0,PL,2026-05-20,adzuna
ios developer,ios,Senior,5+ років,4284.0,5141.0,PL,2026-05-20,adzuna
ios developer,ios,Middle,2-3 роки,4284.0,5141.0,PL,2026-05-20,adzuna
ios developer,ios,Senior,5+ років,4284.0,5141.0,PL,2026-05-20,adzuna
ios developer,ios,Middle,2-3 роки,4284.0,5141.0,PL,2026-05-20,adzuna
ios developer,ios,Senior,5+ років,4284.0,5141.0,PL,2026-05-20,adzuna
java developer,java,Middle,2-3 роки,3060.0,4947.0,PL,2026-05-20,adzuna
java developer,java,Senior,5+ років,4794.0,5929.0,PL,2026-05-20,adzuna
java developer,java,Middle,2-3 роки,3060.0,4947.0,PL,2026-05-20,adzuna
java developer,java,Senior,5+ років,4794.0,5929.0,PL,2026-05-20,adzuna
java developer,java,Middle,2-3 роки,3060.0,4947.0,PL,2026-05-20,adzuna
java developer,java,Senior,5+ років,4794.0,5929.0,PL,2026-05-20,adzuna
java developer,java,Middle,2-3 роки,3060.0,4947.0,PL,2026-05-20,adzuna
java developer,java,Senior,5+ років,4794.0,5929.0,PL,2026-05-20,adzuna
java developer,java,Middle,2-3 роки,3060.0,4947.0,PL,2026-05-20,adzuna
java developer,java,Senior,5+ років,4794.0,5929.0,PL,2026-05-20,adzuna
javascript developer,javascript,Middle,2-3 роки,,,PL,2026-05-20,adzuna
javascript developer,javascript,Senior,5+ років,4845.0,5738.0,PL,2026-05-20,adzuna
javascript developer,javascript,Middle,2-3 роки,,,PL,2026-05-20,adzuna
javascript developer,javascript,Senior,5+ років,4845.0,5738.0,PL,2026-05-20,adzuna
javascript developer,javascript,Middle,2-3 роки,,,PL,2026-05-20,adzuna
javascript developer,javascript,Senior,5+ років,4845.0,5738.0,PL,2026-05-20,adzuna
javascript developer,javascript,Middle,2-3 роки,,,PL,2026-05-20,adzuna
javascript developer,javascript,Senior,5+ років,4845.0,5738.0,PL,2026-05-20,adzuna
javascript developer,javascript,Middle,2-3 роки,,,PL,2026-05-20,adzuna
javascript developer,javascript,Senior,5+ років,4845.0,5738.0,PL,2026-05-20,adzuna
kotlin developer,kotlin,Middle,2-3 роки,1703.0,3641.0,PL,2026-05-20,adzuna
kotlin developer,kotlin,Senior,5+ років,4712.0,6426.0,PL,2026-05-20,adzuna
kotlin developer,kotlin,Middle,2-3 роки,1703.0,3641.0,PL,2026-05-20,adzuna
kotlin developer,kotlin,Senior,5+ років,4712.0,6426.0,PL,2026-05-20,adzuna
kotlin developer,kotlin,Middle,2-3 роки,1703.0,3641.0,PL,2026-05-20,adzuna
kotlin developer,kotlin,Senior,5+ років,4712.0,6426.0,PL,2026-05-20,adzuna
kotlin developer,kotlin,Middle,2-3 роки,1703.0,3641.0,PL,2026-05-20,adzuna
kotlin developer,kotlin,Senior,5+ років,4712.0,6426.0,PL,2026-05-20,adzuna
kotlin developer,kotlin,Middle,2-3 роки,1703.0,3641.0,PL,2026-05-20,adzuna
kotlin developer,kotlin,Senior,5+ років,4712.0,6426.0,PL,2026-05-20,adzuna
laravel developer,laravel,Middle,2-3 роки,2295.0,3315.0,PL,2026-05-20,adzuna
laravel developer,laravel,Senior,5+ років,2295.0,3315.0,PL,2026-05-20,adzuna
laravel developer,laravel,Middle,2-3 роки,2295.0,3315.0,PL,2026-05-20,adzuna
laravel developer,laravel,Senior,5+ років,2295.0,3315.0,PL,2026-05-20,adzuna
laravel developer,laravel,Middle,2-3 роки,2295.0,3315.0,PL,2026-05-20,adzuna
laravel developer,laravel,Senior,5+ років,2295.0,3315.0,PL,2026-05-20,adzuna
laravel developer,laravel,Middle,2-3 роки,2295.0,3315.0,PL,2026-05-20,adzuna
laravel developer,laravel,Senior,5+ років,2295.0,3315.0,PL,2026-05-20,adzuna
laravel developer,laravel,Middle,2-3 роки,2295.0,3315.0,PL,2026-05-20,adzuna
laravel developer,laravel,Senior,5+ років,2295.0,3315.0,PL,2026-05-20,adzuna
tech lead,lead,Middle,2-3 роки,,,PL,2026-05-20,adzuna
tech lead,lead,Senior,5+ років,5992.0,7283.0,PL,2026-05-20,adzuna
tech lead,lead,Middle,2-3 роки,,,PL,2026-05-20,adzuna
tech lead,lead,Senior,5+ років,5992.0,7283.0,PL,2026-05-20,adzuna
tech lead,lead,Middle,2-3 роки,,,PL,2026-05-20,adzuna
tech lead,lead,Senior,5+ років,5992.0,7283.0,PL,2026-05-20,adzuna
tech lead,lead,Middle,2-3 роки,,,PL,2026-05-20,adzuna
tech lead,lead,Senior,5+ років,5992.0,7283.0,PL,2026-05-20,adzuna
tech lead,lead,Middle,2-3 роки,,,PL,2026-05-20,adzuna
tech lead,lead,Senior,5+ років,5992.0,7283.0,PL,2026-05-20,adzuna
lead generation manager,lead_generation,Middle,2-3 роки,,,PL,2026-05-20,adzuna
lead generation manager,lead_generation,Senior,5+ років,2805.0,4080.0,PL,2026-05-20,adzuna
lead generation manager,lead_generation,Middle,2-3 роки,,,PL,2026-05-20,adzuna
lead generation manager,lead_generation,Senior,5+ років,2805.0,4080.0,PL,2026-05-20,adzuna
lead generation manager,lead_generation,Middle,2-3 роки,,,PL,2026-05-20,adzuna
lead generation manager,lead_generation,Senior,5+ років,2805.0,4080.0,PL,2026-05-20,adzuna
lead generation manager,lead_generation,Middle,2-3 роки,,,PL,2026-05-20,adzuna
lead generation manager,lead_generation,Senior,5+ років,2805.0,4080.0,PL,2026-05-20,adzuna
lead generation manager,lead_generation,Middle,2-3 роки,,,PL,2026-05-20,adzuna
lead generation manager,lead_generation,Senior,5+ років,2805.0,4080.0,PL,2026-05-20,adzuna
magento developer,magento,Middle,2-3 роки,4080.0,4845.0,PL,2026-05-20,adzuna
magento developer,magento,Senior,5+ років,4080.0,4993.0,PL,2026-05-20,adzuna
magento developer,magento,Middle,2-3 роки,4080.0,4845.0,PL,2026-05-20,adzuna
magento developer,magento,Senior,5+ років,4080.0,4993.0,PL,2026-05-20,adzuna
magento developer,magento,Middle,2-3 роки,4080.0,4845.0,PL,2026-05-20,adzuna
magento developer,magento,Senior,5+ років,4080.0,4993.0,PL,2026-05-20,adzuna
magento developer,magento,Middle,2-3 роки,4080.0,4845.0,PL,2026-05-20,adzuna
magento developer,magento,Senior,5+ років,4080.0,4993.0,PL,2026-05-20,adzuna
magento developer,magento,Middle,2-3 роки,4080.0,4845.0,PL,2026-05-20,adzuna
magento developer,magento,Senior,5+ років,4080.0,4993.0,PL,2026-05-20,adzuna
marketing manager,marketing,Middle,2-3 роки,2805.0,4080.0,PL,2026-05-20,adzuna
marketing manager,marketing,Senior,5+ років,2805.0,4080.0,PL,2026-05-20,adzuna
marketing manager,marketing,Middle,2-3 роки,2805.0,4080.0,PL,2026-05-20,adzuna
marketing manager,marketing,Senior,5+ років,2805.0,4080.0,PL,2026-05-20,adzuna
marketing manager,marketing,Middle,2-3 роки,2805.0,4080.0,PL,2026-05-20,adzuna
marketing manager,marketing,Senior,5+ років,2805.0,4080.0,PL,2026-05-20,adzuna
marketing manager,marketing,Middle,2-3 роки,2805.0,4080.0,PL,2026-05-20,adzuna
marketing manager,marketing,Senior,5+ років,2805.0,4080.0,PL,2026-05-20,adzuna
marketing manager,marketing,Middle,2-3 роки,2805.0,4080.0,PL,2026-05-20,adzuna
marketing manager,marketing,Senior,5+ років,2805.0,4080.0,PL,2026-05-20,adzuna
marketing analyst,marketing_analyst,Middle,2-3 роки,,,PL,2026-05-20,adzuna
marketing analyst,marketing_analyst,Senior,5+ років,,,PL,2026-05-20,adzuna
marketing analyst,marketing_analyst,Middle,2-3 роки,,,PL,2026-05-20,adzuna
marketing analyst,marketing_analyst,Senior,5+ років,,,PL,2026-05-20,adzuna
marketing analyst,marketing_analyst,Middle,2-3 роки,,,PL,2026-05-20,adzuna
marketing analyst,marketing_analyst,Senior,5+ років,,,PL,2026-05-20,adzuna
marketing analyst,marketing_analyst,Middle,2-3 роки,,,PL,2026-05-20,adzuna
marketing analyst,marketing_analyst,Senior,5+ років,,,PL,2026-05-20,adzuna
marketing analyst,marketing_analyst,Middle,2-3 роки,,,PL,2026-05-20,adzuna
marketing analyst,marketing_analyst,Senior,5+ років,,,PL,2026-05-20,adzuna
.net maui developer,maui,Middle,2-3 роки,5731.0,6522.0,PL,2026-05-20,adzuna
.net maui developer,maui,Senior,5+ років,5731.0,6522.0,PL,2026-05-20,adzuna
.net maui developer,maui,Middle,2-3 роки,5731.0,6522.0,PL,2026-05-20,adzuna
.net maui developer,maui,Senior,5+ років,5731.0,6522.0,PL,2026-05-20,adzuna
.net maui developer,maui,Middle,2-3 роки,5731.0,6522.0,PL,2026-05-20,adzuna
.net maui developer,maui,Senior,5+ років,5731.0,6522.0,PL,2026-05-20,adzuna
.net maui developer,maui,Middle,2-3 роки,5731.0,6522.0,PL,2026-05-20,adzuna
.net maui developer,maui,Senior,5+ років,5731.0,6522.0,PL,2026-05-20,adzuna
.net maui developer,maui,Middle,2-3 роки,5731.0,6522.0,PL,2026-05-20,adzuna
.net maui developer,maui,Senior,5+ років,5731.0,6522.0,PL,2026-05-20,adzuna
media buyer,media_buying,Middle,2-3 роки,,,PL,2026-05-20,adzuna
media buyer,media_buying,Senior,5+ років,,,PL,2026-05-20,adzuna
media buyer,media_buying,Middle,2-3 роки,,,PL,2026-05-20,adzuna
media buyer,media_buying,Senior,5+ років,,,PL,2026-05-20,adzuna
media buyer,media_buying,Middle,2-3 роки,,,PL,2026-05-20,adzuna
media buyer,media_buying,Senior,5+ років,,,PL,2026-05-20,adzuna
media buyer,media_buying,Middle,2-3 роки,,,PL,2026-05-20,adzuna
media buyer,media_buying,Senior,5+ років,,,PL,2026-05-20,adzuna
media buyer,media_buying,Middle,2-3 роки,,,PL,2026-05-20,adzuna
media buyer,media_buying,Senior,5+ років,,,PL,2026-05-20,adzuna
machine learning engineer,ml_ai,Middle,2-3 роки,5610.0,6630.0,PL,2026-05-20,adzuna
machine learning engineer,ml_ai,Senior,5+ років,5697.0,7104.0,PL,2026-05-20,adzuna
machine learning engineer,ml_ai,Middle,2-3 роки,5610.0,6630.0,PL,2026-05-20,adzuna
machine learning engineer,ml_ai,Senior,5+ років,5697.0,7104.0,PL,2026-05-20,adzuna
machine learning engineer,ml_ai,Middle,2-3 роки,5610.0,6630.0,PL,2026-05-20,adzuna
machine learning engineer,ml_ai,Senior,5+ років,5697.0,7104.0,PL,2026-05-20,adzuna
machine learning engineer,ml_ai,Middle,2-3 роки,5610.0,6630.0,PL,2026-05-20,adzuna
machine learning engineer,ml_ai,Senior,5+ років,5697.0,7104.0,PL,2026-05-20,adzuna
machine learning engineer,ml_ai,Middle,2-3 роки,5610.0,6630.0,PL,2026-05-20,adzuna
machine learning engineer,ml_ai,Senior,5+ років,5697.0,7104.0,PL,2026-05-20,adzuna
motion designer,motion_design,Middle,2-3 роки,,,PL,2026-05-20,adzuna
motion designer,motion_design,Senior,5+ років,,,PL,2026-05-20,adzuna
motion designer,motion_design,Middle,2-3 роки,,,PL,2026-05-20,adzuna
motion designer,motion_design,Senior,5+ років,,,PL,2026-05-20,adzuna
motion designer,motion_design,Middle,2-3 роки,,,PL,2026-05-20,adzuna
motion designer,motion_design,Senior,5+ років,,,PL,2026-05-20,adzuna
motion designer,motion_design,Middle,2-3 роки,,,PL,2026-05-20,adzuna
motion designer,motion_design,Senior,5+ років,,,PL,2026-05-20,adzuna
motion designer,motion_design,Middle,2-3 роки,,,PL,2026-05-20,adzuna
motion designer,motion_design,Senior,5+ років,,,PL,2026-05-20,adzuna
microsoft dynamics developer,ms_dynamics,Middle,2-3 роки,7283.0,8568.0,PL,2026-05-20,adzuna
microsoft dynamics developer,ms_dynamics,Senior,5+ років,6854.0,8836.0,PL,2026-05-20,adzuna
microsoft dynamics developer,ms_dynamics,Middle,2-3 роки,7283.0,8568.0,PL,2026-05-20,adzuna
microsoft dynamics developer,ms_dynamics,Senior,5+ років,6854.0,8836.0,PL,2026-05-20,adzuna
microsoft dynamics developer,ms_dynamics,Middle,2-3 роки,7283.0,8568.0,PL,2026-05-20,adzuna
microsoft dynamics developer,ms_dynamics,Senior,5+ років,6854.0,8836.0,PL,2026-05-20,adzuna
microsoft dynamics developer,ms_dynamics,Middle,2-3 роки,7283.0,8568.0,PL,2026-05-20,adzuna
microsoft dynamics developer,ms_dynamics,Senior,5+ років,6854.0,8836.0,PL,2026-05-20,adzuna
microsoft dynamics developer,ms_dynamics,Middle,2-3 роки,7283.0,8568.0,PL,2026-05-20,adzuna
microsoft dynamics developer,ms_dynamics,Senior,5+ років,6854.0,8836.0,PL,2026-05-20,adzuna
no code developer,nocode,Middle,2-3 роки,,,PL,2026-05-20,adzuna
no code developer,nocode,Senior,5+ років,,,PL,2026-05-20,adzuna
no code developer,nocode,Middle,2-3 роки,,,PL,2026-05-20,adzuna
no code developer,nocode,Senior,5+ років,,,PL,2026-05-20,adzuna
no code developer,nocode,Middle,2-3 роки,,,PL,2026-05-20,adzuna
no code developer,nocode,Senior,5+ років,,,PL,2026-05-20,adzuna
no code developer,nocode,Middle,2-3 роки,,,PL,2026-05-20,adzuna
no code developer,nocode,Senior,5+ років,,,PL,2026-05-20,adzuna
no code developer,nocode,Middle,2-3 роки,,,PL,2026-05-20,adzuna
no code developer,nocode,Senior,5+ років,,,PL,2026-05-20,adzuna
node.js developer,node_js,Middle,2-3 роки,4590.0,5865.0,PL,2026-05-20,adzuna
node.js developer,node_js,Senior,5+ років,4909.0,6426.0,PL,2026-05-20,adzuna
node.js developer,node_js,Middle,2-3 роки,4590.0,5865.0,PL,2026-05-20,adzuna
node.js developer,node_js,Senior,5+ років,4909.0,6426.0,PL,2026-05-20,adzuna
node.js developer,node_js,Middle,2-3 роки,4590.0,5865.0,PL,2026-05-20,adzuna
node.js developer,node_js,Senior,5+ років,4909.0,6426.0,PL,2026-05-20,adzuna
node.js developer,node_js,Middle,2-3 роки,4590.0,5865.0,PL,2026-05-20,adzuna
node.js developer,node_js,Senior,5+ років,4909.0,6426.0,PL,2026-05-20,adzuna
node.js developer,node_js,Middle,2-3 роки,4590.0,5865.0,PL,2026-05-20,adzuna
node.js developer,node_js,Senior,5+ років,4909.0,6426.0,PL,2026-05-20,adzuna
odoo developer,odoo,Middle,2-3 роки,,,PL,2026-05-20,adzuna
odoo developer,odoo,Senior,5+ років,,,PL,2026-05-20,adzuna
odoo developer,odoo,Middle,2-3 роки,,,PL,2026-05-20,adzuna
odoo developer,odoo,Senior,5+ років,,,PL,2026-05-20,adzuna
odoo developer,odoo,Middle,2-3 роки,,,PL,2026-05-20,adzuna
odoo developer,odoo,Senior,5+ років,,,PL,2026-05-20,adzuna
odoo developer,odoo,Middle,2-3 роки,,,PL,2026-05-20,adzuna
odoo developer,odoo,Senior,5+ років,,,PL,2026-05-20,adzuna
odoo developer,odoo,Middle,2-3 роки,,,PL,2026-05-20,adzuna
odoo developer,odoo,Senior,5+ років,,,PL,2026-05-20,adzuna
penetration tester,penetration_tester,Middle,2-3 роки,,,PL,2026-05-20,adzuna
penetration tester,penetration_tester,Senior,5+ років,5569.0,6426.0,PL,2026-05-20,adzuna
penetration tester,penetration_tester,Middle,2-3 роки,,,PL,2026-05-20,adzuna
penetration tester,penetration_tester,Senior,5+ років,5569.0,6426.0,PL,2026-05-20,adzuna
penetration tester,penetration_tester,Middle,2-3 роки,,,PL,2026-05-20,adzuna
penetration tester,penetration_tester,Senior,5+ років,5569.0,6426.0,PL,2026-05-20,adzuna
penetration tester,penetration_tester,Middle,2-3 роки,,,PL,2026-05-20,adzuna
penetration tester,penetration_tester,Senior,5+ років,5569.0,6426.0,PL,2026-05-20,adzuna
penetration tester,penetration_tester,Middle,2-3 роки,,,PL,2026-05-20,adzuna
penetration tester,penetration_tester,Senior,5+ років,5569.0,6426.0,PL,2026-05-20,adzuna
php developer,php,Middle,2-3 роки,3570.0,4208.0,PL,2026-05-20,adzuna
php developer,php,Senior,5+ років,3315.0,5610.0,PL,2026-05-20,adzuna
php developer,php,Middle,2-3 роки,3570.0,4208.0,PL,2026-05-20,adzuna
php developer,php,Senior,5+ років,3315.0,5610.0,PL,2026-05-20,adzuna
php developer,php,Middle,2-3 роки,3570.0,4208.0,PL,2026-05-20,adzuna
php developer,php,Senior,5+ років,3315.0,5610.0,PL,2026-05-20,adzuna
php developer,php,Middle,2-3 роки,3570.0,4208.0,PL,2026-05-20,adzuna
php developer,php,Senior,5+ років,3315.0,5610.0,PL,2026-05-20,adzuna
php developer,php,Middle,2-3 роки,3570.0,4208.0,PL,2026-05-20,adzuna
php developer,php,Senior,5+ років,3315.0,5610.0,PL,2026-05-20,adzuna
ppc specialist,ppc,Middle,2-3 роки,1683.0,2448.0,PL,2026-05-20,adzuna
ppc specialist,ppc,Senior,5+ років,1683.0,2448.0,PL,2026-05-20,adzuna
ppc specialist,ppc,Middle,2-3 роки,1683.0,2448.0,PL,2026-05-20,adzuna
ppc specialist,ppc,Senior,5+ років,1683.0,2448.0,PL,2026-05-20,adzuna
ppc specialist,ppc,Middle,2-3 роки,1683.0,2448.0,PL,2026-05-20,adzuna
ppc specialist,ppc,Senior,5+ років,1683.0,2448.0,PL,2026-05-20,adzuna
ppc specialist,ppc,Middle,2-3 роки,1683.0,2448.0,PL,2026-05-20,adzuna
ppc specialist,ppc,Senior,5+ років,1683.0,2448.0,PL,2026-05-20,adzuna
ppc specialist,ppc,Middle,2-3 роки,1683.0,2448.0,PL,2026-05-20,adzuna
ppc specialist,ppc,Senior,5+ років,1683.0,2448.0,PL,2026-05-20,adzuna
pr manager,pr_manager,Middle,2-3 роки,,,PL,2026-05-20,adzuna
pr manager,pr_manager,Senior,5+ років,,,PL,2026-05-20,adzuna
pr manager,pr_manager,Middle,2-3 роки,,,PL,2026-05-20,adzuna
pr manager,pr_manager,Senior,5+ років,,,PL,2026-05-20,adzuna
pr manager,pr_manager,Middle,2-3 роки,,,PL,2026-05-20,adzuna
pr manager,pr_manager,Senior,5+ років,,,PL,2026-05-20,adzuna
pr manager,pr_manager,Middle,2-3 роки,,,PL,2026-05-20,adzuna
pr manager,pr_manager,Senior,5+ років,,,PL,2026-05-20,adzuna
pr manager,pr_manager,Middle,2-3 роки,,,PL,2026-05-20,adzuna
pr manager,pr_manager,Senior,5+ років,,,PL,2026-05-20,adzuna
product designer,product_design,Middle,2-3 роки,3570.0,5100.0,PL,2026-05-20,adzuna
product designer,product_design,Senior,5+ років,4564.0,6854.0,PL,2026-05-20,adzuna
product designer,product_design,Middle,2-3 роки,3570.0,5100.0,PL,2026-05-20,adzuna
product designer,product_design,Senior,5+ років,4564.0,6854.0,PL,2026-05-20,adzuna
product designer,product_design,Middle,2-3 роки,3570.0,5100.0,PL,2026-05-20,adzuna
product designer,product_design,Senior,5+ років,4564.0,6854.0,PL,2026-05-20,adzuna
product designer,product_design,Middle,2-3 роки,3570.0,5100.0,PL,2026-05-20,adzuna
product designer,product_design,Senior,5+ років,4564.0,6854.0,PL,2026-05-20,adzuna
product designer,product_design,Middle,2-3 роки,3570.0,5100.0,PL,2026-05-20,adzuna
product designer,product_design,Senior,5+ років,4564.0,6854.0,PL,2026-05-20,adzuna
product manager,product_manager,Middle,2-3 роки,5317.0,6426.0,PL,2026-05-20,adzuna
product manager,product_manager,Senior,5+ років,5534.0,6400.0,PL,2026-05-20,adzuna
product manager,product_manager,Middle,2-3 роки,5317.0,6426.0,PL,2026-05-20,adzuna
product manager,product_manager,Senior,5+ років,5534.0,6400.0,PL,2026-05-20,adzuna
product manager,product_manager,Middle,2-3 роки,5317.0,6426.0,PL,2026-05-20,adzuna
product manager,product_manager,Senior,5+ років,5534.0,6400.0,PL,2026-05-20,adzuna
product manager,product_manager,Middle,2-3 роки,5317.0,6426.0,PL,2026-05-20,adzuna
product manager,product_manager,Senior,5+ років,5534.0,6400.0,PL,2026-05-20,adzuna
product manager,product_manager,Middle,2-3 роки,5317.0,6426.0,PL,2026-05-20,adzuna
product manager,product_manager,Senior,5+ років,5534.0,6400.0,PL,2026-05-20,adzuna
product owner,product_owner,Middle,2-3 роки,4335.0,6120.0,PL,2026-05-20,adzuna
product owner,product_owner,Senior,5+ років,4335.0,6120.0,PL,2026-05-20,adzuna
product owner,product_owner,Middle,2-3 роки,4335.0,6120.0,PL,2026-05-20,adzuna
product owner,product_owner,Senior,5+ років,4335.0,6120.0,PL,2026-05-20,adzuna
product owner,product_owner,Middle,2-3 роки,4335.0,6120.0,PL,2026-05-20,adzuna
product owner,product_owner,Senior,5+ років,4335.0,6120.0,PL,2026-05-20,adzuna
product owner,product_owner,Middle,2-3 роки,4335.0,6120.0,PL,2026-05-20,adzuna
product owner,product_owner,Senior,5+ років,4335.0,6120.0,PL,2026-05-20,adzuna
product owner,product_owner,Middle,2-3 роки,4335.0,6120.0,PL,2026-05-20,adzuna
product owner,product_owner,Senior,5+ років,4335.0,6120.0,PL,2026-05-20,adzuna
IT project manager software,project_manager,Middle,2-3 роки,4284.0,5569.0,PL,2026-05-20,adzuna
IT project manager software,project_manager,Senior,5+ років,4284.0,5569.0,PL,2026-05-20,adzuna
IT project manager software,project_manager,Middle,2-3 роки,4284.0,5569.0,PL,2026-05-20,adzuna
IT project manager software,project_manager,Senior,5+ років,4284.0,5569.0,PL,2026-05-20,adzuna
IT project manager software,project_manager,Middle,2-3 роки,4284.0,5569.0,PL,2026-05-20,adzuna
IT project manager software,project_manager,Senior,5+ років,4284.0,5569.0,PL,2026-05-20,adzuna
IT project manager software,project_manager,Middle,2-3 роки,4284.0,5569.0,PL,2026-05-20,adzuna
IT project manager software,project_manager,Senior,5+ років,4284.0,5569.0,PL,2026-05-20,adzuna
IT project manager software,project_manager,Middle,2-3 роки,4284.0,5569.0,PL,2026-05-20,adzuna
IT project manager software,project_manager,Senior,5+ років,4284.0,5569.0,PL,2026-05-20,adzuna
python developer,python,Middle,2-3 роки,4080.0,5355.0,PL,2026-05-20,adzuna
python developer,python,Senior,5+ років,,,PL,2026-05-20,adzuna
python developer,python,Middle,2-3 роки,4080.0,5355.0,PL,2026-05-20,adzuna
python developer,python,Senior,5+ років,,,PL,2026-05-20,adzuna
python developer,python,Middle,2-3 роки,4080.0,5355.0,PL,2026-05-20,adzuna
python developer,python,Senior,5+ років,,,PL,2026-05-20,adzuna
python developer,python,Middle,2-3 роки,4080.0,5355.0,PL,2026-05-20,adzuna
python developer,python,Senior,5+ років,,,PL,2026-05-20,adzuna
python developer,python,Middle,2-3 роки,4080.0,5355.0,PL,2026-05-20,adzuna
python developer,python,Senior,5+ років,,,PL,2026-05-20,adzuna
qa engineer,qa,Middle,2-3 роки,3251.0,3570.0,PL,2026-05-20,adzuna
qa engineer,qa,Senior,5+ років,3825.0,4590.0,PL,2026-05-20,adzuna
qa engineer,qa,Middle,2-3 роки,3251.0,3570.0,PL,2026-05-20,adzuna
qa engineer,qa,Senior,5+ років,3825.0,4590.0,PL,2026-05-20,adzuna
qa engineer,qa,Middle,2-3 роки,3251.0,3570.0,PL,2026-05-20,adzuna
qa engineer,qa,Senior,5+ років,3825.0,4590.0,PL,2026-05-20,adzuna
qa engineer,qa,Middle,2-3 роки,3251.0,3570.0,PL,2026-05-20,adzuna
qa engineer,qa,Senior,5+ років,3825.0,4590.0,PL,2026-05-20,adzuna
qa engineer,qa,Middle,2-3 роки,3251.0,3570.0,PL,2026-05-20,adzuna
qa engineer,qa,Senior,5+ років,3825.0,4590.0,PL,2026-05-20,adzuna
qa automation engineer,qa_automation,Middle,2-3 роки,4070.0,4820.0,PL,2026-05-20,adzuna
qa automation engineer,qa_automation,Senior,5+ років,4284.0,5141.0,PL,2026-05-20,adzuna
qa automation engineer,qa_automation,Middle,2-3 роки,4070.0,4820.0,PL,2026-05-20,adzuna
qa automation engineer,qa_automation,Senior,5+ років,4284.0,5141.0,PL,2026-05-20,adzuna
qa automation engineer,qa_automation,Middle,2-3 роки,4070.0,4820.0,PL,2026-05-20,adzuna
qa automation engineer,qa_automation,Senior,5+ років,4284.0,5141.0,PL,2026-05-20,adzuna
qa automation engineer,qa_automation,Middle,2-3 роки,4070.0,4820.0,PL,2026-05-20,adzuna
qa automation engineer,qa_automation,Senior,5+ років,4284.0,5141.0,PL,2026-05-20,adzuna
qa automation engineer,qa_automation,Middle,2-3 роки,4070.0,4820.0,PL,2026-05-20,adzuna
qa automation engineer,qa_automation,Senior,5+ років,4284.0,5141.0,PL,2026-05-20,adzuna
manual qa tester,qa_manual,Middle,2-3 роки,2560.0,3733.0,PL,2026-05-20,adzuna
manual qa tester,qa_manual,Senior,5+ років,2560.0,3733.0,PL,2026-05-20,adzuna
manual qa tester,qa_manual,Middle,2-3 роки,2560.0,3733.0,PL,2026-05-20,adzuna
manual qa tester,qa_manual,Senior,5+ років,2560.0,3733.0,PL,2026-05-20,adzuna
manual qa tester,qa_manual,Middle,2-3 роки,2560.0,3733.0,PL,2026-05-20,adzuna
manual qa tester,qa_manual,Senior,5+ років,2560.0,3733.0,PL,2026-05-20,adzuna
manual qa tester,qa_manual,Middle,2-3 роки,2560.0,3733.0,PL,2026-05-20,adzuna
manual qa tester,qa_manual,Senior,5+ років,2560.0,3733.0,PL,2026-05-20,adzuna
manual qa tester,qa_manual,Middle,2-3 роки,2560.0,3733.0,PL,2026-05-20,adzuna
manual qa tester,qa_manual,Senior,5+ років,2560.0,3733.0,PL,2026-05-20,adzuna
react developer,react,Middle,2-3 роки,4080.0,5569.0,PL,2026-05-20,adzuna
react developer,react,Senior,5+ років,5569.0,6426.0,PL,2026-05-20,adzuna
react developer,react,Middle,2-3 роки,4080.0,5569.0,PL,2026-05-20,adzuna
react developer,react,Senior,5+ років,5569.0,6426.0,PL,2026-05-20,adzuna
react developer,react,Middle,2-3 роки,4080.0,5569.0,PL,2026-05-20,adzuna
react developer,react,Senior,5+ років,5569.0,6426.0,PL,2026-05-20,adzuna
react developer,react,Middle,2-3 роки,4080.0,5569.0,PL,2026-05-20,adzuna
react developer,react,Senior,5+ років,5569.0,6426.0,PL,2026-05-20,adzuna
react developer,react,Middle,2-3 роки,4080.0,5569.0,PL,2026-05-20,adzuna
react developer,react,Senior,5+ років,5569.0,6426.0,PL,2026-05-20,adzuna
react native developer,react_native,Middle,2-3 роки,4927.0,6212.0,PL,2026-05-20,adzuna
react native developer,react_native,Senior,5+ років,5141.0,6962.0,PL,2026-05-20,adzuna
react native developer,react_native,Middle,2-3 роки,4927.0,6212.0,PL,2026-05-20,adzuna
react native developer,react_native,Senior,5+ років,5141.0,6962.0,PL,2026-05-20,adzuna
react native developer,react_native,Middle,2-3 роки,4927.0,6212.0,PL,2026-05-20,adzuna
react native developer,react_native,Senior,5+ років,5141.0,6962.0,PL,2026-05-20,adzuna
react native developer,react_native,Middle,2-3 роки,4927.0,6212.0,PL,2026-05-20,adzuna
react native developer,react_native,Senior,5+ років,5141.0,6962.0,PL,2026-05-20,adzuna
react native developer,react_native,Middle,2-3 роки,4927.0,6212.0,PL,2026-05-20,adzuna
react native developer,react_native,Senior,5+ років,5141.0,6962.0,PL,2026-05-20,adzuna
it recruiter,recruiter,Middle,2-3 роки,3631.0,4315.0,PL,2026-05-20,adzuna
it recruiter,recruiter,Senior,5+ років,2062.0,2582.0,PL,2026-05-20,adzuna
it recruiter,recruiter,Middle,2-3 роки,3631.0,4315.0,PL,2026-05-20,adzuna
it recruiter,recruiter,Senior,5+ років,2062.0,2582.0,PL,2026-05-20,adzuna
it recruiter,recruiter,Middle,2-3 роки,3631.0,4315.0,PL,2026-05-20,adzuna
it recruiter,recruiter,Senior,5+ років,2062.0,2582.0,PL,2026-05-20,adzuna
it recruiter,recruiter,Middle,2-3 роки,3631.0,4315.0,PL,2026-05-20,adzuna
it recruiter,recruiter,Senior,5+ років,2062.0,2582.0,PL,2026-05-20,adzuna
it recruiter,recruiter,Middle,2-3 роки,3631.0,4315.0,PL,2026-05-20,adzuna
it recruiter,recruiter,Senior,5+ років,2062.0,2582.0,PL,2026-05-20,adzuna
ruby developer,ruby,Middle,2-3 роки,3570.0,4845.0,PL,2026-05-20,adzuna
ruby developer,ruby,Senior,5+ років,4208.0,5674.0,PL,2026-05-20,adzuna
ruby developer,ruby,Middle,2-3 роки,3570.0,4845.0,PL,2026-05-20,adzuna
ruby developer,ruby,Senior,5+ років,4208.0,5674.0,PL,2026-05-20,adzuna
ruby developer,ruby,Middle,2-3 роки,3570.0,4845.0,PL,2026-05-20,adzuna
ruby developer,ruby,Senior,5+ років,4208.0,5674.0,PL,2026-05-20,adzuna
ruby developer,ruby,Middle,2-3 роки,3570.0,4845.0,PL,2026-05-20,adzuna
ruby developer,ruby,Senior,5+ років,4208.0,5674.0,PL,2026-05-20,adzuna
ruby developer,ruby,Middle,2-3 роки,3570.0,4845.0,PL,2026-05-20,adzuna
ruby developer,ruby,Senior,5+ років,4208.0,5674.0,PL,2026-05-20,adzuna
rust developer,rust,Middle,2-3 роки,3825.0,6375.0,PL,2026-05-20,adzuna
rust developer,rust,Senior,5+ років,3825.0,6375.0,PL,2026-05-20,adzuna
rust developer,rust,Middle,2-3 роки,3825.0,6375.0,PL,2026-05-20,adzuna
rust developer,rust,Senior,5+ років,3825.0,6375.0,PL,2026-05-20,adzuna
rust developer,rust,Middle,2-3 роки,3825.0,6375.0,PL,2026-05-20,adzuna
rust developer,rust,Senior,5+ років,3825.0,6375.0,PL,2026-05-20,adzuna
rust developer,rust,Middle,2-3 роки,3825.0,6375.0,PL,2026-05-20,adzuna
rust developer,rust,Senior,5+ років,3825.0,6375.0,PL,2026-05-20,adzuna
rust developer,rust,Middle,2-3 роки,3825.0,6375.0,PL,2026-05-20,adzuna
rust developer,rust,Senior,5+ років,3825.0,6375.0,PL,2026-05-20,adzuna
sales manager,sales,Middle,2-3 роки,,,PL,2026-05-20,adzuna
sales manager,sales,Senior,5+ років,,,PL,2026-05-20,adzuna
sales manager,sales,Middle,2-3 роки,,,PL,2026-05-20,adzuna
sales manager,sales,Senior,5+ років,,,PL,2026-05-20,adzuna
sales manager,sales,Middle,2-3 роки,,,PL,2026-05-20,adzuna
sales manager,sales,Senior,5+ років,,,PL,2026-05-20,adzuna
sales manager,sales,Middle,2-3 роки,,,PL,2026-05-20,adzuna
sales manager,sales,Senior,5+ років,,,PL,2026-05-20,adzuna
sales manager,sales,Middle,2-3 роки,,,PL,2026-05-20,adzuna
sales manager,sales,Senior,5+ років,,,PL,2026-05-20,adzuna
sales director,sales_leadership,Middle,2-3 роки,4590.0,5610.0,PL,2026-05-20,adzuna
sales director,sales_leadership,Senior,5+ років,4590.0,5610.0,PL,2026-05-20,adzuna
sales director,sales_leadership,Middle,2-3 роки,4590.0,5610.0,PL,2026-05-20,adzuna
sales director,sales_leadership,Senior,5+ років,4590.0,5610.0,PL,2026-05-20,adzuna
sales director,sales_leadership,Middle,2-3 роки,4590.0,5610.0,PL,2026-05-20,adzuna
sales director,sales_leadership,Senior,5+ років,4590.0,5610.0,PL,2026-05-20,adzuna
sales director,sales_leadership,Middle,2-3 роки,4590.0,5610.0,PL,2026-05-20,adzuna
sales director,sales_leadership,Senior,5+ років,4590.0,5610.0,PL,2026-05-20,adzuna
sales director,sales_leadership,Middle,2-3 роки,4590.0,5610.0,PL,2026-05-20,adzuna
sales director,sales_leadership,Senior,5+ років,4590.0,5610.0,PL,2026-05-20,adzuna
sales manager,sales_manager,Middle,2-3 роки,,,PL,2026-05-20,adzuna
sales manager,sales_manager,Senior,5+ років,,,PL,2026-05-20,adzuna
sales manager,sales_manager,Middle,2-3 роки,,,PL,2026-05-20,adzuna
sales manager,sales_manager,Senior,5+ років,,,PL,2026-05-20,adzuna
sales manager,sales_manager,Middle,2-3 роки,,,PL,2026-05-20,adzuna
sales manager,sales_manager,Senior,5+ років,,,PL,2026-05-20,adzuna
sales manager,sales_manager,Middle,2-3 роки,,,PL,2026-05-20,adzuna
sales manager,sales_manager,Senior,5+ років,,,PL,2026-05-20,adzuna
sales manager,sales_manager,Middle,2-3 роки,,,PL,2026-05-20,adzuna
sales manager,sales_manager,Senior,5+ років,,,PL,2026-05-20,adzuna
salesforce developer,salesforce,Middle,2-3 роки,3435.0,5610.0,PL,2026-05-20,adzuna
salesforce developer,salesforce,Senior,5+ років,3435.0,5610.0,PL,2026-05-20,adzuna
salesforce developer,salesforce,Middle,2-3 роки,3435.0,5610.0,PL,2026-05-20,adzuna
salesforce developer,salesforce,Senior,5+ років,3435.0,5610.0,PL,2026-05-20,adzuna
salesforce developer,salesforce,Middle,2-3 роки,3435.0,5610.0,PL,2026-05-20,adzuna
salesforce developer,salesforce,Senior,5+ років,3435.0,5610.0,PL,2026-05-20,adzuna
salesforce developer,salesforce,Middle,2-3 роки,3435.0,5610.0,PL,2026-05-20,adzuna
salesforce developer,salesforce,Senior,5+ років,3435.0,5610.0,PL,2026-05-20,adzuna
salesforce developer,salesforce,Middle,2-3 роки,3435.0,5610.0,PL,2026-05-20,adzuna
salesforce developer,salesforce,Senior,5+ років,3435.0,5610.0,PL,2026-05-20,adzuna
sap developer,sap,Middle,2-3 роки,5569.0,6311.0,PL,2026-05-20,adzuna
sap developer,sap,Senior,5+ років,5569.0,6311.0,PL,2026-05-20,adzuna
sap developer,sap,Middle,2-3 роки,5569.0,6311.0,PL,2026-05-20,adzuna
sap developer,sap,Senior,5+ років,5569.0,6311.0,PL,2026-05-20,adzuna
sap developer,sap,Middle,2-3 роки,5569.0,6311.0,PL,2026-05-20,adzuna
sap developer,sap,Senior,5+ років,5569.0,6311.0,PL,2026-05-20,adzuna
sap developer,sap,Middle,2-3 роки,5569.0,6311.0,PL,2026-05-20,adzuna
sap developer,sap,Senior,5+ років,5569.0,6311.0,PL,2026-05-20,adzuna
sap developer,sap,Middle,2-3 роки,5569.0,6311.0,PL,2026-05-20,adzuna
sap developer,sap,Senior,5+ років,5569.0,6311.0,PL,2026-05-20,adzuna
scala developer,scala,Middle,2-3 роки,,,PL,2026-05-20,adzuna
scala developer,scala,Senior,5+ років,6854.0,8140.0,PL,2026-05-20,adzuna
scala developer,scala,Middle,2-3 роки,,,PL,2026-05-20,adzuna
scala developer,scala,Senior,5+ років,6854.0,8140.0,PL,2026-05-20,adzuna
scala developer,scala,Middle,2-3 роки,,,PL,2026-05-20,adzuna
scala developer,scala,Senior,5+ років,6854.0,8140.0,PL,2026-05-20,adzuna
scala developer,scala,Middle,2-3 роки,,,PL,2026-05-20,adzuna
scala developer,scala,Senior,5+ років,6854.0,8140.0,PL,2026-05-20,adzuna
scala developer,scala,Middle,2-3 роки,,,PL,2026-05-20,adzuna
scala developer,scala,Senior,5+ років,6854.0,8140.0,PL,2026-05-20,adzuna
scrum master,scrum_master,Middle,2-3 роки,4080.0,5559.0,PL,2026-05-20,adzuna
scrum master,scrum_master,Senior,5+ років,4080.0,5559.0,PL,2026-05-20,adzuna
scrum master,scrum_master,Middle,2-3 роки,4080.0,5559.0,PL,2026-05-20,adzuna
scrum master,scrum_master,Senior,5+ років,4080.0,5559.0,PL,2026-05-20,adzuna
scrum master,scrum_master,Middle,2-3 роки,4080.0,5559.0,PL,2026-05-20,adzuna
scrum master,scrum_master,Senior,5+ років,4080.0,5559.0,PL,2026-05-20,adzuna
scrum master,scrum_master,Middle,2-3 роки,4080.0,5559.0,PL,2026-05-20,adzuna
scrum master,scrum_master,Senior,5+ років,4080.0,5559.0,PL,2026-05-20,adzuna
scrum master,scrum_master,Middle,2-3 роки,4080.0,5559.0,PL,2026-05-20,adzuna
scrum master,scrum_master,Senior,5+ років,4080.0,5559.0,PL,2026-05-20,adzuna
security engineer,security,Middle,2-3 роки,,,PL,2026-05-20,adzuna
security engineer,security,Senior,5+ років,5100.0,7140.0,PL,2026-05-20,adzuna
security engineer,security,Middle,2-3 роки,,,PL,2026-05-20,adzuna
security engineer,security,Senior,5+ років,5100.0,7140.0,PL,2026-05-20,adzuna
security engineer,security,Middle,2-3 роки,,,PL,2026-05-20,adzuna
security engineer,security,Senior,5+ років,5100.0,7140.0,PL,2026-05-20,adzuna
security engineer,security,Middle,2-3 роки,,,PL,2026-05-20,adzuna
security engineer,security,Senior,5+ років,5100.0,7140.0,PL,2026-05-20,adzuna
security engineer,security,Middle,2-3 роки,,,PL,2026-05-20,adzuna
security engineer,security,Senior,5+ років,5100.0,7140.0,PL,2026-05-20,adzuna
security analyst,security_analyst,Middle,2-3 роки,3876.0,5623.0,PL,2026-05-20,adzuna
security analyst,security_analyst,Senior,5+ років,3917.0,5623.0,PL,2026-05-20,adzuna
security analyst,security_analyst,Middle,2-3 роки,3876.0,5623.0,PL,2026-05-20,adzuna
security analyst,security_analyst,Senior,5+ років,3917.0,5623.0,PL,2026-05-20,adzuna
security analyst,security_analyst,Middle,2-3 роки,3876.0,5623.0,PL,2026-05-20,adzuna
security analyst,security_analyst,Senior,5+ років,3917.0,5623.0,PL,2026-05-20,adzuna
security analyst,security_analyst,Middle,2-3 роки,3876.0,5623.0,PL,2026-05-20,adzuna
security analyst,security_analyst,Senior,5+ років,3917.0,5623.0,PL,2026-05-20,adzuna
security analyst,security_analyst,Middle,2-3 роки,3876.0,5623.0,PL,2026-05-20,adzuna
security analyst,security_analyst,Senior,5+ років,3917.0,5623.0,PL,2026-05-20,adzuna
seo specialist,seo,Middle,2-3 роки,1714.0,2601.0,PL,2026-05-20,adzuna
seo specialist,seo,Senior,5+ років,1714.0,2805.0,PL,2026-05-20,adzuna
seo specialist,seo,Middle,2-3 роки,1714.0,2601.0,PL,2026-05-20,adzuna
seo specialist,seo,Senior,5+ років,1714.0,2805.0,PL,2026-05-20,adzuna
seo specialist,seo,Middle,2-3 роки,1714.0,2601.0,PL,2026-05-20,adzuna
seo specialist,seo,Senior,5+ років,1714.0,2805.0,PL,2026-05-20,adzuna
seo specialist,seo,Middle,2-3 роки,1714.0,2601.0,PL,2026-05-20,adzuna
seo specialist,seo,Senior,5+ років,1714.0,2805.0,PL,2026-05-20,adzuna
seo specialist,seo,Middle,2-3 роки,1714.0,2601.0,PL,2026-05-20,adzuna
seo specialist,seo,Senior,5+ років,1714.0,2805.0,PL,2026-05-20,adzuna
social media manager,social_media,Middle,2-3 роки,1785.0,2550.0,PL,2026-05-20,adzuna
social media manager,social_media,Senior,5+ років,1785.0,2550.0,PL,2026-05-20,adzuna
social media manager,social_media,Middle,2-3 роки,1785.0,2550.0,PL,2026-05-20,adzuna
social media manager,social_media,Senior,5+ років,1785.0,2550.0,PL,2026-05-20,adzuna
social media manager,social_media,Middle,2-3 роки,1785.0,2550.0,PL,2026-05-20,adzuna
social media manager,social_media,Senior,5+ років,1785.0,2550.0,PL,2026-05-20,adzuna
social media manager,social_media,Middle,2-3 роки,1785.0,2550.0,PL,2026-05-20,adzuna
social media manager,social_media,Senior,5+ років,1785.0,2550.0,PL,2026-05-20,adzuna
social media manager,social_media,Middle,2-3 роки,1785.0,2550.0,PL,2026-05-20,adzuna
social media manager,social_media,Senior,5+ років,1785.0,2550.0,PL,2026-05-20,adzuna
sql dba database administrator,sql_dba,Middle,2-3 роки,,,PL,2026-05-20,adzuna
sql dba database administrator,sql_dba,Senior,5+ років,,,PL,2026-05-20,adzuna
sql dba database administrator,sql_dba,Middle,2-3 роки,,,PL,2026-05-20,adzuna
sql dba database administrator,sql_dba,Senior,5+ років,,,PL,2026-05-20,adzuna
sql dba database administrator,sql_dba,Middle,2-3 роки,,,PL,2026-05-20,adzuna
sql dba database administrator,sql_dba,Senior,5+ років,,,PL,2026-05-20,adzuna
sql dba database administrator,sql_dba,Middle,2-3 роки,,,PL,2026-05-20,adzuna
sql dba database administrator,sql_dba,Senior,5+ років,,,PL,2026-05-20,adzuna
sql dba database administrator,sql_dba,Middle,2-3 роки,,,PL,2026-05-20,adzuna
sql dba database administrator,sql_dba,Senior,5+ років,,,PL,2026-05-20,adzuna
technical support engineer,support,Middle,2-3 роки,3427.0,4080.0,PL,2026-05-20,adzuna
technical support engineer,support,Senior,5+ років,3427.0,4080.0,PL,2026-05-20,adzuna
technical support engineer,support,Middle,2-3 роки,3427.0,4080.0,PL,2026-05-20,adzuna
technical support engineer,support,Senior,5+ років,3427.0,4080.0,PL,2026-05-20,adzuna
technical support engineer,support,Middle,2-3 роки,3427.0,4080.0,PL,2026-05-20,adzuna
technical support engineer,support,Senior,5+ років,3427.0,4080.0,PL,2026-05-20,adzuna
technical support engineer,support,Middle,2-3 роки,3427.0,4080.0,PL,2026-05-20,adzuna
technical support engineer,support,Senior,5+ років,3427.0,4080.0,PL,2026-05-20,adzuna
technical support engineer,support,Middle,2-3 роки,3427.0,4080.0,PL,2026-05-20,adzuna
technical support engineer,support,Senior,5+ років,3427.0,4080.0,PL,2026-05-20,adzuna
svelte developer,svelte,Middle,2-3 роки,3672.0,6936.0,PL,2026-05-20,adzuna
svelte developer,svelte,Senior,5+ років,3672.0,6936.0,PL,2026-05-20,adzuna
svelte developer,svelte,Middle,2-3 роки,3672.0,6936.0,PL,2026-05-20,adzuna
svelte developer,svelte,Senior,5+ років,3672.0,6936.0,PL,2026-05-20,adzuna
svelte developer,svelte,Middle,2-3 роки,3672.0,6936.0,PL,2026-05-20,adzuna
svelte developer,svelte,Senior,5+ років,3672.0,6936.0,PL,2026-05-20,adzuna
svelte developer,svelte,Middle,2-3 роки,3672.0,6936.0,PL,2026-05-20,adzuna
svelte developer,svelte,Senior,5+ років,3672.0,6936.0,PL,2026-05-20,adzuna
svelte developer,svelte,Middle,2-3 роки,3672.0,6936.0,PL,2026-05-20,adzuna
svelte developer,svelte,Senior,5+ років,3672.0,6936.0,PL,2026-05-20,adzuna
symfony developer,symfony,Middle,2-3 роки,3060.0,4080.0,PL,2026-05-20,adzuna
symfony developer,symfony,Senior,5+ років,3371.0,4080.0,PL,2026-05-20,adzuna
symfony developer,symfony,Middle,2-3 роки,3060.0,4080.0,PL,2026-05-20,adzuna
symfony developer,symfony,Senior,5+ років,3371.0,4080.0,PL,2026-05-20,adzuna
symfony developer,symfony,Middle,2-3 роки,3060.0,4080.0,PL,2026-05-20,adzuna
symfony developer,symfony,Senior,5+ років,3371.0,4080.0,PL,2026-05-20,adzuna
symfony developer,symfony,Middle,2-3 роки,3060.0,4080.0,PL,2026-05-20,adzuna
symfony developer,symfony,Senior,5+ років,3371.0,4080.0,PL,2026-05-20,adzuna
symfony developer,symfony,Middle,2-3 роки,3060.0,4080.0,PL,2026-05-20,adzuna
symfony developer,symfony,Senior,5+ років,3371.0,4080.0,PL,2026-05-20,adzuna
system administrator linux,sysadmin,Middle,2-3 роки,2678.0,3825.0,PL,2026-05-20,adzuna
system administrator linux,sysadmin,Senior,5+ років,3124.0,4208.0,PL,2026-05-20,adzuna
system administrator linux,sysadmin,Middle,2-3 роки,2678.0,3825.0,PL,2026-05-20,adzuna
system administrator linux,sysadmin,Senior,5+ років,3124.0,4208.0,PL,2026-05-20,adzuna
system administrator linux,sysadmin,Middle,2-3 роки,2678.0,3825.0,PL,2026-05-20,adzuna
system administrator linux,sysadmin,Senior,5+ років,3124.0,4208.0,PL,2026-05-20,adzuna
system administrator linux,sysadmin,Middle,2-3 роки,2678.0,3825.0,PL,2026-05-20,adzuna
system administrator linux,sysadmin,Senior,5+ років,3124.0,4208.0,PL,2026-05-20,adzuna
system administrator linux,sysadmin,Middle,2-3 роки,2678.0,3825.0,PL,2026-05-20,adzuna
system administrator linux,sysadmin,Senior,5+ років,3124.0,4208.0,PL,2026-05-20,adzuna
ux designer,ui_ux,Middle,2-3 роки,4284.0,5100.0,PL,2026-05-20,adzuna
ux designer,ui_ux,Senior,5+ років,4080.0,5141.0,PL,2026-05-20,adzuna
ux designer,ui_ux,Middle,2-3 роки,4284.0,5100.0,PL,2026-05-20,adzuna
ux designer,ui_ux,Senior,5+ років,4080.0,5141.0,PL,2026-05-20,adzuna
ux designer,ui_ux,Middle,2-3 роки,4284.0,5100.0,PL,2026-05-20,adzuna
ux designer,ui_ux,Senior,5+ років,4080.0,5141.0,PL,2026-05-20,adzuna
ux designer,ui_ux,Middle,2-3 роки,4284.0,5100.0,PL,2026-05-20,adzuna
ux designer,ui_ux,Senior,5+ років,4080.0,5141.0,PL,2026-05-20,adzuna
ux designer,ui_ux,Middle,2-3 роки,4284.0,5100.0,PL,2026-05-20,adzuna
ux designer,ui_ux,Senior,5+ років,4080.0,5141.0,PL,2026-05-20,adzuna
unity developer,unity,Middle,2-3 роки,,,PL,2026-05-20,adzuna
unity developer,unity,Senior,5+ років,,,PL,2026-05-20,adzuna
unity developer,unity,Middle,2-3 роки,,,PL,2026-05-20,adzuna
unity developer,unity,Senior,5+ років,,,PL,2026-05-20,adzuna
unity developer,unity,Middle,2-3 роки,,,PL,2026-05-20,adzuna
unity developer,unity,Senior,5+ років,,,PL,2026-05-20,adzuna
unity developer,unity,Middle,2-3 роки,,,PL,2026-05-20,adzuna
unity developer,unity,Senior,5+ років,,,PL,2026-05-20,adzuna
unity developer,unity,Middle,2-3 роки,,,PL,2026-05-20,adzuna
unity developer,unity,Senior,5+ років,,,PL,2026-05-20,adzuna
unreal engine developer,unreal,Middle,2-3 роки,,,PL,2026-05-20,adzuna
unreal engine developer,unreal,Senior,5+ років,,,PL,2026-05-20,adzuna
unreal engine developer,unreal,Middle,2-3 роки,,,PL,2026-05-20,adzuna
unreal engine developer,unreal,Senior,5+ років,,,PL,2026-05-20,adzuna
unreal engine developer,unreal,Middle,2-3 роки,,,PL,2026-05-20,adzuna
unreal engine developer,unreal,Senior,5+ років,,,PL,2026-05-20,adzuna
unreal engine developer,unreal,Middle,2-3 роки,,,PL,2026-05-20,adzuna
unreal engine developer,unreal,Senior,5+ років,,,PL,2026-05-20,adzuna
unreal engine developer,unreal,Middle,2-3 роки,,,PL,2026-05-20,adzuna
unreal engine developer,unreal,Senior,5+ років,,,PL,2026-05-20,adzuna
ux researcher,ux_research,Middle,2-3 роки,3427.0,4712.0,PL,2026-05-20,adzuna
ux researcher,ux_research,Senior,5+ років,3853.0,4715.0,PL,2026-05-20,adzuna
ux researcher,ux_research,Middle,2-3 роки,3427.0,4712.0,PL,2026-05-20,adzuna
ux researcher,ux_research,Senior,5+ років,3853.0,4715.0,PL,2026-05-20,adzuna
ux researcher,ux_research,Middle,2-3 роки,3427.0,4712.0,PL,2026-05-20,adzuna
ux researcher,ux_research,Senior,5+ років,3853.0,4715.0,PL,2026-05-20,adzuna
ux researcher,ux_research,Middle,2-3 роки,3427.0,4712.0,PL,2026-05-20,adzuna
ux researcher,ux_research,Senior,5+ років,3853.0,4715.0,PL,2026-05-20,adzuna
ux researcher,ux_research,Middle,2-3 роки,3427.0,4712.0,PL,2026-05-20,adzuna
ux researcher,ux_research,Senior,5+ років,3853.0,4715.0,PL,2026-05-20,adzuna
vue.js developer,vue,Middle,2-3 роки,,,PL,2026-05-20,adzuna
vue.js developer,vue,Senior,5+ років,6426.0,7497.0,PL,2026-05-20,adzuna
vue.js developer,vue,Middle,2-3 роки,,,PL,2026-05-20,adzuna
vue.js developer,vue,Senior,5+ років,6426.0,7497.0,PL,2026-05-20,adzuna
vue.js developer,vue,Middle,2-3 роки,,,PL,2026-05-20,adzuna
vue.js developer,vue,Senior,5+ років,6426.0,7497.0,PL,2026-05-20,adzuna
vue.js developer,vue,Middle,2-3 роки,,,PL,2026-05-20,adzuna
vue.js developer,vue,Senior,5+ років,6426.0,7497.0,PL,2026-05-20,adzuna
vue.js developer,vue,Middle,2-3 роки,,,PL,2026-05-20,adzuna
vue.js developer,vue,Senior,5+ років,6426.0,7497.0,PL,2026-05-20,adzuna
winforms developer,winforms,Middle,2-3 роки,,,PL,2026-05-20,adzuna
winforms developer,winforms,Senior,5+ років,,,PL,2026-05-20,adzuna
winforms developer,winforms,Middle,2-3 роки,,,PL,2026-05-20,adzuna
winforms developer,winforms,Senior,5+ років,,,PL,2026-05-20,adzuna
winforms developer,winforms,Middle,2-3 роки,,,PL,2026-05-20,adzuna
winforms developer,winforms,Senior,5+ років,,,PL,2026-05-20,adzuna
winforms developer,winforms,Middle,2-3 роки,,,PL,2026-05-20,adzuna
winforms developer,winforms,Senior,5+ років,,,PL,2026-05-20,adzuna
winforms developer,winforms,Middle,2-3 роки,,,PL,2026-05-20,adzuna
winforms developer,winforms,Senior,5+ років,,,PL,2026-05-20,adzuna
wordpress developer,wordpress,Middle,2-3 роки,1435.0,2407.0,PL,2026-05-20,adzuna
wordpress developer,wordpress,Senior,5+ років,2295.0,3570.0,PL,2026-05-20,adzuna
wordpress developer,wordpress,Middle,2-3 роки,1435.0,2407.0,PL,2026-05-20,adzuna
wordpress developer,wordpress,Senior,5+ років,2295.0,3570.0,PL,2026-05-20,adzuna
wordpress developer,wordpress,Middle,2-3 роки,1435.0,2407.0,PL,2026-05-20,adzuna
wordpress developer,wordpress,Senior,5+ років,2295.0,3570.0,PL,2026-05-20,adzuna
wordpress developer,wordpress,Middle,2-3 роки,1435.0,2407.0,PL,2026-05-20,adzuna
wordpress developer,wordpress,Senior,5+ років,2295.0,3570.0,PL,2026-05-20,adzuna
wordpress developer,wordpress,Middle,2-3 роки,1435.0,2407.0,PL,2026-05-20,adzuna
wordpress developer,wordpress,Senior,5+ років,2295.0,3570.0,PL,2026-05-20,adzuna
wpf developer,wpf,Middle,2-3 роки,,,PL,2026-05-20,adzuna
wpf developer,wpf,Senior,5+ років,3825.0,4972.0,PL,2026-05-20,adzuna
wpf developer,wpf,Middle,2-3 роки,,,PL,2026-05-20,adzuna
wpf developer,wpf,Senior,5+ років,3825.0,4972.0,PL,2026-05-20,adzuna
wpf developer,wpf,Middle,2-3 роки,,,PL,2026-05-20,adzuna
wpf developer,wpf,Senior,5+ років,3825.0,4972.0,PL,2026-05-20,adzuna
wpf developer,wpf,Middle,2-3 роки,,,PL,2026-05-20,adzuna
wpf developer,wpf,Senior,5+ років,3825.0,4972.0,PL,2026-05-20,adzuna
wpf developer,wpf,Middle,2-3 роки,,,PL,2026-05-20,adzuna
wpf developer,wpf,Senior,5+ років,3825.0,4972.0,PL,2026-05-20,adzuna
xamarin developer,xamarin,Middle,2-3 роки,,,PL,2026-05-20,adzuna
xamarin developer,xamarin,Senior,5+ років,,,PL,2026-05-20,adzuna
xamarin developer,xamarin,Middle,2-3 роки,,,PL,2026-05-20,adzuna
xamarin developer,xamarin,Senior,5+ років,,,PL,2026-05-20,adzuna
xamarin developer,xamarin,Middle,2-3 роки,,,PL,2026-05-20,adzuna
xamarin developer,xamarin,Senior,5+ років,,,PL,2026-05-20,adzuna
xamarin developer,xamarin,Middle,2-3 роки,,,PL,2026-05-20,adzuna
xamarin developer,xamarin,Senior,5+ років,,,PL,2026-05-20,adzuna
xamarin developer,xamarin,Middle,2-3 роки,,,PL,2026-05-20,adzuna
xamarin developer,xamarin,Senior,5+ років,,,PL,2026-05-20,adzuna
yii developer,yii,Middle,2-3 роки,,,PL,2026-05-20,adzuna
yii developer,yii,Senior,5+ років,,,PL,2026-05-20,adzuna
yii developer,yii,Middle,2-3 роки,,,PL,2026-05-20,adzuna
yii developer,yii,Senior,5+ років,,,PL,2026-05-20,adzuna
yii developer,yii,Middle,2-3 роки,,,PL,2026-05-20,adzuna
yii developer,yii,Senior,5+ років,,,PL,2026-05-20,adzuna
yii developer,yii,Middle,2-3 роки,,,PL,2026-05-20,adzuna
yii developer,yii,Senior,5+ років,,,PL,2026-05-20,adzuna
yii developer,yii,Middle,2-3 роки,,,PL,2026-05-20,adzuna
yii developer,yii,Senior,5+ років,,,PL,2026-05-20,adzuna
2d animator,2d_animation,Middle,2-3 роки,,,UK,2026-05-20,adzuna
2d animator,2d_animation,Senior,5+ років,4137.0,4137.0,UK,2026-05-20,adzuna
2d animator,2d_animation,Middle,2-3 роки,,,UK,2026-05-20,adzuna
2d animator,2d_animation,Senior,5+ років,4137.0,4137.0,UK,2026-05-20,adzuna
2d animator,2d_animation,Middle,2-3 роки,,,UK,2026-05-20,adzuna
2d animator,2d_animation,Senior,5+ років,4137.0,4137.0,UK,2026-05-20,adzuna
2d animator,2d_animation,Middle,2-3 роки,,,UK,2026-05-20,adzuna
2d animator,2d_animation,Senior,5+ років,4137.0,4137.0,UK,2026-05-20,adzuna
2d animator,2d_animation,Middle,2-3 роки,,,UK,2026-05-20,adzuna
2d animator,2d_animation,Senior,5+ років,4137.0,4137.0,UK,2026-05-20,adzuna
2d artist,2d_artist,Middle,2-3 роки,4423.0,4423.0,UK,2026-05-20,adzuna
2d artist,2d_artist,Senior,5+ років,4423.0,4423.0,UK,2026-05-20,adzuna
2d artist,2d_artist,Middle,2-3 роки,4423.0,4423.0,UK,2026-05-20,adzuna
2d artist,2d_artist,Senior,5+ років,4423.0,4423.0,UK,2026-05-20,adzuna
2d artist,2d_artist,Middle,2-3 роки,4423.0,4423.0,UK,2026-05-20,adzuna
2d artist,2d_artist,Senior,5+ років,4423.0,4423.0,UK,2026-05-20,adzuna
2d artist,2d_artist,Middle,2-3 роки,4423.0,4423.0,UK,2026-05-20,adzuna
2d artist,2d_artist,Senior,5+ років,4423.0,4423.0,UK,2026-05-20,adzuna
2d artist,2d_artist,Middle,2-3 роки,4423.0,4423.0,UK,2026-05-20,adzuna
2d artist,2d_artist,Senior,5+ років,4423.0,4423.0,UK,2026-05-20,adzuna
3d animator,3d_animation,Middle,2-3 роки,4121.0,4578.0,UK,2026-05-20,adzuna
3d animator,3d_animation,Senior,5+ років,4348.0,4650.0,UK,2026-05-20,adzuna
3d animator,3d_animation,Middle,2-3 роки,4121.0,4578.0,UK,2026-05-20,adzuna
3d animator,3d_animation,Senior,5+ років,4348.0,4650.0,UK,2026-05-20,adzuna
3d animator,3d_animation,Middle,2-3 роки,4121.0,4578.0,UK,2026-05-20,adzuna
3d animator,3d_animation,Senior,5+ років,4348.0,4650.0,UK,2026-05-20,adzuna
3d animator,3d_animation,Middle,2-3 роки,4121.0,4578.0,UK,2026-05-20,adzuna
3d animator,3d_animation,Senior,5+ років,4348.0,4650.0,UK,2026-05-20,adzuna
3d animator,3d_animation,Middle,2-3 роки,4121.0,4578.0,UK,2026-05-20,adzuna
3d animator,3d_animation,Senior,5+ років,4348.0,4650.0,UK,2026-05-20,adzuna
3d artist,3d_artist,Middle,2-3 роки,4439.0,4583.0,UK,2026-05-20,adzuna
3d artist,3d_artist,Senior,5+ років,4479.0,4583.0,UK,2026-05-20,adzuna
3d artist,3d_artist,Middle,2-3 роки,4439.0,4583.0,UK,2026-05-20,adzuna
3d artist,3d_artist,Senior,5+ років,4479.0,4583.0,UK,2026-05-20,adzuna
3d artist,3d_artist,Middle,2-3 роки,4439.0,4583.0,UK,2026-05-20,adzuna
3d artist,3d_artist,Senior,5+ років,4479.0,4583.0,UK,2026-05-20,adzuna
3d artist,3d_artist,Middle,2-3 роки,4439.0,4583.0,UK,2026-05-20,adzuna
3d artist,3d_artist,Senior,5+ років,4479.0,4583.0,UK,2026-05-20,adzuna
3d artist,3d_artist,Middle,2-3 роки,4439.0,4583.0,UK,2026-05-20,adzuna
3d artist,3d_artist,Senior,5+ років,4479.0,4583.0,UK,2026-05-20,adzuna
accountant finance,accountant,Middle,2-3 роки,5719.0,5719.0,UK,2026-05-20,adzuna
accountant finance,accountant,Senior,5+ років,5826.0,5826.0,UK,2026-05-20,adzuna
accountant finance,accountant,Middle,2-3 роки,5719.0,5719.0,UK,2026-05-20,adzuna
accountant finance,accountant,Senior,5+ років,5826.0,5826.0,UK,2026-05-20,adzuna
accountant finance,accountant,Middle,2-3 роки,5719.0,5719.0,UK,2026-05-20,adzuna
accountant finance,accountant,Senior,5+ років,5826.0,5826.0,UK,2026-05-20,adzuna
accountant finance,accountant,Middle,2-3 роки,5719.0,5719.0,UK,2026-05-20,adzuna
accountant finance,accountant,Senior,5+ років,5826.0,5826.0,UK,2026-05-20,adzuna
accountant finance,accountant,Middle,2-3 роки,5719.0,5719.0,UK,2026-05-20,adzuna
accountant finance,accountant,Senior,5+ років,5826.0,5826.0,UK,2026-05-20,adzuna
affiliate manager,affiliate_manager,Middle,2-3 роки,4411.0,4520.0,UK,2026-05-20,adzuna
affiliate manager,affiliate_manager,Senior,5+ років,4419.0,4497.0,UK,2026-05-20,adzuna
affiliate manager,affiliate_manager,Middle,2-3 роки,4411.0,4520.0,UK,2026-05-20,adzuna
affiliate manager,affiliate_manager,Senior,5+ років,4419.0,4497.0,UK,2026-05-20,adzuna
affiliate manager,affiliate_manager,Middle,2-3 роки,4411.0,4520.0,UK,2026-05-20,adzuna
affiliate manager,affiliate_manager,Senior,5+ років,4419.0,4497.0,UK,2026-05-20,adzuna
affiliate manager,affiliate_manager,Middle,2-3 роки,4411.0,4520.0,UK,2026-05-20,adzuna
affiliate manager,affiliate_manager,Senior,5+ років,4419.0,4497.0,UK,2026-05-20,adzuna
affiliate manager,affiliate_manager,Middle,2-3 роки,4411.0,4520.0,UK,2026-05-20,adzuna
affiliate manager,affiliate_manager,Senior,5+ років,4419.0,4497.0,UK,2026-05-20,adzuna
android developer,android,Middle,2-3 роки,5910.0,5927.0,UK,2026-05-20,adzuna
android developer,android,Senior,5+ років,6197.0,6554.0,UK,2026-05-20,adzuna
android developer,android,Middle,2-3 роки,5910.0,5927.0,UK,2026-05-20,adzuna
android developer,android,Senior,5+ років,6197.0,6554.0,UK,2026-05-20,adzuna
android developer,android,Middle,2-3 роки,5910.0,5927.0,UK,2026-05-20,adzuna
android developer,android,Senior,5+ років,6197.0,6554.0,UK,2026-05-20,adzuna
android developer,android,Middle,2-3 роки,5910.0,5927.0,UK,2026-05-20,adzuna
android developer,android,Senior,5+ років,6197.0,6554.0,UK,2026-05-20,adzuna
android developer,android,Middle,2-3 роки,5910.0,5927.0,UK,2026-05-20,adzuna
android developer,android,Senior,5+ років,6197.0,6554.0,UK,2026-05-20,adzuna
angular developer,angular,Middle,2-3 роки,5292.0,5310.0,UK,2026-05-20,adzuna
angular developer,angular,Senior,5+ років,6350.0,6879.0,UK,2026-05-20,adzuna
angular developer,angular,Middle,2-3 роки,5292.0,5310.0,UK,2026-05-20,adzuna
angular developer,angular,Senior,5+ років,6350.0,6879.0,UK,2026-05-20,adzuna
angular developer,angular,Middle,2-3 роки,5292.0,5310.0,UK,2026-05-20,adzuna
angular developer,angular,Senior,5+ років,6350.0,6879.0,UK,2026-05-20,adzuna
angular developer,angular,Middle,2-3 роки,5292.0,5310.0,UK,2026-05-20,adzuna
angular developer,angular,Senior,5+ років,6350.0,6879.0,UK,2026-05-20,adzuna
angular developer,angular,Middle,2-3 роки,5292.0,5310.0,UK,2026-05-20,adzuna
angular developer,angular,Senior,5+ років,6350.0,6879.0,UK,2026-05-20,adzuna
asp.net developer,asp_net,Middle,2-3 роки,5556.0,7144.0,UK,2026-05-20,adzuna
asp.net developer,asp_net,Senior,5+ років,5763.0,7053.0,UK,2026-05-20,adzuna
asp.net developer,asp_net,Middle,2-3 роки,5556.0,7144.0,UK,2026-05-20,adzuna
asp.net developer,asp_net,Senior,5+ років,5763.0,7053.0,UK,2026-05-20,adzuna
asp.net developer,asp_net,Middle,2-3 роки,5556.0,7144.0,UK,2026-05-20,adzuna
asp.net developer,asp_net,Senior,5+ років,5763.0,7053.0,UK,2026-05-20,adzuna
asp.net developer,asp_net,Middle,2-3 роки,5556.0,7144.0,UK,2026-05-20,adzuna
asp.net developer,asp_net,Senior,5+ років,5763.0,7053.0,UK,2026-05-20,adzuna
asp.net developer,asp_net,Middle,2-3 роки,5556.0,7144.0,UK,2026-05-20,adzuna
asp.net developer,asp_net,Senior,5+ років,5763.0,7053.0,UK,2026-05-20,adzuna
blazor developer,blazor,Middle,2-3 роки,5292.0,6138.0,UK,2026-05-20,adzuna
blazor developer,blazor,Senior,5+ років,5292.0,6350.0,UK,2026-05-20,adzuna
blazor developer,blazor,Middle,2-3 роки,5292.0,6138.0,UK,2026-05-20,adzuna
blazor developer,blazor,Senior,5+ років,5292.0,6350.0,UK,2026-05-20,adzuna
blazor developer,blazor,Middle,2-3 роки,5292.0,6138.0,UK,2026-05-20,adzuna
blazor developer,blazor,Senior,5+ років,5292.0,6350.0,UK,2026-05-20,adzuna
blazor developer,blazor,Middle,2-3 роки,5292.0,6138.0,UK,2026-05-20,adzuna
blazor developer,blazor,Senior,5+ років,5292.0,6350.0,UK,2026-05-20,adzuna
blazor developer,blazor,Middle,2-3 роки,5292.0,6138.0,UK,2026-05-20,adzuna
blazor developer,blazor,Senior,5+ років,5292.0,6350.0,UK,2026-05-20,adzuna
business analyst IT,business_analyst,Middle,2-3 роки,5821.0,5821.0,UK,2026-05-20,adzuna
business analyst IT,business_analyst,Senior,5+ років,5821.0,5821.0,UK,2026-05-20,adzuna
business analyst IT,business_analyst,Middle,2-3 роки,5821.0,5821.0,UK,2026-05-20,adzuna
business analyst IT,business_analyst,Senior,5+ років,5821.0,5821.0,UK,2026-05-20,adzuna
business analyst IT,business_analyst,Middle,2-3 роки,5821.0,5821.0,UK,2026-05-20,adzuna
business analyst IT,business_analyst,Senior,5+ років,5821.0,5821.0,UK,2026-05-20,adzuna
business analyst IT,business_analyst,Middle,2-3 роки,5821.0,5821.0,UK,2026-05-20,adzuna
business analyst IT,business_analyst,Senior,5+ років,5821.0,5821.0,UK,2026-05-20,adzuna
business analyst IT,business_analyst,Middle,2-3 роки,5821.0,5821.0,UK,2026-05-20,adzuna
business analyst IT,business_analyst,Senior,5+ років,5821.0,5821.0,UK,2026-05-20,adzuna
c programmer,c,Middle,2-3 роки,,,UK,2026-05-20,adzuna
c programmer,c,Senior,5+ років,,,UK,2026-05-20,adzuna
c programmer,c,Middle,2-3 роки,,,UK,2026-05-20,adzuna
c programmer,c,Senior,5+ років,,,UK,2026-05-20,adzuna
c programmer,c,Middle,2-3 роки,,,UK,2026-05-20,adzuna
c programmer,c,Senior,5+ років,,,UK,2026-05-20,adzuna
c programmer,c,Middle,2-3 роки,,,UK,2026-05-20,adzuna
c programmer,c,Senior,5+ років,,,UK,2026-05-20,adzuna
c programmer,c,Middle,2-3 роки,,,UK,2026-05-20,adzuna
c programmer,c,Senior,5+ років,,,UK,2026-05-20,adzuna
chief business development officer,cbdo,Middle,2-3 роки,3851.0,3851.0,UK,2026-05-20,adzuna
chief business development officer,cbdo,Senior,5+ років,4697.0,4697.0,UK,2026-05-20,adzuna
chief business development officer,cbdo,Middle,2-3 роки,3851.0,3851.0,UK,2026-05-20,adzuna
chief business development officer,cbdo,Senior,5+ років,4697.0,4697.0,UK,2026-05-20,adzuna
chief business development officer,cbdo,Middle,2-3 роки,3851.0,3851.0,UK,2026-05-20,adzuna
chief business development officer,cbdo,Senior,5+ років,4697.0,4697.0,UK,2026-05-20,adzuna
chief business development officer,cbdo,Middle,2-3 роки,3851.0,3851.0,UK,2026-05-20,adzuna
chief business development officer,cbdo,Senior,5+ років,4697.0,4697.0,UK,2026-05-20,adzuna
chief business development officer,cbdo,Middle,2-3 роки,3851.0,3851.0,UK,2026-05-20,adzuna
chief business development officer,cbdo,Senior,5+ років,4697.0,4697.0,UK,2026-05-20,adzuna
chief commercial officer,cco,Middle,2-3 роки,6038.0,6301.0,UK,2026-05-20,adzuna
chief commercial officer,cco,Senior,5+ років,5942.0,6252.0,UK,2026-05-20,adzuna
chief commercial officer,cco,Middle,2-3 роки,6038.0,6301.0,UK,2026-05-20,adzuna
chief commercial officer,cco,Senior,5+ років,5942.0,6252.0,UK,2026-05-20,adzuna
chief commercial officer,cco,Middle,2-3 роки,6038.0,6301.0,UK,2026-05-20,adzuna
chief commercial officer,cco,Senior,5+ років,5942.0,6252.0,UK,2026-05-20,adzuna
chief commercial officer,cco,Middle,2-3 роки,6038.0,6301.0,UK,2026-05-20,adzuna
chief commercial officer,cco,Senior,5+ років,5942.0,6252.0,UK,2026-05-20,adzuna
chief commercial officer,cco,Middle,2-3 роки,6038.0,6301.0,UK,2026-05-20,adzuna
chief commercial officer,cco,Senior,5+ років,5942.0,6252.0,UK,2026-05-20,adzuna
chief executive officer tech,ceo,Middle,2-3 роки,,,UK,2026-05-20,adzuna
chief executive officer tech,ceo,Senior,5+ років,,,UK,2026-05-20,adzuna
chief executive officer tech,ceo,Middle,2-3 роки,,,UK,2026-05-20,adzuna
chief executive officer tech,ceo,Senior,5+ років,,,UK,2026-05-20,adzuna
chief executive officer tech,ceo,Middle,2-3 роки,,,UK,2026-05-20,adzuna
chief executive officer tech,ceo,Senior,5+ років,,,UK,2026-05-20,adzuna
chief executive officer tech,ceo,Middle,2-3 роки,,,UK,2026-05-20,adzuna
chief executive officer tech,ceo,Senior,5+ років,,,UK,2026-05-20,adzuna
chief executive officer tech,ceo,Middle,2-3 роки,,,UK,2026-05-20,adzuna
chief executive officer tech,ceo,Senior,5+ років,,,UK,2026-05-20,adzuna
chief financial officer tech,cfo,Middle,2-3 роки,,,UK,2026-05-20,adzuna
chief financial officer tech,cfo,Senior,5+ років,,,UK,2026-05-20,adzuna
chief financial officer tech,cfo,Middle,2-3 роки,,,UK,2026-05-20,adzuna
chief financial officer tech,cfo,Senior,5+ років,,,UK,2026-05-20,adzuna
chief financial officer tech,cfo,Middle,2-3 роки,,,UK,2026-05-20,adzuna
chief financial officer tech,cfo,Senior,5+ років,,,UK,2026-05-20,adzuna
chief financial officer tech,cfo,Middle,2-3 роки,,,UK,2026-05-20,adzuna
chief financial officer tech,cfo,Senior,5+ років,,,UK,2026-05-20,adzuna
chief financial officer tech,cfo,Middle,2-3 роки,,,UK,2026-05-20,adzuna
chief financial officer tech,cfo,Senior,5+ років,,,UK,2026-05-20,adzuna
chief information officer,cio,Middle,2-3 роки,7464.0,7464.0,UK,2026-05-20,adzuna
chief information officer,cio,Senior,5+ років,7339.0,7339.0,UK,2026-05-20,adzuna
chief information officer,cio,Middle,2-3 роки,7464.0,7464.0,UK,2026-05-20,adzuna
chief information officer,cio,Senior,5+ років,7339.0,7339.0,UK,2026-05-20,adzuna
chief information officer,cio,Middle,2-3 роки,7464.0,7464.0,UK,2026-05-20,adzuna
chief information officer,cio,Senior,5+ років,7339.0,7339.0,UK,2026-05-20,adzuna
chief information officer,cio,Middle,2-3 роки,7464.0,7464.0,UK,2026-05-20,adzuna
chief information officer,cio,Senior,5+ років,7339.0,7339.0,UK,2026-05-20,adzuna
chief information officer,cio,Middle,2-3 роки,7464.0,7464.0,UK,2026-05-20,adzuna
chief information officer,cio,Senior,5+ років,7339.0,7339.0,UK,2026-05-20,adzuna
chief marketing officer tech,cmo,Middle,2-3 роки,,,UK,2026-05-20,adzuna
chief marketing officer tech,cmo,Senior,5+ років,,,UK,2026-05-20,adzuna
chief marketing officer tech,cmo,Middle,2-3 роки,,,UK,2026-05-20,adzuna
chief marketing officer tech,cmo,Senior,5+ років,,,UK,2026-05-20,adzuna
chief marketing officer tech,cmo,Middle,2-3 роки,,,UK,2026-05-20,adzuna
chief marketing officer tech,cmo,Senior,5+ років,,,UK,2026-05-20,adzuna
chief marketing officer tech,cmo,Middle,2-3 роки,,,UK,2026-05-20,adzuna
chief marketing officer tech,cmo,Senior,5+ років,,,UK,2026-05-20,adzuna
chief marketing officer tech,cmo,Middle,2-3 роки,,,UK,2026-05-20,adzuna
chief marketing officer tech,cmo,Senior,5+ років,,,UK,2026-05-20,adzuna
content designer,content_design,Middle,2-3 роки,5300.0,5623.0,UK,2026-05-20,adzuna
content designer,content_design,Senior,5+ років,5296.0,5462.0,UK,2026-05-20,adzuna
content designer,content_design,Middle,2-3 роки,5300.0,5623.0,UK,2026-05-20,adzuna
content designer,content_design,Senior,5+ років,5296.0,5462.0,UK,2026-05-20,adzuna
content designer,content_design,Middle,2-3 роки,5300.0,5623.0,UK,2026-05-20,adzuna
content designer,content_design,Senior,5+ років,5296.0,5462.0,UK,2026-05-20,adzuna
content designer,content_design,Middle,2-3 роки,5300.0,5623.0,UK,2026-05-20,adzuna
content designer,content_design,Senior,5+ років,5296.0,5462.0,UK,2026-05-20,adzuna
content designer,content_design,Middle,2-3 роки,5300.0,5623.0,UK,2026-05-20,adzuna
content designer,content_design,Senior,5+ років,5296.0,5462.0,UK,2026-05-20,adzuna
content manager,content_manager,Middle,2-3 роки,4233.0,4389.0,UK,2026-05-20,adzuna
content manager,content_manager,Senior,5+ років,4233.0,4445.0,UK,2026-05-20,adzuna
content manager,content_manager,Middle,2-3 роки,4233.0,4389.0,UK,2026-05-20,adzuna
content manager,content_manager,Senior,5+ років,4233.0,4445.0,UK,2026-05-20,adzuna
content manager,content_manager,Middle,2-3 роки,4233.0,4389.0,UK,2026-05-20,adzuna
content manager,content_manager,Senior,5+ років,4233.0,4445.0,UK,2026-05-20,adzuna
content manager,content_manager,Middle,2-3 роки,4233.0,4389.0,UK,2026-05-20,adzuna
content manager,content_manager,Senior,5+ років,4233.0,4445.0,UK,2026-05-20,adzuna
content manager,content_manager,Middle,2-3 роки,4233.0,4389.0,UK,2026-05-20,adzuna
content manager,content_manager,Senior,5+ років,4233.0,4445.0,UK,2026-05-20,adzuna
content marketing manager,content_marketing,Middle,2-3 роки,4233.0,4233.0,UK,2026-05-20,adzuna
content marketing manager,content_marketing,Senior,5+ років,4233.0,4275.0,UK,2026-05-20,adzuna
content marketing manager,content_marketing,Middle,2-3 роки,4233.0,4233.0,UK,2026-05-20,adzuna
content marketing manager,content_marketing,Senior,5+ років,4233.0,4275.0,UK,2026-05-20,adzuna
content marketing manager,content_marketing,Middle,2-3 роки,4233.0,4233.0,UK,2026-05-20,adzuna
content marketing manager,content_marketing,Senior,5+ років,4233.0,4275.0,UK,2026-05-20,adzuna
content marketing manager,content_marketing,Middle,2-3 роки,4233.0,4233.0,UK,2026-05-20,adzuna
content marketing manager,content_marketing,Senior,5+ років,4233.0,4275.0,UK,2026-05-20,adzuna
content marketing manager,content_marketing,Middle,2-3 роки,4233.0,4233.0,UK,2026-05-20,adzuna
content marketing manager,content_marketing,Senior,5+ років,4233.0,4275.0,UK,2026-05-20,adzuna
content writer,content_writing,Middle,2-3 роки,3700.0,3704.0,UK,2026-05-20,adzuna
content writer,content_writing,Senior,5+ років,3704.0,3787.0,UK,2026-05-20,adzuna
content writer,content_writing,Middle,2-3 роки,3700.0,3704.0,UK,2026-05-20,adzuna
content writer,content_writing,Senior,5+ років,3704.0,3787.0,UK,2026-05-20,adzuna
content writer,content_writing,Middle,2-3 роки,3700.0,3704.0,UK,2026-05-20,adzuna
content writer,content_writing,Senior,5+ років,3704.0,3787.0,UK,2026-05-20,adzuna
content writer,content_writing,Middle,2-3 роки,3700.0,3704.0,UK,2026-05-20,adzuna
content writer,content_writing,Senior,5+ років,3704.0,3787.0,UK,2026-05-20,adzuna
content writer,content_writing,Middle,2-3 роки,3700.0,3704.0,UK,2026-05-20,adzuna
content writer,content_writing,Senior,5+ років,3704.0,3787.0,UK,2026-05-20,adzuna
chief operating officer,coo,Middle,2-3 роки,6758.0,6956.0,UK,2026-05-20,adzuna
chief operating officer,coo,Senior,5+ років,6758.0,6956.0,UK,2026-05-20,adzuna
chief operating officer,coo,Middle,2-3 роки,6758.0,6956.0,UK,2026-05-20,adzuna
chief operating officer,coo,Senior,5+ років,6758.0,6956.0,UK,2026-05-20,adzuna
chief operating officer,coo,Middle,2-3 роки,6758.0,6956.0,UK,2026-05-20,adzuna
chief operating officer,coo,Senior,5+ років,6758.0,6956.0,UK,2026-05-20,adzuna
chief operating officer,coo,Middle,2-3 роки,6758.0,6956.0,UK,2026-05-20,adzuna
chief operating officer,coo,Senior,5+ років,6758.0,6956.0,UK,2026-05-20,adzuna
chief operating officer,coo,Middle,2-3 роки,6758.0,6956.0,UK,2026-05-20,adzuna
chief operating officer,coo,Senior,5+ років,6758.0,6956.0,UK,2026-05-20,adzuna
c++ developer,cplusplus,Middle,2-3 роки,6560.0,6879.0,UK,2026-05-20,adzuna
c++ developer,cplusplus,Senior,5+ років,6922.0,6992.0,UK,2026-05-20,adzuna
c++ developer,cplusplus,Middle,2-3 роки,6560.0,6879.0,UK,2026-05-20,adzuna
c++ developer,cplusplus,Senior,5+ років,6922.0,6992.0,UK,2026-05-20,adzuna
c++ developer,cplusplus,Middle,2-3 роки,6560.0,6879.0,UK,2026-05-20,adzuna
c++ developer,cplusplus,Senior,5+ років,6922.0,6992.0,UK,2026-05-20,adzuna
c++ developer,cplusplus,Middle,2-3 роки,6560.0,6879.0,UK,2026-05-20,adzuna
c++ developer,cplusplus,Senior,5+ років,6922.0,6992.0,UK,2026-05-20,adzuna
c++ developer,cplusplus,Middle,2-3 роки,6560.0,6879.0,UK,2026-05-20,adzuna
c++ developer,cplusplus,Senior,5+ років,6922.0,6992.0,UK,2026-05-20,adzuna
chief product officer,cpo,Middle,2-3 роки,7786.0,8190.0,UK,2026-05-20,adzuna
chief product officer,cpo,Senior,5+ років,7408.0,7871.0,UK,2026-05-20,adzuna
chief product officer,cpo,Middle,2-3 роки,7786.0,8190.0,UK,2026-05-20,adzuna
chief product officer,cpo,Senior,5+ років,7408.0,7871.0,UK,2026-05-20,adzuna
chief product officer,cpo,Middle,2-3 роки,7786.0,8190.0,UK,2026-05-20,adzuna
chief product officer,cpo,Senior,5+ років,7408.0,7871.0,UK,2026-05-20,adzuna
chief product officer,cpo,Middle,2-3 роки,7786.0,8190.0,UK,2026-05-20,adzuna
chief product officer,cpo,Senior,5+ років,7408.0,7871.0,UK,2026-05-20,adzuna
chief product officer,cpo,Middle,2-3 роки,7786.0,8190.0,UK,2026-05-20,adzuna
chief product officer,cpo,Senior,5+ років,7408.0,7871.0,UK,2026-05-20,adzuna
c++ developer,cpp,Middle,2-3 роки,6560.0,6879.0,UK,2026-05-20,adzuna
c++ developer,cpp,Senior,5+ років,6922.0,6992.0,UK,2026-05-20,adzuna
c++ developer,cpp,Middle,2-3 роки,6560.0,6879.0,UK,2026-05-20,adzuna
c++ developer,cpp,Senior,5+ років,6922.0,6992.0,UK,2026-05-20,adzuna
c++ developer,cpp,Middle,2-3 роки,6560.0,6879.0,UK,2026-05-20,adzuna
c++ developer,cpp,Senior,5+ років,6922.0,6992.0,UK,2026-05-20,adzuna
c++ developer,cpp,Middle,2-3 роки,6560.0,6879.0,UK,2026-05-20,adzuna
c++ developer,cpp,Senior,5+ років,6922.0,6992.0,UK,2026-05-20,adzuna
c++ developer,cpp,Middle,2-3 роки,6560.0,6879.0,UK,2026-05-20,adzuna
c++ developer,cpp,Senior,5+ років,6922.0,6992.0,UK,2026-05-20,adzuna
chief technology officer,cto,Middle,2-3 роки,8467.0,9008.0,UK,2026-05-20,adzuna
chief technology officer,cto,Senior,5+ років,7580.0,7814.0,UK,2026-05-20,adzuna
chief technology officer,cto,Middle,2-3 роки,8467.0,9008.0,UK,2026-05-20,adzuna
chief technology officer,cto,Senior,5+ років,7580.0,7814.0,UK,2026-05-20,adzuna
chief technology officer,cto,Middle,2-3 роки,8467.0,9008.0,UK,2026-05-20,adzuna
chief technology officer,cto,Senior,5+ років,7580.0,7814.0,UK,2026-05-20,adzuna
chief technology officer,cto,Middle,2-3 роки,8467.0,9008.0,UK,2026-05-20,adzuna
chief technology officer,cto,Senior,5+ років,7580.0,7814.0,UK,2026-05-20,adzuna
chief technology officer,cto,Middle,2-3 роки,8467.0,9008.0,UK,2026-05-20,adzuna
chief technology officer,cto,Senior,5+ років,7580.0,7814.0,UK,2026-05-20,adzuna
data analyst,data_analyst,Middle,2-3 роки,3175.0,5292.0,UK,2026-05-20,adzuna
data analyst,data_analyst,Senior,5+ років,3175.0,5292.0,UK,2026-05-20,adzuna
data analyst,data_analyst,Middle,2-3 роки,3175.0,5292.0,UK,2026-05-20,adzuna
data analyst,data_analyst,Senior,5+ років,3175.0,5292.0,UK,2026-05-20,adzuna
data analyst,data_analyst,Middle,2-3 роки,3175.0,5292.0,UK,2026-05-20,adzuna
data analyst,data_analyst,Senior,5+ років,3175.0,5292.0,UK,2026-05-20,adzuna
data analyst,data_analyst,Middle,2-3 роки,3175.0,5292.0,UK,2026-05-20,adzuna
data analyst,data_analyst,Senior,5+ років,3175.0,5292.0,UK,2026-05-20,adzuna
data analyst,data_analyst,Middle,2-3 роки,3175.0,5292.0,UK,2026-05-20,adzuna
data analyst,data_analyst,Senior,5+ років,3175.0,5292.0,UK,2026-05-20,adzuna
data engineer,data_engineer,Middle,2-3 роки,6424.0,7408.0,UK,2026-05-20,adzuna
data engineer,data_engineer,Senior,5+ років,6879.0,7938.0,UK,2026-05-20,adzuna
data engineer,data_engineer,Middle,2-3 роки,6424.0,7408.0,UK,2026-05-20,adzuna
data engineer,data_engineer,Senior,5+ років,6879.0,7938.0,UK,2026-05-20,adzuna
data engineer,data_engineer,Middle,2-3 роки,6424.0,7408.0,UK,2026-05-20,adzuna
data engineer,data_engineer,Senior,5+ років,6879.0,7938.0,UK,2026-05-20,adzuna
data engineer,data_engineer,Middle,2-3 роки,6424.0,7408.0,UK,2026-05-20,adzuna
data engineer,data_engineer,Senior,5+ років,6879.0,7938.0,UK,2026-05-20,adzuna
data engineer,data_engineer,Middle,2-3 роки,6424.0,7408.0,UK,2026-05-20,adzuna
data engineer,data_engineer,Senior,5+ років,6879.0,7938.0,UK,2026-05-20,adzuna
data scientist,data_science,Middle,2-3 роки,2646.0,4762.0,UK,2026-05-20,adzuna
data scientist,data_science,Senior,5+ років,2646.0,4762.0,UK,2026-05-20,adzuna
data scientist,data_science,Middle,2-3 роки,2646.0,4762.0,UK,2026-05-20,adzuna
data scientist,data_science,Senior,5+ років,2646.0,4762.0,UK,2026-05-20,adzuna
data scientist,data_science,Middle,2-3 роки,2646.0,4762.0,UK,2026-05-20,adzuna
data scientist,data_science,Senior,5+ років,2646.0,4762.0,UK,2026-05-20,adzuna
data scientist,data_science,Middle,2-3 роки,2646.0,4762.0,UK,2026-05-20,adzuna
data scientist,data_science,Senior,5+ років,2646.0,4762.0,UK,2026-05-20,adzuna
data scientist,data_science,Middle,2-3 роки,2646.0,4762.0,UK,2026-05-20,adzuna
data scientist,data_science,Senior,5+ років,2646.0,4762.0,UK,2026-05-20,adzuna
delivery manager agile IT,delivery_manager,Middle,2-3 роки,,,UK,2026-05-20,adzuna
delivery manager agile IT,delivery_manager,Senior,5+ років,,,UK,2026-05-20,adzuna
delivery manager agile IT,delivery_manager,Middle,2-3 роки,,,UK,2026-05-20,adzuna
delivery manager agile IT,delivery_manager,Senior,5+ років,,,UK,2026-05-20,adzuna
delivery manager agile IT,delivery_manager,Middle,2-3 роки,,,UK,2026-05-20,adzuna
delivery manager agile IT,delivery_manager,Senior,5+ років,,,UK,2026-05-20,adzuna
delivery manager agile IT,delivery_manager,Middle,2-3 роки,,,UK,2026-05-20,adzuna
delivery manager agile IT,delivery_manager,Senior,5+ років,,,UK,2026-05-20,adzuna
delivery manager agile IT,delivery_manager,Middle,2-3 роки,,,UK,2026-05-20,adzuna
delivery manager agile IT,delivery_manager,Senior,5+ років,,,UK,2026-05-20,adzuna
graphic designer,design,Middle,2-3 роки,3175.0,3598.0,UK,2026-05-20,adzuna
graphic designer,design,Senior,5+ років,3175.0,3598.0,UK,2026-05-20,adzuna
graphic designer,design,Middle,2-3 роки,3175.0,3598.0,UK,2026-05-20,adzuna
graphic designer,design,Senior,5+ років,3175.0,3598.0,UK,2026-05-20,adzuna
graphic designer,design,Middle,2-3 роки,3175.0,3598.0,UK,2026-05-20,adzuna
graphic designer,design,Senior,5+ років,3175.0,3598.0,UK,2026-05-20,adzuna
graphic designer,design,Middle,2-3 роки,3175.0,3598.0,UK,2026-05-20,adzuna
graphic designer,design,Senior,5+ років,3175.0,3598.0,UK,2026-05-20,adzuna
graphic designer,design,Middle,2-3 роки,3175.0,3598.0,UK,2026-05-20,adzuna
graphic designer,design,Senior,5+ років,3175.0,3598.0,UK,2026-05-20,adzuna
devops engineer,dev_ops,Middle,2-3 роки,6676.0,7121.0,UK,2026-05-20,adzuna
devops engineer,dev_ops,Senior,5+ років,6938.0,7408.0,UK,2026-05-20,adzuna
devops engineer,dev_ops,Middle,2-3 роки,6676.0,7121.0,UK,2026-05-20,adzuna
devops engineer,dev_ops,Senior,5+ років,6938.0,7408.0,UK,2026-05-20,adzuna
devops engineer,dev_ops,Middle,2-3 роки,6676.0,7121.0,UK,2026-05-20,adzuna
devops engineer,dev_ops,Senior,5+ років,6938.0,7408.0,UK,2026-05-20,adzuna
devops engineer,dev_ops,Middle,2-3 роки,6676.0,7121.0,UK,2026-05-20,adzuna
devops engineer,dev_ops,Senior,5+ років,6938.0,7408.0,UK,2026-05-20,adzuna
devops engineer,dev_ops,Middle,2-3 роки,6676.0,7121.0,UK,2026-05-20,adzuna
devops engineer,dev_ops,Senior,5+ років,6938.0,7408.0,UK,2026-05-20,adzuna
digital marketing,digital_marketing,Middle,2-3 роки,4157.0,4157.0,UK,2026-05-20,adzuna
digital marketing,digital_marketing,Senior,5+ років,4233.0,4233.0,UK,2026-05-20,adzuna
digital marketing,digital_marketing,Middle,2-3 роки,4157.0,4157.0,UK,2026-05-20,adzuna
digital marketing,digital_marketing,Senior,5+ років,4233.0,4233.0,UK,2026-05-20,adzuna
digital marketing,digital_marketing,Middle,2-3 роки,4157.0,4157.0,UK,2026-05-20,adzuna
digital marketing,digital_marketing,Senior,5+ років,4233.0,4233.0,UK,2026-05-20,adzuna
digital marketing,digital_marketing,Middle,2-3 роки,4157.0,4157.0,UK,2026-05-20,adzuna
digital marketing,digital_marketing,Senior,5+ років,4233.0,4233.0,UK,2026-05-20,adzuna
digital marketing,digital_marketing,Middle,2-3 роки,4157.0,4157.0,UK,2026-05-20,adzuna
digital marketing,digital_marketing,Senior,5+ років,4233.0,4233.0,UK,2026-05-20,adzuna
digital marketing manager,digital_marketing_manager,Middle,2-3 роки,4762.0,5292.0,UK,2026-05-20,adzuna
digital marketing manager,digital_marketing_manager,Senior,5+ років,4762.0,5292.0,UK,2026-05-20,adzuna
digital marketing manager,digital_marketing_manager,Middle,2-3 роки,4762.0,5292.0,UK,2026-05-20,adzuna
digital marketing manager,digital_marketing_manager,Senior,5+ років,4762.0,5292.0,UK,2026-05-20,adzuna
digital marketing manager,digital_marketing_manager,Middle,2-3 роки,4762.0,5292.0,UK,2026-05-20,adzuna
digital marketing manager,digital_marketing_manager,Senior,5+ років,4762.0,5292.0,UK,2026-05-20,adzuna
digital marketing manager,digital_marketing_manager,Middle,2-3 роки,4762.0,5292.0,UK,2026-05-20,adzuna
digital marketing manager,digital_marketing_manager,Senior,5+ років,4762.0,5292.0,UK,2026-05-20,adzuna
digital marketing manager,digital_marketing_manager,Middle,2-3 роки,4762.0,5292.0,UK,2026-05-20,adzuna
digital marketing manager,digital_marketing_manager,Senior,5+ років,4762.0,5292.0,UK,2026-05-20,adzuna
.net developer,dotnet,Middle,2-3 роки,5292.0,7408.0,UK,2026-05-20,adzuna
.net developer,dotnet,Senior,5+ років,5292.0,7408.0,UK,2026-05-20,adzuna
.net developer,dotnet,Middle,2-3 роки,5292.0,7408.0,UK,2026-05-20,adzuna
.net developer,dotnet,Senior,5+ років,5292.0,7408.0,UK,2026-05-20,adzuna
.net developer,dotnet,Middle,2-3 роки,5292.0,7408.0,UK,2026-05-20,adzuna
.net developer,dotnet,Senior,5+ років,5292.0,7408.0,UK,2026-05-20,adzuna
.net developer,dotnet,Middle,2-3 роки,5292.0,7408.0,UK,2026-05-20,adzuna
.net developer,dotnet,Senior,5+ років,5292.0,7408.0,UK,2026-05-20,adzuna
.net developer,dotnet,Middle,2-3 роки,5292.0,7408.0,UK,2026-05-20,adzuna
.net developer,dotnet,Senior,5+ років,5292.0,7408.0,UK,2026-05-20,adzuna
.net cloud developer,dotnet_cloud,Middle,2-3 роки,4923.0,4923.0,UK,2026-05-20,adzuna
.net cloud developer,dotnet_cloud,Senior,5+ років,5759.0,5759.0,UK,2026-05-20,adzuna
.net cloud developer,dotnet_cloud,Middle,2-3 роки,4923.0,4923.0,UK,2026-05-20,adzuna
.net cloud developer,dotnet_cloud,Senior,5+ років,5759.0,5759.0,UK,2026-05-20,adzuna
.net cloud developer,dotnet_cloud,Middle,2-3 роки,4923.0,4923.0,UK,2026-05-20,adzuna
.net cloud developer,dotnet_cloud,Senior,5+ років,5759.0,5759.0,UK,2026-05-20,adzuna
.net cloud developer,dotnet_cloud,Middle,2-3 роки,4923.0,4923.0,UK,2026-05-20,adzuna
.net cloud developer,dotnet_cloud,Senior,5+ років,5759.0,5759.0,UK,2026-05-20,adzuna
.net cloud developer,dotnet_cloud,Middle,2-3 роки,4923.0,4923.0,UK,2026-05-20,adzuna
.net cloud developer,dotnet_cloud,Senior,5+ років,5759.0,5759.0,UK,2026-05-20,adzuna
.net desktop developer,dotnet_desktop,Middle,2-3 роки,4445.0,6879.0,UK,2026-05-20,adzuna
.net desktop developer,dotnet_desktop,Senior,5+ років,6350.0,8467.0,UK,2026-05-20,adzuna
.net desktop developer,dotnet_desktop,Middle,2-3 роки,4445.0,6879.0,UK,2026-05-20,adzuna
.net desktop developer,dotnet_desktop,Senior,5+ років,6350.0,8467.0,UK,2026-05-20,adzuna
.net desktop developer,dotnet_desktop,Middle,2-3 роки,4445.0,6879.0,UK,2026-05-20,adzuna
.net desktop developer,dotnet_desktop,Senior,5+ років,6350.0,8467.0,UK,2026-05-20,adzuna
.net desktop developer,dotnet_desktop,Middle,2-3 роки,4445.0,6879.0,UK,2026-05-20,adzuna
.net desktop developer,dotnet_desktop,Senior,5+ років,6350.0,8467.0,UK,2026-05-20,adzuna
.net desktop developer,dotnet_desktop,Middle,2-3 роки,4445.0,6879.0,UK,2026-05-20,adzuna
.net desktop developer,dotnet_desktop,Senior,5+ років,6350.0,8467.0,UK,2026-05-20,adzuna
.net mobile developer,dotnet_mobile,Middle,2-3 роки,4836.0,5675.0,UK,2026-05-20,adzuna
.net mobile developer,dotnet_mobile,Senior,5+ років,4999.0,6350.0,UK,2026-05-20,adzuna
.net mobile developer,dotnet_mobile,Middle,2-3 роки,4836.0,5675.0,UK,2026-05-20,adzuna
.net mobile developer,dotnet_mobile,Senior,5+ років,4999.0,6350.0,UK,2026-05-20,adzuna
.net mobile developer,dotnet_mobile,Middle,2-3 роки,4836.0,5675.0,UK,2026-05-20,adzuna
.net mobile developer,dotnet_mobile,Senior,5+ років,4999.0,6350.0,UK,2026-05-20,adzuna
.net mobile developer,dotnet_mobile,Middle,2-3 роки,4836.0,5675.0,UK,2026-05-20,adzuna
.net mobile developer,dotnet_mobile,Senior,5+ років,4999.0,6350.0,UK,2026-05-20,adzuna
.net mobile developer,dotnet_mobile,Middle,2-3 роки,4836.0,5675.0,UK,2026-05-20,adzuna
.net mobile developer,dotnet_mobile,Senior,5+ років,4999.0,6350.0,UK,2026-05-20,adzuna
asp.net web developer,dotnet_web,Middle,2-3 роки,8096.0,9049.0,UK,2026-05-20,adzuna
asp.net web developer,dotnet_web,Senior,5+ років,8096.0,8705.0,UK,2026-05-20,adzuna
asp.net web developer,dotnet_web,Middle,2-3 роки,8096.0,9049.0,UK,2026-05-20,adzuna
asp.net web developer,dotnet_web,Senior,5+ років,8096.0,8705.0,UK,2026-05-20,adzuna
asp.net web developer,dotnet_web,Middle,2-3 роки,8096.0,9049.0,UK,2026-05-20,adzuna
asp.net web developer,dotnet_web,Senior,5+ років,8096.0,8705.0,UK,2026-05-20,adzuna
asp.net web developer,dotnet_web,Middle,2-3 роки,8096.0,9049.0,UK,2026-05-20,adzuna
asp.net web developer,dotnet_web,Senior,5+ років,8096.0,8705.0,UK,2026-05-20,adzuna
asp.net web developer,dotnet_web,Middle,2-3 роки,8096.0,9049.0,UK,2026-05-20,adzuna
asp.net web developer,dotnet_web,Senior,5+ років,8096.0,8705.0,UK,2026-05-20,adzuna
drupal developer,drupal,Middle,2-3 роки,,,UK,2026-05-20,adzuna
drupal developer,drupal,Senior,5+ років,,,UK,2026-05-20,adzuna
drupal developer,drupal,Middle,2-3 роки,,,UK,2026-05-20,adzuna
drupal developer,drupal,Senior,5+ років,,,UK,2026-05-20,adzuna
drupal developer,drupal,Middle,2-3 роки,,,UK,2026-05-20,adzuna
drupal developer,drupal,Senior,5+ років,,,UK,2026-05-20,adzuna
drupal developer,drupal,Middle,2-3 роки,,,UK,2026-05-20,adzuna
drupal developer,drupal,Senior,5+ років,,,UK,2026-05-20,adzuna
drupal developer,drupal,Middle,2-3 роки,,,UK,2026-05-20,adzuna
drupal developer,drupal,Senior,5+ років,,,UK,2026-05-20,adzuna
elixir developer,elixir,Middle,2-3 роки,,,UK,2026-05-20,adzuna
elixir developer,elixir,Senior,5+ років,,,UK,2026-05-20,adzuna
elixir developer,elixir,Middle,2-3 роки,,,UK,2026-05-20,adzuna
elixir developer,elixir,Senior,5+ років,,,UK,2026-05-20,adzuna
elixir developer,elixir,Middle,2-3 роки,,,UK,2026-05-20,adzuna
elixir developer,elixir,Senior,5+ років,,,UK,2026-05-20,adzuna
elixir developer,elixir,Middle,2-3 роки,,,UK,2026-05-20,adzuna
elixir developer,elixir,Senior,5+ років,,,UK,2026-05-20,adzuna
elixir developer,elixir,Middle,2-3 роки,,,UK,2026-05-20,adzuna
elixir developer,elixir,Senior,5+ років,,,UK,2026-05-20,adzuna
embedded software engineer,embedded,Middle,2-3 роки,5292.0,6144.0,UK,2026-05-20,adzuna
embedded software engineer,embedded,Senior,5+ років,5683.0,6350.0,UK,2026-05-20,adzuna
embedded software engineer,embedded,Middle,2-3 роки,5292.0,6144.0,UK,2026-05-20,adzuna
embedded software engineer,embedded,Senior,5+ років,5683.0,6350.0,UK,2026-05-20,adzuna
embedded software engineer,embedded,Middle,2-3 роки,5292.0,6144.0,UK,2026-05-20,adzuna
embedded software engineer,embedded,Senior,5+ років,5683.0,6350.0,UK,2026-05-20,adzuna
embedded software engineer,embedded,Middle,2-3 роки,5292.0,6144.0,UK,2026-05-20,adzuna
embedded software engineer,embedded,Senior,5+ років,5683.0,6350.0,UK,2026-05-20,adzuna
embedded software engineer,embedded,Middle,2-3 роки,5292.0,6144.0,UK,2026-05-20,adzuna
embedded software engineer,embedded,Senior,5+ років,5683.0,6350.0,UK,2026-05-20,adzuna
software engineering manager,engineering_manager,Middle,2-3 роки,7569.0,7783.0,UK,2026-05-20,adzuna
software engineering manager,engineering_manager,Senior,5+ років,7419.0,7605.0,UK,2026-05-20,adzuna
software engineering manager,engineering_manager,Middle,2-3 роки,7569.0,7783.0,UK,2026-05-20,adzuna
software engineering manager,engineering_manager,Senior,5+ років,7419.0,7605.0,UK,2026-05-20,adzuna
software engineering manager,engineering_manager,Middle,2-3 роки,7569.0,7783.0,UK,2026-05-20,adzuna
software engineering manager,engineering_manager,Senior,5+ років,7419.0,7605.0,UK,2026-05-20,adzuna
software engineering manager,engineering_manager,Middle,2-3 роки,7569.0,7783.0,UK,2026-05-20,adzuna
software engineering manager,engineering_manager,Senior,5+ років,7419.0,7605.0,UK,2026-05-20,adzuna
software engineering manager,engineering_manager,Middle,2-3 роки,7569.0,7783.0,UK,2026-05-20,adzuna
software engineering manager,engineering_manager,Senior,5+ років,7419.0,7605.0,UK,2026-05-20,adzuna
erp developer,erp_systems,Middle,2-3 роки,5230.0,6041.0,UK,2026-05-20,adzuna
erp developer,erp_systems,Senior,5+ років,5304.0,6350.0,UK,2026-05-20,adzuna
erp developer,erp_systems,Middle,2-3 роки,5230.0,6041.0,UK,2026-05-20,adzuna
erp developer,erp_systems,Senior,5+ років,5304.0,6350.0,UK,2026-05-20,adzuna
erp developer,erp_systems,Middle,2-3 роки,5230.0,6041.0,UK,2026-05-20,adzuna
erp developer,erp_systems,Senior,5+ років,5304.0,6350.0,UK,2026-05-20,adzuna
erp developer,erp_systems,Middle,2-3 роки,5230.0,6041.0,UK,2026-05-20,adzuna
erp developer,erp_systems,Senior,5+ років,5304.0,6350.0,UK,2026-05-20,adzuna
erp developer,erp_systems,Middle,2-3 роки,5230.0,6041.0,UK,2026-05-20,adzuna
erp developer,erp_systems,Senior,5+ років,5304.0,6350.0,UK,2026-05-20,adzuna
finance manager,finance_manager,Middle,2-3 роки,5689.0,5689.0,UK,2026-05-20,adzuna
finance manager,finance_manager,Senior,5+ років,5689.0,5689.0,UK,2026-05-20,adzuna
finance manager,finance_manager,Middle,2-3 роки,5689.0,5689.0,UK,2026-05-20,adzuna
finance manager,finance_manager,Senior,5+ років,5689.0,5689.0,UK,2026-05-20,adzuna
finance manager,finance_manager,Middle,2-3 роки,5689.0,5689.0,UK,2026-05-20,adzuna
finance manager,finance_manager,Senior,5+ років,5689.0,5689.0,UK,2026-05-20,adzuna
finance manager,finance_manager,Middle,2-3 роки,5689.0,5689.0,UK,2026-05-20,adzuna
finance manager,finance_manager,Senior,5+ років,5689.0,5689.0,UK,2026-05-20,adzuna
finance manager,finance_manager,Middle,2-3 роки,5689.0,5689.0,UK,2026-05-20,adzuna
finance manager,finance_manager,Senior,5+ років,5689.0,5689.0,UK,2026-05-20,adzuna
financial analyst,finances,Middle,2-3 роки,4762.0,4762.0,UK,2026-05-20,adzuna
financial analyst,finances,Senior,5+ років,5289.0,5289.0,UK,2026-05-20,adzuna
financial analyst,finances,Middle,2-3 роки,4762.0,4762.0,UK,2026-05-20,adzuna
financial analyst,finances,Senior,5+ років,5289.0,5289.0,UK,2026-05-20,adzuna
financial analyst,finances,Middle,2-3 роки,4762.0,4762.0,UK,2026-05-20,adzuna
financial analyst,finances,Senior,5+ років,5289.0,5289.0,UK,2026-05-20,adzuna
financial analyst,finances,Middle,2-3 роки,4762.0,4762.0,UK,2026-05-20,adzuna
financial analyst,finances,Senior,5+ років,5289.0,5289.0,UK,2026-05-20,adzuna
financial analyst,finances,Middle,2-3 роки,4762.0,4762.0,UK,2026-05-20,adzuna
financial analyst,finances,Senior,5+ років,5289.0,5289.0,UK,2026-05-20,adzuna
financial analyst,financial_analyst,Middle,2-3 роки,4762.0,4762.0,UK,2026-05-20,adzuna
financial analyst,financial_analyst,Senior,5+ років,5289.0,5289.0,UK,2026-05-20,adzuna
financial analyst,financial_analyst,Middle,2-3 роки,4762.0,4762.0,UK,2026-05-20,adzuna
financial analyst,financial_analyst,Senior,5+ років,5289.0,5289.0,UK,2026-05-20,adzuna
financial analyst,financial_analyst,Middle,2-3 роки,4762.0,4762.0,UK,2026-05-20,adzuna
financial analyst,financial_analyst,Senior,5+ років,5289.0,5289.0,UK,2026-05-20,adzuna
financial analyst,financial_analyst,Middle,2-3 роки,4762.0,4762.0,UK,2026-05-20,adzuna
financial analyst,financial_analyst,Senior,5+ років,5289.0,5289.0,UK,2026-05-20,adzuna
financial analyst,financial_analyst,Middle,2-3 роки,4762.0,4762.0,UK,2026-05-20,adzuna
financial analyst,financial_analyst,Senior,5+ років,5289.0,5289.0,UK,2026-05-20,adzuna
flutter developer,flutter,Middle,2-3 роки,5292.0,5292.0,UK,2026-05-20,adzuna
flutter developer,flutter,Senior,5+ років,5292.0,5387.0,UK,2026-05-20,adzuna
flutter developer,flutter,Middle,2-3 роки,5292.0,5292.0,UK,2026-05-20,adzuna
flutter developer,flutter,Senior,5+ років,5292.0,5387.0,UK,2026-05-20,adzuna
flutter developer,flutter,Middle,2-3 роки,5292.0,5292.0,UK,2026-05-20,adzuna
flutter developer,flutter,Senior,5+ років,5292.0,5387.0,UK,2026-05-20,adzuna
flutter developer,flutter,Middle,2-3 роки,5292.0,5292.0,UK,2026-05-20,adzuna
flutter developer,flutter,Senior,5+ років,5292.0,5387.0,UK,2026-05-20,adzuna
flutter developer,flutter,Middle,2-3 роки,5292.0,5292.0,UK,2026-05-20,adzuna
flutter developer,flutter,Senior,5+ років,5292.0,5387.0,UK,2026-05-20,adzuna
fullstack developer,fullstack,Middle,2-3 роки,5502.0,5821.0,UK,2026-05-20,adzuna
fullstack developer,fullstack,Senior,5+ років,7129.0,7309.0,UK,2026-05-20,adzuna
fullstack developer,fullstack,Middle,2-3 роки,5502.0,5821.0,UK,2026-05-20,adzuna
fullstack developer,fullstack,Senior,5+ років,7129.0,7309.0,UK,2026-05-20,adzuna
fullstack developer,fullstack,Middle,2-3 роки,5502.0,5821.0,UK,2026-05-20,adzuna
fullstack developer,fullstack,Senior,5+ років,7129.0,7309.0,UK,2026-05-20,adzuna
fullstack developer,fullstack,Middle,2-3 роки,5502.0,5821.0,UK,2026-05-20,adzuna
fullstack developer,fullstack,Senior,5+ років,7129.0,7309.0,UK,2026-05-20,adzuna
fullstack developer,fullstack,Middle,2-3 роки,5502.0,5821.0,UK,2026-05-20,adzuna
fullstack developer,fullstack,Senior,5+ років,7129.0,7309.0,UK,2026-05-20,adzuna
game designer,game_design,Middle,2-3 роки,4558.0,4594.0,UK,2026-05-20,adzuna
game designer,game_design,Senior,5+ років,4628.0,4720.0,UK,2026-05-20,adzuna
game designer,game_design,Middle,2-3 роки,4558.0,4594.0,UK,2026-05-20,adzuna
game designer,game_design,Senior,5+ років,4628.0,4720.0,UK,2026-05-20,adzuna
game designer,game_design,Middle,2-3 роки,4558.0,4594.0,UK,2026-05-20,adzuna
game designer,game_design,Senior,5+ років,4628.0,4720.0,UK,2026-05-20,adzuna
game designer,game_design,Middle,2-3 роки,4558.0,4594.0,UK,2026-05-20,adzuna
game designer,game_design,Senior,5+ років,4628.0,4720.0,UK,2026-05-20,adzuna
game designer,game_design,Middle,2-3 роки,4558.0,4594.0,UK,2026-05-20,adzuna
game designer,game_design,Senior,5+ років,4628.0,4720.0,UK,2026-05-20,adzuna
game developer,game_developer,Middle,2-3 роки,4053.0,4215.0,UK,2026-05-20,adzuna
game developer,game_developer,Senior,5+ років,4010.0,4138.0,UK,2026-05-20,adzuna
game developer,game_developer,Middle,2-3 роки,4053.0,4215.0,UK,2026-05-20,adzuna
game developer,game_developer,Senior,5+ років,4010.0,4138.0,UK,2026-05-20,adzuna
game developer,game_developer,Middle,2-3 роки,4053.0,4215.0,UK,2026-05-20,adzuna
game developer,game_developer,Senior,5+ років,4010.0,4138.0,UK,2026-05-20,adzuna
game developer,game_developer,Middle,2-3 роки,4053.0,4215.0,UK,2026-05-20,adzuna
game developer,game_developer,Senior,5+ років,4010.0,4138.0,UK,2026-05-20,adzuna
game developer,game_developer,Middle,2-3 роки,4053.0,4215.0,UK,2026-05-20,adzuna
game developer,game_developer,Senior,5+ років,4010.0,4138.0,UK,2026-05-20,adzuna
unity developer,gamedev,Middle,2-3 роки,4037.0,4121.0,UK,2026-05-20,adzuna
unity developer,gamedev,Senior,5+ років,4076.0,4096.0,UK,2026-05-20,adzuna
unity developer,gamedev,Middle,2-3 роки,4037.0,4121.0,UK,2026-05-20,adzuna
unity developer,gamedev,Senior,5+ років,4076.0,4096.0,UK,2026-05-20,adzuna
unity developer,gamedev,Middle,2-3 роки,4037.0,4121.0,UK,2026-05-20,adzuna
unity developer,gamedev,Senior,5+ років,4076.0,4096.0,UK,2026-05-20,adzuna
unity developer,gamedev,Middle,2-3 роки,4037.0,4121.0,UK,2026-05-20,adzuna
unity developer,gamedev,Senior,5+ років,4076.0,4096.0,UK,2026-05-20,adzuna
unity developer,gamedev,Middle,2-3 роки,4037.0,4121.0,UK,2026-05-20,adzuna
unity developer,gamedev,Senior,5+ років,4076.0,4096.0,UK,2026-05-20,adzuna
golang developer,golang,Middle,2-3 роки,6166.0,6999.0,UK,2026-05-20,adzuna
golang developer,golang,Senior,5+ років,6350.0,7302.0,UK,2026-05-20,adzuna
golang developer,golang,Middle,2-3 роки,6166.0,6999.0,UK,2026-05-20,adzuna
golang developer,golang,Senior,5+ років,6350.0,7302.0,UK,2026-05-20,adzuna
golang developer,golang,Middle,2-3 роки,6166.0,6999.0,UK,2026-05-20,adzuna
golang developer,golang,Senior,5+ років,6350.0,7302.0,UK,2026-05-20,adzuna
golang developer,golang,Middle,2-3 роки,6166.0,6999.0,UK,2026-05-20,adzuna
golang developer,golang,Senior,5+ років,6350.0,7302.0,UK,2026-05-20,adzuna
golang developer,golang,Middle,2-3 роки,6166.0,6999.0,UK,2026-05-20,adzuna
golang developer,golang,Senior,5+ років,6350.0,7302.0,UK,2026-05-20,adzuna
graphic designer,graphic_design,Middle,2-3 роки,3175.0,3598.0,UK,2026-05-20,adzuna
graphic designer,graphic_design,Senior,5+ років,3175.0,3598.0,UK,2026-05-20,adzuna
graphic designer,graphic_design,Middle,2-3 роки,3175.0,3598.0,UK,2026-05-20,adzuna
graphic designer,graphic_design,Senior,5+ років,3175.0,3598.0,UK,2026-05-20,adzuna
graphic designer,graphic_design,Middle,2-3 роки,3175.0,3598.0,UK,2026-05-20,adzuna
graphic designer,graphic_design,Senior,5+ років,3175.0,3598.0,UK,2026-05-20,adzuna
graphic designer,graphic_design,Middle,2-3 роки,3175.0,3598.0,UK,2026-05-20,adzuna
graphic designer,graphic_design,Senior,5+ років,3175.0,3598.0,UK,2026-05-20,adzuna
graphic designer,graphic_design,Middle,2-3 роки,3175.0,3598.0,UK,2026-05-20,adzuna
graphic designer,graphic_design,Senior,5+ років,3175.0,3598.0,UK,2026-05-20,adzuna
head of software engineering,head_chief,Middle,2-3 роки,7938.0,10583.0,UK,2026-05-20,adzuna
head of software engineering,head_chief,Senior,5+ років,7918.0,8321.0,UK,2026-05-20,adzuna
head of software engineering,head_chief,Middle,2-3 роки,7938.0,10583.0,UK,2026-05-20,adzuna
head of software engineering,head_chief,Senior,5+ років,7918.0,8321.0,UK,2026-05-20,adzuna
head of software engineering,head_chief,Middle,2-3 роки,7938.0,10583.0,UK,2026-05-20,adzuna
head of software engineering,head_chief,Senior,5+ років,7918.0,8321.0,UK,2026-05-20,adzuna
head of software engineering,head_chief,Middle,2-3 роки,7938.0,10583.0,UK,2026-05-20,adzuna
head of software engineering,head_chief,Senior,5+ років,7918.0,8321.0,UK,2026-05-20,adzuna
head of software engineering,head_chief,Middle,2-3 роки,7938.0,10583.0,UK,2026-05-20,adzuna
head of software engineering,head_chief,Senior,5+ років,7918.0,8321.0,UK,2026-05-20,adzuna
hr manager,hr,Middle,2-3 роки,4762.0,4937.0,UK,2026-05-20,adzuna
hr manager,hr,Senior,5+ років,4762.0,4961.0,UK,2026-05-20,adzuna
hr manager,hr,Middle,2-3 роки,4762.0,4937.0,UK,2026-05-20,adzuna
hr manager,hr,Senior,5+ років,4762.0,4961.0,UK,2026-05-20,adzuna
hr manager,hr,Middle,2-3 роки,4762.0,4937.0,UK,2026-05-20,adzuna
hr manager,hr,Senior,5+ років,4762.0,4961.0,UK,2026-05-20,adzuna
hr manager,hr,Middle,2-3 роки,4762.0,4937.0,UK,2026-05-20,adzuna
hr manager,hr,Senior,5+ років,4762.0,4961.0,UK,2026-05-20,adzuna
hr manager,hr,Middle,2-3 роки,4762.0,4937.0,UK,2026-05-20,adzuna
hr manager,hr,Senior,5+ років,4762.0,4961.0,UK,2026-05-20,adzuna
illustrator designer,illustrator,Middle,2-3 роки,3698.0,3749.0,UK,2026-05-20,adzuna
illustrator designer,illustrator,Senior,5+ років,3755.0,3893.0,UK,2026-05-20,adzuna
illustrator designer,illustrator,Middle,2-3 роки,3698.0,3749.0,UK,2026-05-20,adzuna
illustrator designer,illustrator,Senior,5+ років,3755.0,3893.0,UK,2026-05-20,adzuna
illustrator designer,illustrator,Middle,2-3 роки,3698.0,3749.0,UK,2026-05-20,adzuna
illustrator designer,illustrator,Senior,5+ років,3755.0,3893.0,UK,2026-05-20,adzuna
illustrator designer,illustrator,Middle,2-3 роки,3698.0,3749.0,UK,2026-05-20,adzuna
illustrator designer,illustrator,Senior,5+ років,3755.0,3893.0,UK,2026-05-20,adzuna
illustrator designer,illustrator,Middle,2-3 роки,3698.0,3749.0,UK,2026-05-20,adzuna
illustrator designer,illustrator,Senior,5+ років,3755.0,3893.0,UK,2026-05-20,adzuna
information security engineer,information_security,Middle,2-3 роки,5718.0,5860.0,UK,2026-05-20,adzuna
information security engineer,information_security,Senior,5+ років,6107.0,6633.0,UK,2026-05-20,adzuna
information security engineer,information_security,Middle,2-3 роки,5718.0,5860.0,UK,2026-05-20,adzuna
information security engineer,information_security,Senior,5+ років,6107.0,6633.0,UK,2026-05-20,adzuna
information security engineer,information_security,Middle,2-3 роки,5718.0,5860.0,UK,2026-05-20,adzuna
information security engineer,information_security,Senior,5+ років,6107.0,6633.0,UK,2026-05-20,adzuna
information security engineer,information_security,Middle,2-3 роки,5718.0,5860.0,UK,2026-05-20,adzuna
information security engineer,information_security,Senior,5+ років,6107.0,6633.0,UK,2026-05-20,adzuna
information security engineer,information_security,Middle,2-3 роки,5718.0,5860.0,UK,2026-05-20,adzuna
information security engineer,information_security,Senior,5+ років,6107.0,6633.0,UK,2026-05-20,adzuna
ios developer,ios,Middle,2-3 роки,5868.0,5940.0,UK,2026-05-20,adzuna
ios developer,ios,Senior,5+ років,6302.0,6562.0,UK,2026-05-20,adzuna
ios developer,ios,Middle,2-3 роки,5868.0,5940.0,UK,2026-05-20,adzuna
ios developer,ios,Senior,5+ років,6302.0,6562.0,UK,2026-05-20,adzuna
ios developer,ios,Middle,2-3 роки,5868.0,5940.0,UK,2026-05-20,adzuna
ios developer,ios,Senior,5+ років,6302.0,6562.0,UK,2026-05-20,adzuna
ios developer,ios,Middle,2-3 роки,5868.0,5940.0,UK,2026-05-20,adzuna
ios developer,ios,Senior,5+ років,6302.0,6562.0,UK,2026-05-20,adzuna
ios developer,ios,Middle,2-3 роки,5868.0,5940.0,UK,2026-05-20,adzuna
ios developer,ios,Senior,5+ років,6302.0,6562.0,UK,2026-05-20,adzuna
java developer,java,Middle,2-3 роки,6350.0,6722.0,UK,2026-05-20,adzuna
java developer,java,Senior,5+ років,6565.0,6879.0,UK,2026-05-20,adzuna
java developer,java,Middle,2-3 роки,6350.0,6722.0,UK,2026-05-20,adzuna
java developer,java,Senior,5+ років,6565.0,6879.0,UK,2026-05-20,adzuna
java developer,java,Middle,2-3 роки,6350.0,6722.0,UK,2026-05-20,adzuna
java developer,java,Senior,5+ років,6565.0,6879.0,UK,2026-05-20,adzuna
java developer,java,Middle,2-3 роки,6350.0,6722.0,UK,2026-05-20,adzuna
java developer,java,Senior,5+ років,6565.0,6879.0,UK,2026-05-20,adzuna
java developer,java,Middle,2-3 роки,6350.0,6722.0,UK,2026-05-20,adzuna
java developer,java,Senior,5+ років,6565.0,6879.0,UK,2026-05-20,adzuna
javascript developer,javascript,Middle,2-3 роки,5292.0,5292.0,UK,2026-05-20,adzuna
javascript developer,javascript,Senior,5+ років,5299.0,5521.0,UK,2026-05-20,adzuna
javascript developer,javascript,Middle,2-3 роки,5292.0,5292.0,UK,2026-05-20,adzuna
javascript developer,javascript,Senior,5+ років,5299.0,5521.0,UK,2026-05-20,adzuna
javascript developer,javascript,Middle,2-3 роки,5292.0,5292.0,UK,2026-05-20,adzuna
javascript developer,javascript,Senior,5+ років,5299.0,5521.0,UK,2026-05-20,adzuna
javascript developer,javascript,Middle,2-3 роки,5292.0,5292.0,UK,2026-05-20,adzuna
javascript developer,javascript,Senior,5+ років,5299.0,5521.0,UK,2026-05-20,adzuna
javascript developer,javascript,Middle,2-3 роки,5292.0,5292.0,UK,2026-05-20,adzuna
javascript developer,javascript,Senior,5+ років,5299.0,5521.0,UK,2026-05-20,adzuna
kotlin developer,kotlin,Middle,2-3 роки,6748.0,7272.0,UK,2026-05-20,adzuna
kotlin developer,kotlin,Senior,5+ років,7078.0,7239.0,UK,2026-05-20,adzuna
kotlin developer,kotlin,Middle,2-3 роки,6748.0,7272.0,UK,2026-05-20,adzuna
kotlin developer,kotlin,Senior,5+ років,7078.0,7239.0,UK,2026-05-20,adzuna
kotlin developer,kotlin,Middle,2-3 роки,6748.0,7272.0,UK,2026-05-20,adzuna
kotlin developer,kotlin,Senior,5+ років,7078.0,7239.0,UK,2026-05-20,adzuna
kotlin developer,kotlin,Middle,2-3 роки,6748.0,7272.0,UK,2026-05-20,adzuna
kotlin developer,kotlin,Senior,5+ років,7078.0,7239.0,UK,2026-05-20,adzuna
kotlin developer,kotlin,Middle,2-3 роки,6748.0,7272.0,UK,2026-05-20,adzuna
kotlin developer,kotlin,Senior,5+ років,7078.0,7239.0,UK,2026-05-20,adzuna
laravel developer,laravel,Middle,2-3 роки,4445.0,5292.0,UK,2026-05-20,adzuna
laravel developer,laravel,Senior,5+ років,5292.0,5503.0,UK,2026-05-20,adzuna
laravel developer,laravel,Middle,2-3 роки,4445.0,5292.0,UK,2026-05-20,adzuna
laravel developer,laravel,Senior,5+ років,5292.0,5503.0,UK,2026-05-20,adzuna
laravel developer,laravel,Middle,2-3 роки,4445.0,5292.0,UK,2026-05-20,adzuna
laravel developer,laravel,Senior,5+ років,5292.0,5503.0,UK,2026-05-20,adzuna
laravel developer,laravel,Middle,2-3 роки,4445.0,5292.0,UK,2026-05-20,adzuna
laravel developer,laravel,Senior,5+ років,5292.0,5503.0,UK,2026-05-20,adzuna
laravel developer,laravel,Middle,2-3 роки,4445.0,5292.0,UK,2026-05-20,adzuna
laravel developer,laravel,Senior,5+ років,5292.0,5503.0,UK,2026-05-20,adzuna
tech lead,lead,Middle,2-3 роки,,,UK,2026-05-20,adzuna
tech lead,lead,Senior,5+ років,7259.0,7402.0,UK,2026-05-20,adzuna
tech lead,lead,Middle,2-3 роки,,,UK,2026-05-20,adzuna
tech lead,lead,Senior,5+ років,7259.0,7402.0,UK,2026-05-20,adzuna
tech lead,lead,Middle,2-3 роки,,,UK,2026-05-20,adzuna
tech lead,lead,Senior,5+ років,7259.0,7402.0,UK,2026-05-20,adzuna
tech lead,lead,Middle,2-3 роки,,,UK,2026-05-20,adzuna
tech lead,lead,Senior,5+ років,7259.0,7402.0,UK,2026-05-20,adzuna
tech lead,lead,Middle,2-3 роки,,,UK,2026-05-20,adzuna
tech lead,lead,Senior,5+ років,7259.0,7402.0,UK,2026-05-20,adzuna
lead generation manager,lead_generation,Middle,2-3 роки,4233.0,4649.0,UK,2026-05-20,adzuna
lead generation manager,lead_generation,Senior,5+ років,4310.0,4762.0,UK,2026-05-20,adzuna
lead generation manager,lead_generation,Middle,2-3 роки,4233.0,4649.0,UK,2026-05-20,adzuna
lead generation manager,lead_generation,Senior,5+ років,4310.0,4762.0,UK,2026-05-20,adzuna
lead generation manager,lead_generation,Middle,2-3 роки,4233.0,4649.0,UK,2026-05-20,adzuna
lead generation manager,lead_generation,Senior,5+ років,4310.0,4762.0,UK,2026-05-20,adzuna
lead generation manager,lead_generation,Middle,2-3 роки,4233.0,4649.0,UK,2026-05-20,adzuna
lead generation manager,lead_generation,Senior,5+ років,4310.0,4762.0,UK,2026-05-20,adzuna
lead generation manager,lead_generation,Middle,2-3 роки,4233.0,4649.0,UK,2026-05-20,adzuna
lead generation manager,lead_generation,Senior,5+ років,4310.0,4762.0,UK,2026-05-20,adzuna
magento developer,magento,Middle,2-3 роки,,,UK,2026-05-20,adzuna
magento developer,magento,Senior,5+ років,,,UK,2026-05-20,adzuna
magento developer,magento,Middle,2-3 роки,,,UK,2026-05-20,adzuna
magento developer,magento,Senior,5+ років,,,UK,2026-05-20,adzuna
magento developer,magento,Middle,2-3 роки,,,UK,2026-05-20,adzuna
magento developer,magento,Senior,5+ років,,,UK,2026-05-20,adzuna
magento developer,magento,Middle,2-3 роки,,,UK,2026-05-20,adzuna
magento developer,magento,Senior,5+ років,,,UK,2026-05-20,adzuna
magento developer,magento,Middle,2-3 роки,,,UK,2026-05-20,adzuna
magento developer,magento,Senior,5+ років,,,UK,2026-05-20,adzuna
marketing manager,marketing,Middle,2-3 роки,5191.0,5191.0,UK,2026-05-20,adzuna
marketing manager,marketing,Senior,5+ років,5214.0,5214.0,UK,2026-05-20,adzuna
marketing manager,marketing,Middle,2-3 роки,5191.0,5191.0,UK,2026-05-20,adzuna
marketing manager,marketing,Senior,5+ років,5214.0,5214.0,UK,2026-05-20,adzuna
marketing manager,marketing,Middle,2-3 роки,5191.0,5191.0,UK,2026-05-20,adzuna
marketing manager,marketing,Senior,5+ років,5214.0,5214.0,UK,2026-05-20,adzuna
marketing manager,marketing,Middle,2-3 роки,5191.0,5191.0,UK,2026-05-20,adzuna
marketing manager,marketing,Senior,5+ років,5214.0,5214.0,UK,2026-05-20,adzuna
marketing manager,marketing,Middle,2-3 роки,5191.0,5191.0,UK,2026-05-20,adzuna
marketing manager,marketing,Senior,5+ років,5214.0,5214.0,UK,2026-05-20,adzuna
marketing analyst,marketing_analyst,Middle,2-3 роки,4595.0,4832.0,UK,2026-05-20,adzuna
marketing analyst,marketing_analyst,Senior,5+ років,5147.0,5292.0,UK,2026-05-20,adzuna
marketing analyst,marketing_analyst,Middle,2-3 роки,4595.0,4832.0,UK,2026-05-20,adzuna
marketing analyst,marketing_analyst,Senior,5+ років,5147.0,5292.0,UK,2026-05-20,adzuna
marketing analyst,marketing_analyst,Middle,2-3 роки,4595.0,4832.0,UK,2026-05-20,adzuna
marketing analyst,marketing_analyst,Senior,5+ років,5147.0,5292.0,UK,2026-05-20,adzuna
marketing analyst,marketing_analyst,Middle,2-3 роки,4595.0,4832.0,UK,2026-05-20,adzuna
marketing analyst,marketing_analyst,Senior,5+ років,5147.0,5292.0,UK,2026-05-20,adzuna
marketing analyst,marketing_analyst,Middle,2-3 роки,4595.0,4832.0,UK,2026-05-20,adzuna
marketing analyst,marketing_analyst,Senior,5+ років,5147.0,5292.0,UK,2026-05-20,adzuna
.net maui developer,maui,Middle,2-3 роки,4836.0,4881.0,UK,2026-05-20,adzuna
.net maui developer,maui,Senior,5+ років,4836.0,4881.0,UK,2026-05-20,adzuna
.net maui developer,maui,Middle,2-3 роки,4836.0,4881.0,UK,2026-05-20,adzuna
.net maui developer,maui,Senior,5+ років,4836.0,4881.0,UK,2026-05-20,adzuna
.net maui developer,maui,Middle,2-3 роки,4836.0,4881.0,UK,2026-05-20,adzuna
.net maui developer,maui,Senior,5+ років,4836.0,4881.0,UK,2026-05-20,adzuna
.net maui developer,maui,Middle,2-3 роки,4836.0,4881.0,UK,2026-05-20,adzuna
.net maui developer,maui,Senior,5+ років,4836.0,4881.0,UK,2026-05-20,adzuna
.net maui developer,maui,Middle,2-3 роки,4836.0,4881.0,UK,2026-05-20,adzuna
.net maui developer,maui,Senior,5+ років,4836.0,4881.0,UK,2026-05-20,adzuna
media buyer,media_buying,Middle,2-3 роки,4503.0,5292.0,UK,2026-05-20,adzuna
media buyer,media_buying,Senior,5+ років,4621.0,5244.0,UK,2026-05-20,adzuna
media buyer,media_buying,Middle,2-3 роки,4503.0,5292.0,UK,2026-05-20,adzuna
media buyer,media_buying,Senior,5+ років,4621.0,5244.0,UK,2026-05-20,adzuna
media buyer,media_buying,Middle,2-3 роки,4503.0,5292.0,UK,2026-05-20,adzuna
media buyer,media_buying,Senior,5+ років,4621.0,5244.0,UK,2026-05-20,adzuna
media buyer,media_buying,Middle,2-3 роки,4503.0,5292.0,UK,2026-05-20,adzuna
media buyer,media_buying,Senior,5+ років,4621.0,5244.0,UK,2026-05-20,adzuna
media buyer,media_buying,Middle,2-3 роки,4503.0,5292.0,UK,2026-05-20,adzuna
media buyer,media_buying,Senior,5+ років,4621.0,5244.0,UK,2026-05-20,adzuna
machine learning engineer,ml_ai,Middle,2-3 роки,6703.0,6783.0,UK,2026-05-20,adzuna
machine learning engineer,ml_ai,Senior,5+ років,6817.0,6865.0,UK,2026-05-20,adzuna
machine learning engineer,ml_ai,Middle,2-3 роки,6703.0,6783.0,UK,2026-05-20,adzuna
machine learning engineer,ml_ai,Senior,5+ років,6817.0,6865.0,UK,2026-05-20,adzuna
machine learning engineer,ml_ai,Middle,2-3 роки,6703.0,6783.0,UK,2026-05-20,adzuna
machine learning engineer,ml_ai,Senior,5+ років,6817.0,6865.0,UK,2026-05-20,adzuna
machine learning engineer,ml_ai,Middle,2-3 роки,6703.0,6783.0,UK,2026-05-20,adzuna
machine learning engineer,ml_ai,Senior,5+ років,6817.0,6865.0,UK,2026-05-20,adzuna
machine learning engineer,ml_ai,Middle,2-3 роки,6703.0,6783.0,UK,2026-05-20,adzuna
machine learning engineer,ml_ai,Senior,5+ років,6817.0,6865.0,UK,2026-05-20,adzuna
motion designer,motion_design,Middle,2-3 роки,4593.0,4649.0,UK,2026-05-20,adzuna
motion designer,motion_design,Senior,5+ років,4720.0,4762.0,UK,2026-05-20,adzuna
motion designer,motion_design,Middle,2-3 роки,4593.0,4649.0,UK,2026-05-20,adzuna
motion designer,motion_design,Senior,5+ років,4720.0,4762.0,UK,2026-05-20,adzuna
motion designer,motion_design,Middle,2-3 роки,4593.0,4649.0,UK,2026-05-20,adzuna
motion designer,motion_design,Senior,5+ років,4720.0,4762.0,UK,2026-05-20,adzuna
motion designer,motion_design,Middle,2-3 роки,4593.0,4649.0,UK,2026-05-20,adzuna
motion designer,motion_design,Senior,5+ років,4720.0,4762.0,UK,2026-05-20,adzuna
motion designer,motion_design,Middle,2-3 роки,4593.0,4649.0,UK,2026-05-20,adzuna
motion designer,motion_design,Senior,5+ років,4720.0,4762.0,UK,2026-05-20,adzuna
microsoft dynamics developer,ms_dynamics,Middle,2-3 роки,6220.0,6716.0,UK,2026-05-20,adzuna
microsoft dynamics developer,ms_dynamics,Senior,5+ років,6220.0,6617.0,UK,2026-05-20,adzuna
microsoft dynamics developer,ms_dynamics,Middle,2-3 роки,6220.0,6716.0,UK,2026-05-20,adzuna
microsoft dynamics developer,ms_dynamics,Senior,5+ років,6220.0,6617.0,UK,2026-05-20,adzuna
microsoft dynamics developer,ms_dynamics,Middle,2-3 роки,6220.0,6716.0,UK,2026-05-20,adzuna
microsoft dynamics developer,ms_dynamics,Senior,5+ років,6220.0,6617.0,UK,2026-05-20,adzuna
microsoft dynamics developer,ms_dynamics,Middle,2-3 роки,6220.0,6716.0,UK,2026-05-20,adzuna
microsoft dynamics developer,ms_dynamics,Senior,5+ років,6220.0,6617.0,UK,2026-05-20,adzuna
microsoft dynamics developer,ms_dynamics,Middle,2-3 роки,6220.0,6716.0,UK,2026-05-20,adzuna
microsoft dynamics developer,ms_dynamics,Senior,5+ років,6220.0,6617.0,UK,2026-05-20,adzuna
no code developer,nocode,Middle,2-3 роки,5496.0,5704.0,UK,2026-05-20,adzuna
no code developer,nocode,Senior,5+ років,5623.0,5821.0,UK,2026-05-20,adzuna
no code developer,nocode,Middle,2-3 роки,5496.0,5704.0,UK,2026-05-20,adzuna
no code developer,nocode,Senior,5+ років,5623.0,5821.0,UK,2026-05-20,adzuna
no code developer,nocode,Middle,2-3 роки,5496.0,5704.0,UK,2026-05-20,adzuna
no code developer,nocode,Senior,5+ років,5623.0,5821.0,UK,2026-05-20,adzuna
no code developer,nocode,Middle,2-3 роки,5496.0,5704.0,UK,2026-05-20,adzuna
no code developer,nocode,Senior,5+ років,5623.0,5821.0,UK,2026-05-20,adzuna
no code developer,nocode,Middle,2-3 роки,5496.0,5704.0,UK,2026-05-20,adzuna
no code developer,nocode,Senior,5+ років,5623.0,5821.0,UK,2026-05-20,adzuna
node.js developer,node_js,Middle,2-3 роки,6196.0,6865.0,UK,2026-05-20,adzuna
node.js developer,node_js,Senior,5+ років,6872.0,6922.0,UK,2026-05-20,adzuna
node.js developer,node_js,Middle,2-3 роки,6196.0,6865.0,UK,2026-05-20,adzuna
node.js developer,node_js,Senior,5+ років,6872.0,6922.0,UK,2026-05-20,adzuna
node.js developer,node_js,Middle,2-3 роки,6196.0,6865.0,UK,2026-05-20,adzuna
node.js developer,node_js,Senior,5+ років,6872.0,6922.0,UK,2026-05-20,adzuna
node.js developer,node_js,Middle,2-3 роки,6196.0,6865.0,UK,2026-05-20,adzuna
node.js developer,node_js,Senior,5+ років,6872.0,6922.0,UK,2026-05-20,adzuna
node.js developer,node_js,Middle,2-3 роки,6196.0,6865.0,UK,2026-05-20,adzuna
node.js developer,node_js,Senior,5+ років,6872.0,6922.0,UK,2026-05-20,adzuna
odoo developer,odoo,Middle,2-3 роки,,,UK,2026-05-20,adzuna
odoo developer,odoo,Senior,5+ років,,,UK,2026-05-20,adzuna
odoo developer,odoo,Middle,2-3 роки,,,UK,2026-05-20,adzuna
odoo developer,odoo,Senior,5+ років,,,UK,2026-05-20,adzuna
odoo developer,odoo,Middle,2-3 роки,,,UK,2026-05-20,adzuna
odoo developer,odoo,Senior,5+ років,,,UK,2026-05-20,adzuna
odoo developer,odoo,Middle,2-3 роки,,,UK,2026-05-20,adzuna
odoo developer,odoo,Senior,5+ років,,,UK,2026-05-20,adzuna
odoo developer,odoo,Middle,2-3 роки,,,UK,2026-05-20,adzuna
odoo developer,odoo,Senior,5+ років,,,UK,2026-05-20,adzuna
penetration tester,penetration_tester,Middle,2-3 роки,4978.0,5292.0,UK,2026-05-20,adzuna
penetration tester,penetration_tester,Senior,5+ років,5916.0,6166.0,UK,2026-05-20,adzuna
penetration tester,penetration_tester,Middle,2-3 роки,4978.0,5292.0,UK,2026-05-20,adzuna
penetration tester,penetration_tester,Senior,5+ років,5916.0,6166.0,UK,2026-05-20,adzuna
penetration tester,penetration_tester,Middle,2-3 роки,4978.0,5292.0,UK,2026-05-20,adzuna
penetration tester,penetration_tester,Senior,5+ років,5916.0,6166.0,UK,2026-05-20,adzuna
penetration tester,penetration_tester,Middle,2-3 роки,4978.0,5292.0,UK,2026-05-20,adzuna
penetration tester,penetration_tester,Senior,5+ років,5916.0,6166.0,UK,2026-05-20,adzuna
penetration tester,penetration_tester,Middle,2-3 роки,4978.0,5292.0,UK,2026-05-20,adzuna
penetration tester,penetration_tester,Senior,5+ років,5916.0,6166.0,UK,2026-05-20,adzuna
php developer,php,Middle,2-3 роки,4233.0,4762.0,UK,2026-05-20,adzuna
php developer,php,Senior,5+ років,5292.0,6350.0,UK,2026-05-20,adzuna
php developer,php,Middle,2-3 роки,4233.0,4762.0,UK,2026-05-20,adzuna
php developer,php,Senior,5+ років,5292.0,6350.0,UK,2026-05-20,adzuna
php developer,php,Middle,2-3 роки,4233.0,4762.0,UK,2026-05-20,adzuna
php developer,php,Senior,5+ років,5292.0,6350.0,UK,2026-05-20,adzuna
php developer,php,Middle,2-3 роки,4233.0,4762.0,UK,2026-05-20,adzuna
php developer,php,Senior,5+ років,5292.0,6350.0,UK,2026-05-20,adzuna
php developer,php,Middle,2-3 роки,4233.0,4762.0,UK,2026-05-20,adzuna
php developer,php,Senior,5+ років,5292.0,6350.0,UK,2026-05-20,adzuna
ppc specialist,ppc,Middle,2-3 роки,4022.0,4625.0,UK,2026-05-20,adzuna
ppc specialist,ppc,Senior,5+ років,4022.0,4694.0,UK,2026-05-20,adzuna
ppc specialist,ppc,Middle,2-3 роки,4022.0,4625.0,UK,2026-05-20,adzuna
ppc specialist,ppc,Senior,5+ років,4022.0,4694.0,UK,2026-05-20,adzuna
ppc specialist,ppc,Middle,2-3 роки,4022.0,4625.0,UK,2026-05-20,adzuna
ppc specialist,ppc,Senior,5+ років,4022.0,4694.0,UK,2026-05-20,adzuna
ppc specialist,ppc,Middle,2-3 роки,4022.0,4625.0,UK,2026-05-20,adzuna
ppc specialist,ppc,Senior,5+ років,4022.0,4694.0,UK,2026-05-20,adzuna
ppc specialist,ppc,Middle,2-3 роки,4022.0,4625.0,UK,2026-05-20,adzuna
ppc specialist,ppc,Senior,5+ років,4022.0,4694.0,UK,2026-05-20,adzuna
pr manager,pr_manager,Middle,2-3 роки,3926.0,4291.0,UK,2026-05-20,adzuna
pr manager,pr_manager,Senior,5+ років,4115.0,4362.0,UK,2026-05-20,adzuna
pr manager,pr_manager,Middle,2-3 роки,3926.0,4291.0,UK,2026-05-20,adzuna
pr manager,pr_manager,Senior,5+ років,4115.0,4362.0,UK,2026-05-20,adzuna
pr manager,pr_manager,Middle,2-3 роки,3926.0,4291.0,UK,2026-05-20,adzuna
pr manager,pr_manager,Senior,5+ років,4115.0,4362.0,UK,2026-05-20,adzuna
pr manager,pr_manager,Middle,2-3 роки,3926.0,4291.0,UK,2026-05-20,adzuna
pr manager,pr_manager,Senior,5+ років,4115.0,4362.0,UK,2026-05-20,adzuna
pr manager,pr_manager,Middle,2-3 роки,3926.0,4291.0,UK,2026-05-20,adzuna
pr manager,pr_manager,Senior,5+ років,4115.0,4362.0,UK,2026-05-20,adzuna
product designer,product_design,Middle,2-3 роки,4980.0,5466.0,UK,2026-05-20,adzuna
product designer,product_design,Senior,5+ років,5292.0,5487.0,UK,2026-05-20,adzuna
product designer,product_design,Middle,2-3 роки,4980.0,5466.0,UK,2026-05-20,adzuna
product designer,product_design,Senior,5+ років,5292.0,5487.0,UK,2026-05-20,adzuna
product designer,product_design,Middle,2-3 роки,4980.0,5466.0,UK,2026-05-20,adzuna
product designer,product_design,Senior,5+ років,5292.0,5487.0,UK,2026-05-20,adzuna
product designer,product_design,Middle,2-3 роки,4980.0,5466.0,UK,2026-05-20,adzuna
product designer,product_design,Senior,5+ років,5292.0,5487.0,UK,2026-05-20,adzuna
product designer,product_design,Middle,2-3 роки,4980.0,5466.0,UK,2026-05-20,adzuna
product designer,product_design,Senior,5+ років,5292.0,5487.0,UK,2026-05-20,adzuna
product manager,product_manager,Middle,2-3 роки,6311.0,6350.0,UK,2026-05-20,adzuna
product manager,product_manager,Senior,5+ років,6350.0,6488.0,UK,2026-05-20,adzuna
product manager,product_manager,Middle,2-3 роки,6311.0,6350.0,UK,2026-05-20,adzuna
product manager,product_manager,Senior,5+ років,6350.0,6488.0,UK,2026-05-20,adzuna
product manager,product_manager,Middle,2-3 роки,6311.0,6350.0,UK,2026-05-20,adzuna
product manager,product_manager,Senior,5+ років,6350.0,6488.0,UK,2026-05-20,adzuna
product manager,product_manager,Middle,2-3 роки,6311.0,6350.0,UK,2026-05-20,adzuna
product manager,product_manager,Senior,5+ років,6350.0,6488.0,UK,2026-05-20,adzuna
product manager,product_manager,Middle,2-3 роки,6311.0,6350.0,UK,2026-05-20,adzuna
product manager,product_manager,Senior,5+ років,6350.0,6488.0,UK,2026-05-20,adzuna
product owner,product_owner,Middle,2-3 роки,6464.0,6879.0,UK,2026-05-20,adzuna
product owner,product_owner,Senior,5+ років,6478.0,7046.0,UK,2026-05-20,adzuna
product owner,product_owner,Middle,2-3 роки,6464.0,6879.0,UK,2026-05-20,adzuna
product owner,product_owner,Senior,5+ років,6478.0,7046.0,UK,2026-05-20,adzuna
product owner,product_owner,Middle,2-3 роки,6464.0,6879.0,UK,2026-05-20,adzuna
product owner,product_owner,Senior,5+ років,6478.0,7046.0,UK,2026-05-20,adzuna
product owner,product_owner,Middle,2-3 роки,6464.0,6879.0,UK,2026-05-20,adzuna
product owner,product_owner,Senior,5+ років,6478.0,7046.0,UK,2026-05-20,adzuna
product owner,product_owner,Middle,2-3 роки,6464.0,6879.0,UK,2026-05-20,adzuna
product owner,product_owner,Senior,5+ років,6478.0,7046.0,UK,2026-05-20,adzuna
IT project manager software,project_manager,Middle,2-3 роки,5292.0,5821.0,UK,2026-05-20,adzuna
IT project manager software,project_manager,Senior,5+ років,5292.0,6153.0,UK,2026-05-20,adzuna
IT project manager software,project_manager,Middle,2-3 роки,5292.0,5821.0,UK,2026-05-20,adzuna
IT project manager software,project_manager,Senior,5+ років,5292.0,6153.0,UK,2026-05-20,adzuna
IT project manager software,project_manager,Middle,2-3 роки,5292.0,5821.0,UK,2026-05-20,adzuna
IT project manager software,project_manager,Senior,5+ років,5292.0,6153.0,UK,2026-05-20,adzuna
IT project manager software,project_manager,Middle,2-3 роки,5292.0,5821.0,UK,2026-05-20,adzuna
IT project manager software,project_manager,Senior,5+ років,5292.0,6153.0,UK,2026-05-20,adzuna
IT project manager software,project_manager,Middle,2-3 роки,5292.0,5821.0,UK,2026-05-20,adzuna
IT project manager software,project_manager,Senior,5+ років,5292.0,6153.0,UK,2026-05-20,adzuna
python developer,python,Middle,2-3 роки,7232.0,7646.0,UK,2026-05-20,adzuna
python developer,python,Senior,5+ років,6974.0,7514.0,UK,2026-05-20,adzuna
python developer,python,Middle,2-3 роки,7232.0,7646.0,UK,2026-05-20,adzuna
python developer,python,Senior,5+ років,6974.0,7514.0,UK,2026-05-20,adzuna
python developer,python,Middle,2-3 роки,7232.0,7646.0,UK,2026-05-20,adzuna
python developer,python,Senior,5+ років,6974.0,7514.0,UK,2026-05-20,adzuna
python developer,python,Middle,2-3 роки,7232.0,7646.0,UK,2026-05-20,adzuna
python developer,python,Senior,5+ років,6974.0,7514.0,UK,2026-05-20,adzuna
python developer,python,Middle,2-3 роки,7232.0,7646.0,UK,2026-05-20,adzuna
python developer,python,Senior,5+ років,6974.0,7514.0,UK,2026-05-20,adzuna
qa engineer,qa,Middle,2-3 роки,4972.0,5292.0,UK,2026-05-20,adzuna
qa engineer,qa,Senior,5+ років,,,UK,2026-05-20,adzuna
qa engineer,qa,Middle,2-3 роки,4972.0,5292.0,UK,2026-05-20,adzuna
qa engineer,qa,Senior,5+ років,,,UK,2026-05-20,adzuna
qa engineer,qa,Middle,2-3 роки,4972.0,5292.0,UK,2026-05-20,adzuna
qa engineer,qa,Senior,5+ років,,,UK,2026-05-20,adzuna
qa engineer,qa,Middle,2-3 роки,4972.0,5292.0,UK,2026-05-20,adzuna
qa engineer,qa,Senior,5+ років,,,UK,2026-05-20,adzuna
qa engineer,qa,Middle,2-3 роки,4972.0,5292.0,UK,2026-05-20,adzuna
qa engineer,qa,Senior,5+ років,,,UK,2026-05-20,adzuna
qa automation engineer,qa_automation,Middle,2-3 роки,5853.0,6189.0,UK,2026-05-20,adzuna
qa automation engineer,qa_automation,Senior,5+ років,5946.0,6284.0,UK,2026-05-20,adzuna
qa automation engineer,qa_automation,Middle,2-3 роки,5853.0,6189.0,UK,2026-05-20,adzuna
qa automation engineer,qa_automation,Senior,5+ років,5946.0,6284.0,UK,2026-05-20,adzuna
qa automation engineer,qa_automation,Middle,2-3 роки,5853.0,6189.0,UK,2026-05-20,adzuna
qa automation engineer,qa_automation,Senior,5+ років,5946.0,6284.0,UK,2026-05-20,adzuna
qa automation engineer,qa_automation,Middle,2-3 роки,5853.0,6189.0,UK,2026-05-20,adzuna
qa automation engineer,qa_automation,Senior,5+ років,5946.0,6284.0,UK,2026-05-20,adzuna
qa automation engineer,qa_automation,Middle,2-3 роки,5853.0,6189.0,UK,2026-05-20,adzuna
qa automation engineer,qa_automation,Senior,5+ років,5946.0,6284.0,UK,2026-05-20,adzuna
manual qa tester,qa_manual,Middle,2-3 роки,4437.0,4580.0,UK,2026-05-20,adzuna
manual qa tester,qa_manual,Senior,5+ років,4762.0,4927.0,UK,2026-05-20,adzuna
manual qa tester,qa_manual,Middle,2-3 роки,4437.0,4580.0,UK,2026-05-20,adzuna
manual qa tester,qa_manual,Senior,5+ років,4762.0,4927.0,UK,2026-05-20,adzuna
manual qa tester,qa_manual,Middle,2-3 роки,4437.0,4580.0,UK,2026-05-20,adzuna
manual qa tester,qa_manual,Senior,5+ років,4762.0,4927.0,UK,2026-05-20,adzuna
manual qa tester,qa_manual,Middle,2-3 роки,4437.0,4580.0,UK,2026-05-20,adzuna
manual qa tester,qa_manual,Senior,5+ років,4762.0,4927.0,UK,2026-05-20,adzuna
manual qa tester,qa_manual,Middle,2-3 роки,4437.0,4580.0,UK,2026-05-20,adzuna
manual qa tester,qa_manual,Senior,5+ років,4762.0,4927.0,UK,2026-05-20,adzuna
react developer,react,Middle,2-3 роки,6161.0,6196.0,UK,2026-05-20,adzuna
react developer,react,Senior,5+ років,6879.0,7308.0,UK,2026-05-20,adzuna
react developer,react,Middle,2-3 роки,6161.0,6196.0,UK,2026-05-20,adzuna
react developer,react,Senior,5+ років,6879.0,7308.0,UK,2026-05-20,adzuna
react developer,react,Middle,2-3 роки,6161.0,6196.0,UK,2026-05-20,adzuna
react developer,react,Senior,5+ років,6879.0,7308.0,UK,2026-05-20,adzuna
react developer,react,Middle,2-3 роки,6161.0,6196.0,UK,2026-05-20,adzuna
react developer,react,Senior,5+ років,6879.0,7308.0,UK,2026-05-20,adzuna
react developer,react,Middle,2-3 роки,6161.0,6196.0,UK,2026-05-20,adzuna
react developer,react,Senior,5+ років,6879.0,7308.0,UK,2026-05-20,adzuna
react native developer,react_native,Middle,2-3 роки,5712.0,5783.0,UK,2026-05-20,adzuna
react native developer,react_native,Senior,5+ років,5856.0,5909.0,UK,2026-05-20,adzuna
react native developer,react_native,Middle,2-3 роки,5712.0,5783.0,UK,2026-05-20,adzuna
react native developer,react_native,Senior,5+ років,5856.0,5909.0,UK,2026-05-20,adzuna
react native developer,react_native,Middle,2-3 роки,5712.0,5783.0,UK,2026-05-20,adzuna
react native developer,react_native,Senior,5+ років,5856.0,5909.0,UK,2026-05-20,adzuna
react native developer,react_native,Middle,2-3 роки,5712.0,5783.0,UK,2026-05-20,adzuna
react native developer,react_native,Senior,5+ років,5856.0,5909.0,UK,2026-05-20,adzuna
react native developer,react_native,Middle,2-3 роки,5712.0,5783.0,UK,2026-05-20,adzuna
react native developer,react_native,Senior,5+ років,5856.0,5909.0,UK,2026-05-20,adzuna
it recruiter,recruiter,Middle,2-3 роки,4095.0,4233.0,UK,2026-05-20,adzuna
it recruiter,recruiter,Senior,5+ років,4551.0,5292.0,UK,2026-05-20,adzuna
it recruiter,recruiter,Middle,2-3 роки,4095.0,4233.0,UK,2026-05-20,adzuna
it recruiter,recruiter,Senior,5+ років,4551.0,5292.0,UK,2026-05-20,adzuna
it recruiter,recruiter,Middle,2-3 роки,4095.0,4233.0,UK,2026-05-20,adzuna
it recruiter,recruiter,Senior,5+ років,4551.0,5292.0,UK,2026-05-20,adzuna
it recruiter,recruiter,Middle,2-3 роки,4095.0,4233.0,UK,2026-05-20,adzuna
it recruiter,recruiter,Senior,5+ років,4551.0,5292.0,UK,2026-05-20,adzuna
it recruiter,recruiter,Middle,2-3 роки,4095.0,4233.0,UK,2026-05-20,adzuna
it recruiter,recruiter,Senior,5+ років,4551.0,5292.0,UK,2026-05-20,adzuna
ruby developer,ruby,Middle,2-3 роки,7408.0,7653.0,UK,2026-05-20,adzuna
ruby developer,ruby,Senior,5+ років,7414.0,8063.0,UK,2026-05-20,adzuna
ruby developer,ruby,Middle,2-3 роки,7408.0,7653.0,UK,2026-05-20,adzuna
ruby developer,ruby,Senior,5+ років,7414.0,8063.0,UK,2026-05-20,adzuna
ruby developer,ruby,Middle,2-3 роки,7408.0,7653.0,UK,2026-05-20,adzuna
ruby developer,ruby,Senior,5+ років,7414.0,8063.0,UK,2026-05-20,adzuna
ruby developer,ruby,Middle,2-3 роки,7408.0,7653.0,UK,2026-05-20,adzuna
ruby developer,ruby,Senior,5+ років,7414.0,8063.0,UK,2026-05-20,adzuna
ruby developer,ruby,Middle,2-3 роки,7408.0,7653.0,UK,2026-05-20,adzuna
ruby developer,ruby,Senior,5+ років,7414.0,8063.0,UK,2026-05-20,adzuna
rust developer,rust,Middle,2-3 роки,6922.0,6922.0,UK,2026-05-20,adzuna
rust developer,rust,Senior,5+ років,6960.0,6960.0,UK,2026-05-20,adzuna
rust developer,rust,Middle,2-3 роки,6922.0,6922.0,UK,2026-05-20,adzuna
rust developer,rust,Senior,5+ років,6960.0,6960.0,UK,2026-05-20,adzuna
rust developer,rust,Middle,2-3 роки,6922.0,6922.0,UK,2026-05-20,adzuna
rust developer,rust,Senior,5+ років,6960.0,6960.0,UK,2026-05-20,adzuna
rust developer,rust,Middle,2-3 роки,6922.0,6922.0,UK,2026-05-20,adzuna
rust developer,rust,Senior,5+ років,6960.0,6960.0,UK,2026-05-20,adzuna
rust developer,rust,Middle,2-3 роки,6922.0,6922.0,UK,2026-05-20,adzuna
rust developer,rust,Senior,5+ років,6960.0,6960.0,UK,2026-05-20,adzuna
sales manager,sales,Middle,2-3 роки,5821.0,5821.0,UK,2026-05-20,adzuna
sales manager,sales,Senior,5+ років,5821.0,5821.0,UK,2026-05-20,adzuna
sales manager,sales,Middle,2-3 роки,5821.0,5821.0,UK,2026-05-20,adzuna
sales manager,sales,Senior,5+ років,5821.0,5821.0,UK,2026-05-20,adzuna
sales manager,sales,Middle,2-3 роки,5821.0,5821.0,UK,2026-05-20,adzuna
sales manager,sales,Senior,5+ років,5821.0,5821.0,UK,2026-05-20,adzuna
sales manager,sales,Middle,2-3 роки,5821.0,5821.0,UK,2026-05-20,adzuna
sales manager,sales,Senior,5+ років,5821.0,5821.0,UK,2026-05-20,adzuna
sales manager,sales,Middle,2-3 роки,5821.0,5821.0,UK,2026-05-20,adzuna
sales manager,sales,Senior,5+ років,5821.0,5821.0,UK,2026-05-20,adzuna
sales director,sales_leadership,Middle,2-3 роки,8272.0,8272.0,UK,2026-05-20,adzuna
sales director,sales_leadership,Senior,5+ років,8272.0,8272.0,UK,2026-05-20,adzuna
sales director,sales_leadership,Middle,2-3 роки,8272.0,8272.0,UK,2026-05-20,adzuna
sales director,sales_leadership,Senior,5+ років,8272.0,8272.0,UK,2026-05-20,adzuna
sales director,sales_leadership,Middle,2-3 роки,8272.0,8272.0,UK,2026-05-20,adzuna
sales director,sales_leadership,Senior,5+ років,8272.0,8272.0,UK,2026-05-20,adzuna
sales director,sales_leadership,Middle,2-3 роки,8272.0,8272.0,UK,2026-05-20,adzuna
sales director,sales_leadership,Senior,5+ років,8272.0,8272.0,UK,2026-05-20,adzuna
sales director,sales_leadership,Middle,2-3 роки,8272.0,8272.0,UK,2026-05-20,adzuna
sales director,sales_leadership,Senior,5+ років,8272.0,8272.0,UK,2026-05-20,adzuna
sales manager,sales_manager,Middle,2-3 роки,5821.0,5821.0,UK,2026-05-20,adzuna
sales manager,sales_manager,Senior,5+ років,5821.0,5821.0,UK,2026-05-20,adzuna
sales manager,sales_manager,Middle,2-3 роки,5821.0,5821.0,UK,2026-05-20,adzuna
sales manager,sales_manager,Senior,5+ років,5821.0,5821.0,UK,2026-05-20,adzuna
sales manager,sales_manager,Middle,2-3 роки,5821.0,5821.0,UK,2026-05-20,adzuna
sales manager,sales_manager,Senior,5+ років,5821.0,5821.0,UK,2026-05-20,adzuna
sales manager,sales_manager,Middle,2-3 роки,5821.0,5821.0,UK,2026-05-20,adzuna
sales manager,sales_manager,Senior,5+ років,5821.0,5821.0,UK,2026-05-20,adzuna
sales manager,sales_manager,Middle,2-3 роки,5821.0,5821.0,UK,2026-05-20,adzuna
sales manager,sales_manager,Senior,5+ років,5821.0,5821.0,UK,2026-05-20,adzuna
salesforce developer,salesforce,Middle,2-3 роки,6967.0,6967.0,UK,2026-05-20,adzuna
salesforce developer,salesforce,Senior,5+ років,7003.0,7071.0,UK,2026-05-20,adzuna
salesforce developer,salesforce,Middle,2-3 роки,6967.0,6967.0,UK,2026-05-20,adzuna
salesforce developer,salesforce,Senior,5+ років,7003.0,7071.0,UK,2026-05-20,adzuna
salesforce developer,salesforce,Middle,2-3 роки,6967.0,6967.0,UK,2026-05-20,adzuna
salesforce developer,salesforce,Senior,5+ років,7003.0,7071.0,UK,2026-05-20,adzuna
salesforce developer,salesforce,Middle,2-3 роки,6967.0,6967.0,UK,2026-05-20,adzuna
salesforce developer,salesforce,Senior,5+ років,7003.0,7071.0,UK,2026-05-20,adzuna
salesforce developer,salesforce,Middle,2-3 роки,6967.0,6967.0,UK,2026-05-20,adzuna
salesforce developer,salesforce,Senior,5+ років,7003.0,7071.0,UK,2026-05-20,adzuna
sap developer,sap,Middle,2-3 роки,5609.0,5642.0,UK,2026-05-20,adzuna
sap developer,sap,Senior,5+ років,5647.0,5720.0,UK,2026-05-20,adzuna
sap developer,sap,Middle,2-3 роки,5609.0,5642.0,UK,2026-05-20,adzuna
sap developer,sap,Senior,5+ років,5647.0,5720.0,UK,2026-05-20,adzuna
sap developer,sap,Middle,2-3 роки,5609.0,5642.0,UK,2026-05-20,adzuna
sap developer,sap,Senior,5+ років,5647.0,5720.0,UK,2026-05-20,adzuna
sap developer,sap,Middle,2-3 роки,5609.0,5642.0,UK,2026-05-20,adzuna
sap developer,sap,Senior,5+ років,5647.0,5720.0,UK,2026-05-20,adzuna
sap developer,sap,Middle,2-3 роки,5609.0,5642.0,UK,2026-05-20,adzuna
sap developer,sap,Senior,5+ років,5647.0,5720.0,UK,2026-05-20,adzuna
scala developer,scala,Middle,2-3 роки,7190.0,7508.0,UK,2026-05-20,adzuna
scala developer,scala,Senior,5+ років,7024.0,7176.0,UK,2026-05-20,adzuna
scala developer,scala,Middle,2-3 роки,7190.0,7508.0,UK,2026-05-20,adzuna
scala developer,scala,Senior,5+ років,7024.0,7176.0,UK,2026-05-20,adzuna
scala developer,scala,Middle,2-3 роки,7190.0,7508.0,UK,2026-05-20,adzuna
scala developer,scala,Senior,5+ років,7024.0,7176.0,UK,2026-05-20,adzuna
scala developer,scala,Middle,2-3 роки,7190.0,7508.0,UK,2026-05-20,adzuna
scala developer,scala,Senior,5+ років,7024.0,7176.0,UK,2026-05-20,adzuna
scala developer,scala,Middle,2-3 роки,7190.0,7508.0,UK,2026-05-20,adzuna
scala developer,scala,Senior,5+ років,7024.0,7176.0,UK,2026-05-20,adzuna
scrum master,scrum_master,Middle,2-3 роки,5961.0,6009.0,UK,2026-05-20,adzuna
scrum master,scrum_master,Senior,5+ років,5968.0,6050.0,UK,2026-05-20,adzuna
scrum master,scrum_master,Middle,2-3 роки,5961.0,6009.0,UK,2026-05-20,adzuna
scrum master,scrum_master,Senior,5+ років,5968.0,6050.0,UK,2026-05-20,adzuna
scrum master,scrum_master,Middle,2-3 роки,5961.0,6009.0,UK,2026-05-20,adzuna
scrum master,scrum_master,Senior,5+ років,5968.0,6050.0,UK,2026-05-20,adzuna
scrum master,scrum_master,Middle,2-3 роки,5961.0,6009.0,UK,2026-05-20,adzuna
scrum master,scrum_master,Senior,5+ років,5968.0,6050.0,UK,2026-05-20,adzuna
scrum master,scrum_master,Middle,2-3 роки,5961.0,6009.0,UK,2026-05-20,adzuna
scrum master,scrum_master,Senior,5+ років,5968.0,6050.0,UK,2026-05-20,adzuna
security engineer,security,Middle,2-3 роки,5027.0,5067.0,UK,2026-05-20,adzuna
security engineer,security,Senior,5+ років,5292.0,5292.0,UK,2026-05-20,adzuna
security engineer,security,Middle,2-3 роки,5027.0,5067.0,UK,2026-05-20,adzuna
security engineer,security,Senior,5+ років,5292.0,5292.0,UK,2026-05-20,adzuna
security engineer,security,Middle,2-3 роки,5027.0,5067.0,UK,2026-05-20,adzuna
security engineer,security,Senior,5+ років,5292.0,5292.0,UK,2026-05-20,adzuna
security engineer,security,Middle,2-3 роки,5027.0,5067.0,UK,2026-05-20,adzuna
security engineer,security,Senior,5+ років,5292.0,5292.0,UK,2026-05-20,adzuna
security engineer,security,Middle,2-3 роки,5027.0,5067.0,UK,2026-05-20,adzuna
security engineer,security,Senior,5+ років,5292.0,5292.0,UK,2026-05-20,adzuna
security analyst,security_analyst,Middle,2-3 роки,5304.0,5656.0,UK,2026-05-20,adzuna
security analyst,security_analyst,Senior,5+ років,5474.0,5821.0,UK,2026-05-20,adzuna
security analyst,security_analyst,Middle,2-3 роки,5304.0,5656.0,UK,2026-05-20,adzuna
security analyst,security_analyst,Senior,5+ років,5474.0,5821.0,UK,2026-05-20,adzuna
security analyst,security_analyst,Middle,2-3 роки,5304.0,5656.0,UK,2026-05-20,adzuna
security analyst,security_analyst,Senior,5+ років,5474.0,5821.0,UK,2026-05-20,adzuna
security analyst,security_analyst,Middle,2-3 роки,5304.0,5656.0,UK,2026-05-20,adzuna
security analyst,security_analyst,Senior,5+ років,5474.0,5821.0,UK,2026-05-20,adzuna
security analyst,security_analyst,Middle,2-3 роки,5304.0,5656.0,UK,2026-05-20,adzuna
security analyst,security_analyst,Senior,5+ років,5474.0,5821.0,UK,2026-05-20,adzuna
seo specialist,seo,Middle,2-3 роки,4128.0,4745.0,UK,2026-05-20,adzuna
seo specialist,seo,Senior,5+ років,4022.0,4728.0,UK,2026-05-20,adzuna
seo specialist,seo,Middle,2-3 роки,4128.0,4745.0,UK,2026-05-20,adzuna
seo specialist,seo,Senior,5+ років,4022.0,4728.0,UK,2026-05-20,adzuna
seo specialist,seo,Middle,2-3 роки,4128.0,4745.0,UK,2026-05-20,adzuna
seo specialist,seo,Senior,5+ років,4022.0,4728.0,UK,2026-05-20,adzuna
seo specialist,seo,Middle,2-3 роки,4128.0,4745.0,UK,2026-05-20,adzuna
seo specialist,seo,Senior,5+ років,4022.0,4728.0,UK,2026-05-20,adzuna
seo specialist,seo,Middle,2-3 роки,4128.0,4745.0,UK,2026-05-20,adzuna
seo specialist,seo,Senior,5+ років,4022.0,4728.0,UK,2026-05-20,adzuna
social media manager,social_media,Middle,2-3 роки,3704.0,4022.0,UK,2026-05-20,adzuna
social media manager,social_media,Senior,5+ років,3717.0,4072.0,UK,2026-05-20,adzuna
social media manager,social_media,Middle,2-3 роки,3704.0,4022.0,UK,2026-05-20,adzuna
social media manager,social_media,Senior,5+ років,3717.0,4072.0,UK,2026-05-20,adzuna
social media manager,social_media,Middle,2-3 роки,3704.0,4022.0,UK,2026-05-20,adzuna
social media manager,social_media,Senior,5+ років,3717.0,4072.0,UK,2026-05-20,adzuna
social media manager,social_media,Middle,2-3 роки,3704.0,4022.0,UK,2026-05-20,adzuna
social media manager,social_media,Senior,5+ років,3717.0,4072.0,UK,2026-05-20,adzuna
social media manager,social_media,Middle,2-3 роки,3704.0,4022.0,UK,2026-05-20,adzuna
social media manager,social_media,Senior,5+ років,3717.0,4072.0,UK,2026-05-20,adzuna
sql dba database administrator,sql_dba,Middle,2-3 роки,4233.0,4762.0,UK,2026-05-20,adzuna
sql dba database administrator,sql_dba,Senior,5+ років,4233.0,4762.0,UK,2026-05-20,adzuna
sql dba database administrator,sql_dba,Middle,2-3 роки,4233.0,4762.0,UK,2026-05-20,adzuna
sql dba database administrator,sql_dba,Senior,5+ років,4233.0,4762.0,UK,2026-05-20,adzuna
sql dba database administrator,sql_dba,Middle,2-3 роки,4233.0,4762.0,UK,2026-05-20,adzuna
sql dba database administrator,sql_dba,Senior,5+ років,4233.0,4762.0,UK,2026-05-20,adzuna
sql dba database administrator,sql_dba,Middle,2-3 роки,4233.0,4762.0,UK,2026-05-20,adzuna
sql dba database administrator,sql_dba,Senior,5+ років,4233.0,4762.0,UK,2026-05-20,adzuna
sql dba database administrator,sql_dba,Middle,2-3 роки,4233.0,4762.0,UK,2026-05-20,adzuna
sql dba database administrator,sql_dba,Senior,5+ років,4233.0,4762.0,UK,2026-05-20,adzuna
technical support engineer,support,Middle,2-3 роки,3746.0,4233.0,UK,2026-05-20,adzuna
technical support engineer,support,Senior,5+ років,3746.0,4233.0,UK,2026-05-20,adzuna
technical support engineer,support,Middle,2-3 роки,3746.0,4233.0,UK,2026-05-20,adzuna
technical support engineer,support,Senior,5+ років,3746.0,4233.0,UK,2026-05-20,adzuna
technical support engineer,support,Middle,2-3 роки,3746.0,4233.0,UK,2026-05-20,adzuna
technical support engineer,support,Senior,5+ років,3746.0,4233.0,UK,2026-05-20,adzuna
technical support engineer,support,Middle,2-3 роки,3746.0,4233.0,UK,2026-05-20,adzuna
technical support engineer,support,Senior,5+ років,3746.0,4233.0,UK,2026-05-20,adzuna
technical support engineer,support,Middle,2-3 роки,3746.0,4233.0,UK,2026-05-20,adzuna
technical support engineer,support,Senior,5+ років,3746.0,4233.0,UK,2026-05-20,adzuna
svelte developer,svelte,Middle,2-3 роки,,,UK,2026-05-20,adzuna
svelte developer,svelte,Senior,5+ років,,,UK,2026-05-20,adzuna
svelte developer,svelte,Middle,2-3 роки,,,UK,2026-05-20,adzuna
svelte developer,svelte,Senior,5+ років,,,UK,2026-05-20,adzuna
svelte developer,svelte,Middle,2-3 роки,,,UK,2026-05-20,adzuna
svelte developer,svelte,Senior,5+ років,,,UK,2026-05-20,adzuna
svelte developer,svelte,Middle,2-3 роки,,,UK,2026-05-20,adzuna
svelte developer,svelte,Senior,5+ років,,,UK,2026-05-20,adzuna
svelte developer,svelte,Middle,2-3 роки,,,UK,2026-05-20,adzuna
svelte developer,svelte,Senior,5+ років,,,UK,2026-05-20,adzuna
symfony developer,symfony,Middle,2-3 роки,4224.0,4762.0,UK,2026-05-20,adzuna
symfony developer,symfony,Senior,5+ років,5821.0,6350.0,UK,2026-05-20,adzuna
symfony developer,symfony,Middle,2-3 роки,4224.0,4762.0,UK,2026-05-20,adzuna
symfony developer,symfony,Senior,5+ років,5821.0,6350.0,UK,2026-05-20,adzuna
symfony developer,symfony,Middle,2-3 роки,4224.0,4762.0,UK,2026-05-20,adzuna
symfony developer,symfony,Senior,5+ років,5821.0,6350.0,UK,2026-05-20,adzuna
symfony developer,symfony,Middle,2-3 роки,4224.0,4762.0,UK,2026-05-20,adzuna
symfony developer,symfony,Senior,5+ років,5821.0,6350.0,UK,2026-05-20,adzuna
symfony developer,symfony,Middle,2-3 роки,4224.0,4762.0,UK,2026-05-20,adzuna
symfony developer,symfony,Senior,5+ років,5821.0,6350.0,UK,2026-05-20,adzuna
system administrator linux,sysadmin,Middle,2-3 роки,5821.0,6592.0,UK,2026-05-20,adzuna
system administrator linux,sysadmin,Senior,5+ років,6278.0,6612.0,UK,2026-05-20,adzuna
system administrator linux,sysadmin,Middle,2-3 роки,5821.0,6592.0,UK,2026-05-20,adzuna
system administrator linux,sysadmin,Senior,5+ років,6278.0,6612.0,UK,2026-05-20,adzuna
system administrator linux,sysadmin,Middle,2-3 роки,5821.0,6592.0,UK,2026-05-20,adzuna
system administrator linux,sysadmin,Senior,5+ років,6278.0,6612.0,UK,2026-05-20,adzuna
system administrator linux,sysadmin,Middle,2-3 роки,5821.0,6592.0,UK,2026-05-20,adzuna
system administrator linux,sysadmin,Senior,5+ років,6278.0,6612.0,UK,2026-05-20,adzuna
system administrator linux,sysadmin,Middle,2-3 роки,5821.0,6592.0,UK,2026-05-20,adzuna
system administrator linux,sysadmin,Senior,5+ років,6278.0,6612.0,UK,2026-05-20,adzuna
ux designer,ui_ux,Middle,2-3 роки,5534.0,5534.0,UK,2026-05-20,adzuna
ux designer,ui_ux,Senior,5+ років,5730.0,5730.0,UK,2026-05-20,adzuna
ux designer,ui_ux,Middle,2-3 роки,5534.0,5534.0,UK,2026-05-20,adzuna
ux designer,ui_ux,Senior,5+ років,5730.0,5730.0,UK,2026-05-20,adzuna
ux designer,ui_ux,Middle,2-3 роки,5534.0,5534.0,UK,2026-05-20,adzuna
ux designer,ui_ux,Senior,5+ років,5730.0,5730.0,UK,2026-05-20,adzuna
ux designer,ui_ux,Middle,2-3 роки,5534.0,5534.0,UK,2026-05-20,adzuna
ux designer,ui_ux,Senior,5+ років,5730.0,5730.0,UK,2026-05-20,adzuna
ux designer,ui_ux,Middle,2-3 роки,5534.0,5534.0,UK,2026-05-20,adzuna
ux designer,ui_ux,Senior,5+ років,5730.0,5730.0,UK,2026-05-20,adzuna
unity developer,unity,Middle,2-3 роки,4037.0,4121.0,UK,2026-05-20,adzuna
unity developer,unity,Senior,5+ років,4076.0,4096.0,UK,2026-05-20,adzuna
unity developer,unity,Middle,2-3 роки,4037.0,4121.0,UK,2026-05-20,adzuna
unity developer,unity,Senior,5+ років,4076.0,4096.0,UK,2026-05-20,adzuna
unity developer,unity,Middle,2-3 роки,4037.0,4121.0,UK,2026-05-20,adzuna
unity developer,unity,Senior,5+ років,4076.0,4096.0,UK,2026-05-20,adzuna
unity developer,unity,Middle,2-3 роки,4037.0,4121.0,UK,2026-05-20,adzuna
unity developer,unity,Senior,5+ років,4076.0,4096.0,UK,2026-05-20,adzuna
unity developer,unity,Middle,2-3 роки,4037.0,4121.0,UK,2026-05-20,adzuna
unity developer,unity,Senior,5+ років,4076.0,4096.0,UK,2026-05-20,adzuna
unreal engine developer,unreal,Middle,2-3 роки,4215.0,4562.0,UK,2026-05-20,adzuna
unreal engine developer,unreal,Senior,5+ років,5015.0,5778.0,UK,2026-05-20,adzuna
unreal engine developer,unreal,Middle,2-3 роки,4215.0,4562.0,UK,2026-05-20,adzuna
unreal engine developer,unreal,Senior,5+ років,5015.0,5778.0,UK,2026-05-20,adzuna
unreal engine developer,unreal,Middle,2-3 роки,4215.0,4562.0,UK,2026-05-20,adzuna
unreal engine developer,unreal,Senior,5+ років,5015.0,5778.0,UK,2026-05-20,adzuna
unreal engine developer,unreal,Middle,2-3 роки,4215.0,4562.0,UK,2026-05-20,adzuna
unreal engine developer,unreal,Senior,5+ років,5015.0,5778.0,UK,2026-05-20,adzuna
unreal engine developer,unreal,Middle,2-3 роки,4215.0,4562.0,UK,2026-05-20,adzuna
unreal engine developer,unreal,Senior,5+ років,5015.0,5778.0,UK,2026-05-20,adzuna
ux researcher,ux_research,Middle,2-3 роки,5434.0,5434.0,UK,2026-05-20,adzuna
ux researcher,ux_research,Senior,5+ років,6350.0,6466.0,UK,2026-05-20,adzuna
ux researcher,ux_research,Middle,2-3 роки,5434.0,5434.0,UK,2026-05-20,adzuna
ux researcher,ux_research,Senior,5+ років,6350.0,6466.0,UK,2026-05-20,adzuna
ux researcher,ux_research,Middle,2-3 роки,5434.0,5434.0,UK,2026-05-20,adzuna
ux researcher,ux_research,Senior,5+ років,6350.0,6466.0,UK,2026-05-20,adzuna
ux researcher,ux_research,Middle,2-3 роки,5434.0,5434.0,UK,2026-05-20,adzuna
ux researcher,ux_research,Senior,5+ років,6350.0,6466.0,UK,2026-05-20,adzuna
ux researcher,ux_research,Middle,2-3 роки,5434.0,5434.0,UK,2026-05-20,adzuna
ux researcher,ux_research,Senior,5+ років,6350.0,6466.0,UK,2026-05-20,adzuna
vue.js developer,vue,Middle,2-3 роки,6350.0,6350.0,UK,2026-05-20,adzuna
vue.js developer,vue,Senior,5+ років,6383.0,7445.0,UK,2026-05-20,adzuna
vue.js developer,vue,Middle,2-3 роки,6350.0,6350.0,UK,2026-05-20,adzuna
vue.js developer,vue,Senior,5+ років,6383.0,7445.0,UK,2026-05-20,adzuna
vue.js developer,vue,Middle,2-3 роки,6350.0,6350.0,UK,2026-05-20,adzuna
vue.js developer,vue,Senior,5+ років,6383.0,7445.0,UK,2026-05-20,adzuna
vue.js developer,vue,Middle,2-3 роки,6350.0,6350.0,UK,2026-05-20,adzuna
vue.js developer,vue,Senior,5+ років,6383.0,7445.0,UK,2026-05-20,adzuna
vue.js developer,vue,Middle,2-3 роки,6350.0,6350.0,UK,2026-05-20,adzuna
vue.js developer,vue,Senior,5+ років,6383.0,7445.0,UK,2026-05-20,adzuna
winforms developer,winforms,Middle,2-3 роки,5365.0,6879.0,UK,2026-05-20,adzuna
winforms developer,winforms,Senior,5+ років,6350.0,7938.0,UK,2026-05-20,adzuna
winforms developer,winforms,Middle,2-3 роки,5365.0,6879.0,UK,2026-05-20,adzuna
winforms developer,winforms,Senior,5+ років,6350.0,7938.0,UK,2026-05-20,adzuna
winforms developer,winforms,Middle,2-3 роки,5365.0,6879.0,UK,2026-05-20,adzuna
winforms developer,winforms,Senior,5+ років,6350.0,7938.0,UK,2026-05-20,adzuna
winforms developer,winforms,Middle,2-3 роки,5365.0,6879.0,UK,2026-05-20,adzuna
winforms developer,winforms,Senior,5+ років,6350.0,7938.0,UK,2026-05-20,adzuna
winforms developer,winforms,Middle,2-3 роки,5365.0,6879.0,UK,2026-05-20,adzuna
winforms developer,winforms,Senior,5+ років,6350.0,7938.0,UK,2026-05-20,adzuna
wordpress developer,wordpress,Middle,2-3 роки,3539.0,3928.0,UK,2026-05-20,adzuna
wordpress developer,wordpress,Senior,5+ років,3603.0,3940.0,UK,2026-05-20,adzuna
wordpress developer,wordpress,Middle,2-3 роки,3539.0,3928.0,UK,2026-05-20,adzuna
wordpress developer,wordpress,Senior,5+ років,3603.0,3940.0,UK,2026-05-20,adzuna
wordpress developer,wordpress,Middle,2-3 роки,3539.0,3928.0,UK,2026-05-20,adzuna
wordpress developer,wordpress,Senior,5+ років,3603.0,3940.0,UK,2026-05-20,adzuna
wordpress developer,wordpress,Middle,2-3 роки,3539.0,3928.0,UK,2026-05-20,adzuna
wordpress developer,wordpress,Senior,5+ років,3603.0,3940.0,UK,2026-05-20,adzuna
wordpress developer,wordpress,Middle,2-3 роки,3539.0,3928.0,UK,2026-05-20,adzuna
wordpress developer,wordpress,Senior,5+ років,3603.0,3940.0,UK,2026-05-20,adzuna
wpf developer,wpf,Middle,2-3 роки,5292.0,7408.0,UK,2026-05-20,adzuna
wpf developer,wpf,Senior,5+ років,6350.0,7408.0,UK,2026-05-20,adzuna
wpf developer,wpf,Middle,2-3 роки,5292.0,7408.0,UK,2026-05-20,adzuna
wpf developer,wpf,Senior,5+ років,6350.0,7408.0,UK,2026-05-20,adzuna
wpf developer,wpf,Middle,2-3 роки,5292.0,7408.0,UK,2026-05-20,adzuna
wpf developer,wpf,Senior,5+ років,6350.0,7408.0,UK,2026-05-20,adzuna
wpf developer,wpf,Middle,2-3 роки,5292.0,7408.0,UK,2026-05-20,adzuna
wpf developer,wpf,Senior,5+ років,6350.0,7408.0,UK,2026-05-20,adzuna
wpf developer,wpf,Middle,2-3 роки,5292.0,7408.0,UK,2026-05-20,adzuna
wpf developer,wpf,Senior,5+ років,6350.0,7408.0,UK,2026-05-20,adzuna
xamarin developer,xamarin,Middle,2-3 роки,4346.0,4346.0,UK,2026-05-20,adzuna
xamarin developer,xamarin,Senior,5+ років,4346.0,4346.0,UK,2026-05-20,adzuna
xamarin developer,xamarin,Middle,2-3 роки,4346.0,4346.0,UK,2026-05-20,adzuna
xamarin developer,xamarin,Senior,5+ років,4346.0,4346.0,UK,2026-05-20,adzuna
xamarin developer,xamarin,Middle,2-3 роки,4346.0,4346.0,UK,2026-05-20,adzuna
xamarin developer,xamarin,Senior,5+ років,4346.0,4346.0,UK,2026-05-20,adzuna
xamarin developer,xamarin,Middle,2-3 роки,4346.0,4346.0,UK,2026-05-20,adzuna
xamarin developer,xamarin,Senior,5+ років,4346.0,4346.0,UK,2026-05-20,adzuna
xamarin developer,xamarin,Middle,2-3 роки,4346.0,4346.0,UK,2026-05-20,adzuna
xamarin developer,xamarin,Senior,5+ років,4346.0,4346.0,UK,2026-05-20,adzuna
yii developer,yii,Middle,2-3 роки,,,UK,2026-05-20,adzuna
yii developer,yii,Senior,5+ років,,,UK,2026-05-20,adzuna
yii developer,yii,Middle,2-3 роки,,,UK,2026-05-20,adzuna
yii developer,yii,Senior,5+ років,,,UK,2026-05-20,adzuna
yii developer,yii,Middle,2-3 роки,,,UK,2026-05-20,adzuna
yii developer,yii,Senior,5+ років,,,UK,2026-05-20,adzuna
yii developer,yii,Middle,2-3 роки,,,UK,2026-05-20,adzuna
yii developer,yii,Senior,5+ років,,,UK,2026-05-20,adzuna
yii developer,yii,Middle,2-3 роки,,,UK,2026-05-20,adzuna
yii developer,yii,Senior,5+ років,,,UK,2026-05-20,adzuna
2d animator,2d_animation,Middle,2-3 роки,,,US,2026-05-20,adzuna
2d animator,2d_animation,Senior,5+ років,6939.0,6998.0,US,2026-05-20,adzuna
2d animator,2d_animation,Middle,2-3 роки,,,US,2026-05-20,adzuna
2d animator,2d_animation,Senior,5+ років,6939.0,6998.0,US,2026-05-20,adzuna
2d animator,2d_animation,Middle,2-3 роки,,,US,2026-05-20,adzuna
2d animator,2d_animation,Senior,5+ років,6939.0,6998.0,US,2026-05-20,adzuna
2d animator,2d_animation,Middle,2-3 роки,,,US,2026-05-20,adzuna
2d animator,2d_animation,Senior,5+ років,6939.0,6998.0,US,2026-05-20,adzuna
2d animator,2d_animation,Middle,2-3 роки,,,US,2026-05-20,adzuna
2d animator,2d_animation,Senior,5+ років,6939.0,6998.0,US,2026-05-20,adzuna
2d artist,2d_artist,Middle,2-3 роки,7350.0,8448.0,US,2026-05-20,adzuna
2d artist,2d_artist,Senior,5+ років,7350.0,8448.0,US,2026-05-20,adzuna
2d artist,2d_artist,Middle,2-3 роки,7350.0,8448.0,US,2026-05-20,adzuna
2d artist,2d_artist,Senior,5+ років,7350.0,8448.0,US,2026-05-20,adzuna
2d artist,2d_artist,Middle,2-3 роки,7350.0,8448.0,US,2026-05-20,adzuna
2d artist,2d_artist,Senior,5+ років,7350.0,8448.0,US,2026-05-20,adzuna
2d artist,2d_artist,Middle,2-3 роки,7350.0,8448.0,US,2026-05-20,adzuna
2d artist,2d_artist,Senior,5+ років,7350.0,8448.0,US,2026-05-20,adzuna
2d artist,2d_artist,Middle,2-3 роки,7350.0,8448.0,US,2026-05-20,adzuna
2d artist,2d_artist,Senior,5+ років,7350.0,8448.0,US,2026-05-20,adzuna
3d animator,3d_animation,Middle,2-3 роки,6472.0,6657.0,US,2026-05-20,adzuna
3d animator,3d_animation,Senior,5+ років,6488.0,6660.0,US,2026-05-20,adzuna
3d animator,3d_animation,Middle,2-3 роки,6472.0,6657.0,US,2026-05-20,adzuna
3d animator,3d_animation,Senior,5+ років,6488.0,6660.0,US,2026-05-20,adzuna
3d animator,3d_animation,Middle,2-3 роки,6472.0,6657.0,US,2026-05-20,adzuna
3d animator,3d_animation,Senior,5+ років,6488.0,6660.0,US,2026-05-20,adzuna
3d animator,3d_animation,Middle,2-3 роки,6472.0,6657.0,US,2026-05-20,adzuna
3d animator,3d_animation,Senior,5+ років,6488.0,6660.0,US,2026-05-20,adzuna
3d animator,3d_animation,Middle,2-3 роки,6472.0,6657.0,US,2026-05-20,adzuna
3d animator,3d_animation,Senior,5+ років,6488.0,6660.0,US,2026-05-20,adzuna
3d artist,3d_artist,Middle,2-3 роки,6722.0,6972.0,US,2026-05-20,adzuna
3d artist,3d_artist,Senior,5+ років,7495.0,7709.0,US,2026-05-20,adzuna
3d artist,3d_artist,Middle,2-3 роки,6722.0,6972.0,US,2026-05-20,adzuna
3d artist,3d_artist,Senior,5+ років,7495.0,7709.0,US,2026-05-20,adzuna
3d artist,3d_artist,Middle,2-3 роки,6722.0,6972.0,US,2026-05-20,adzuna
3d artist,3d_artist,Senior,5+ років,7495.0,7709.0,US,2026-05-20,adzuna
3d artist,3d_artist,Middle,2-3 роки,6722.0,6972.0,US,2026-05-20,adzuna
3d artist,3d_artist,Senior,5+ років,7495.0,7709.0,US,2026-05-20,adzuna
3d artist,3d_artist,Middle,2-3 роки,6722.0,6972.0,US,2026-05-20,adzuna
3d artist,3d_artist,Senior,5+ років,7495.0,7709.0,US,2026-05-20,adzuna
accountant finance,accountant,Middle,2-3 роки,6150.0,6714.0,US,2026-05-20,adzuna
accountant finance,accountant,Senior,5+ років,6657.0,7214.0,US,2026-05-20,adzuna
accountant finance,accountant,Middle,2-3 роки,6150.0,6714.0,US,2026-05-20,adzuna
accountant finance,accountant,Senior,5+ років,6657.0,7214.0,US,2026-05-20,adzuna
accountant finance,accountant,Middle,2-3 роки,6150.0,6714.0,US,2026-05-20,adzuna
accountant finance,accountant,Senior,5+ років,6657.0,7214.0,US,2026-05-20,adzuna
accountant finance,accountant,Middle,2-3 роки,6150.0,6714.0,US,2026-05-20,adzuna
accountant finance,accountant,Senior,5+ років,6657.0,7214.0,US,2026-05-20,adzuna
accountant finance,accountant,Middle,2-3 роки,6150.0,6714.0,US,2026-05-20,adzuna
accountant finance,accountant,Senior,5+ років,6657.0,7214.0,US,2026-05-20,adzuna
affiliate manager,affiliate_manager,Middle,2-3 роки,6520.0,7194.0,US,2026-05-20,adzuna
affiliate manager,affiliate_manager,Senior,5+ років,6667.0,7500.0,US,2026-05-20,adzuna
affiliate manager,affiliate_manager,Middle,2-3 роки,6520.0,7194.0,US,2026-05-20,adzuna
affiliate manager,affiliate_manager,Senior,5+ років,6667.0,7500.0,US,2026-05-20,adzuna
affiliate manager,affiliate_manager,Middle,2-3 роки,6520.0,7194.0,US,2026-05-20,adzuna
affiliate manager,affiliate_manager,Senior,5+ років,6667.0,7500.0,US,2026-05-20,adzuna
affiliate manager,affiliate_manager,Middle,2-3 роки,6520.0,7194.0,US,2026-05-20,adzuna
affiliate manager,affiliate_manager,Senior,5+ років,6667.0,7500.0,US,2026-05-20,adzuna
affiliate manager,affiliate_manager,Middle,2-3 роки,6520.0,7194.0,US,2026-05-20,adzuna
affiliate manager,affiliate_manager,Senior,5+ років,6667.0,7500.0,US,2026-05-20,adzuna
android developer,android,Middle,2-3 роки,9058.0,10236.0,US,2026-05-20,adzuna
android developer,android,Senior,5+ років,8967.0,10322.0,US,2026-05-20,adzuna
android developer,android,Middle,2-3 роки,9058.0,10236.0,US,2026-05-20,adzuna
android developer,android,Senior,5+ років,8967.0,10322.0,US,2026-05-20,adzuna
android developer,android,Middle,2-3 роки,9058.0,10236.0,US,2026-05-20,adzuna
android developer,android,Senior,5+ років,8967.0,10322.0,US,2026-05-20,adzuna
android developer,android,Middle,2-3 роки,9058.0,10236.0,US,2026-05-20,adzuna
android developer,android,Senior,5+ років,8967.0,10322.0,US,2026-05-20,adzuna
android developer,android,Middle,2-3 роки,9058.0,10236.0,US,2026-05-20,adzuna
android developer,android,Senior,5+ років,8967.0,10322.0,US,2026-05-20,adzuna
angular developer,angular,Middle,2-3 роки,8176.0,8344.0,US,2026-05-20,adzuna
angular developer,angular,Senior,5+ років,8235.0,8235.0,US,2026-05-20,adzuna
angular developer,angular,Middle,2-3 роки,8176.0,8344.0,US,2026-05-20,adzuna
angular developer,angular,Senior,5+ років,8235.0,8235.0,US,2026-05-20,adzuna
angular developer,angular,Middle,2-3 роки,8176.0,8344.0,US,2026-05-20,adzuna
angular developer,angular,Senior,5+ років,8235.0,8235.0,US,2026-05-20,adzuna
angular developer,angular,Middle,2-3 роки,8176.0,8344.0,US,2026-05-20,adzuna
angular developer,angular,Senior,5+ років,8235.0,8235.0,US,2026-05-20,adzuna
angular developer,angular,Middle,2-3 роки,8176.0,8344.0,US,2026-05-20,adzuna
angular developer,angular,Senior,5+ років,8235.0,8235.0,US,2026-05-20,adzuna
asp.net developer,asp_net,Middle,2-3 роки,7772.0,7912.0,US,2026-05-20,adzuna
asp.net developer,asp_net,Senior,5+ років,7772.0,7912.0,US,2026-05-20,adzuna
asp.net developer,asp_net,Middle,2-3 роки,7772.0,7912.0,US,2026-05-20,adzuna
asp.net developer,asp_net,Senior,5+ років,7772.0,7912.0,US,2026-05-20,adzuna
asp.net developer,asp_net,Middle,2-3 роки,7772.0,7912.0,US,2026-05-20,adzuna
asp.net developer,asp_net,Senior,5+ років,7772.0,7912.0,US,2026-05-20,adzuna
asp.net developer,asp_net,Middle,2-3 роки,7772.0,7912.0,US,2026-05-20,adzuna
asp.net developer,asp_net,Senior,5+ років,7772.0,7912.0,US,2026-05-20,adzuna
asp.net developer,asp_net,Middle,2-3 роки,7772.0,7912.0,US,2026-05-20,adzuna
asp.net developer,asp_net,Senior,5+ років,7772.0,7912.0,US,2026-05-20,adzuna
blazor developer,blazor,Middle,2-3 роки,6849.0,6849.0,US,2026-05-20,adzuna
blazor developer,blazor,Senior,5+ років,7138.0,7229.0,US,2026-05-20,adzuna
blazor developer,blazor,Middle,2-3 роки,6849.0,6849.0,US,2026-05-20,adzuna
blazor developer,blazor,Senior,5+ років,7138.0,7229.0,US,2026-05-20,adzuna
blazor developer,blazor,Middle,2-3 роки,6849.0,6849.0,US,2026-05-20,adzuna
blazor developer,blazor,Senior,5+ років,7138.0,7229.0,US,2026-05-20,adzuna
blazor developer,blazor,Middle,2-3 роки,6849.0,6849.0,US,2026-05-20,adzuna
blazor developer,blazor,Senior,5+ років,7138.0,7229.0,US,2026-05-20,adzuna
blazor developer,blazor,Middle,2-3 роки,6849.0,6849.0,US,2026-05-20,adzuna
blazor developer,blazor,Senior,5+ років,7138.0,7229.0,US,2026-05-20,adzuna
business analyst IT,business_analyst,Middle,2-3 роки,4260.0,4260.0,US,2026-05-20,adzuna
business analyst IT,business_analyst,Senior,5+ років,4320.0,4320.0,US,2026-05-20,adzuna
business analyst IT,business_analyst,Middle,2-3 роки,4260.0,4260.0,US,2026-05-20,adzuna
business analyst IT,business_analyst,Senior,5+ років,4320.0,4320.0,US,2026-05-20,adzuna
business analyst IT,business_analyst,Middle,2-3 роки,4260.0,4260.0,US,2026-05-20,adzuna
business analyst IT,business_analyst,Senior,5+ років,4320.0,4320.0,US,2026-05-20,adzuna
business analyst IT,business_analyst,Middle,2-3 роки,4260.0,4260.0,US,2026-05-20,adzuna
business analyst IT,business_analyst,Senior,5+ років,4320.0,4320.0,US,2026-05-20,adzuna
business analyst IT,business_analyst,Middle,2-3 роки,4260.0,4260.0,US,2026-05-20,adzuna
business analyst IT,business_analyst,Senior,5+ років,4320.0,4320.0,US,2026-05-20,adzuna
c programmer,c,Middle,2-3 роки,8901.0,8901.0,US,2026-05-20,adzuna
c programmer,c,Senior,5+ років,9183.0,9214.0,US,2026-05-20,adzuna
c programmer,c,Middle,2-3 роки,8901.0,8901.0,US,2026-05-20,adzuna
c programmer,c,Senior,5+ років,9183.0,9214.0,US,2026-05-20,adzuna
c programmer,c,Middle,2-3 роки,8901.0,8901.0,US,2026-05-20,adzuna
c programmer,c,Senior,5+ років,9183.0,9214.0,US,2026-05-20,adzuna
c programmer,c,Middle,2-3 роки,8901.0,8901.0,US,2026-05-20,adzuna
c programmer,c,Senior,5+ років,9183.0,9214.0,US,2026-05-20,adzuna
c programmer,c,Middle,2-3 роки,8901.0,8901.0,US,2026-05-20,adzuna
c programmer,c,Senior,5+ років,9183.0,9214.0,US,2026-05-20,adzuna
chief business development officer,cbdo,Middle,2-3 роки,10000.0,10277.0,US,2026-05-20,adzuna
chief business development officer,cbdo,Senior,5+ років,10139.0,10428.0,US,2026-05-20,adzuna
chief business development officer,cbdo,Middle,2-3 роки,10000.0,10277.0,US,2026-05-20,adzuna
chief business development officer,cbdo,Senior,5+ років,10139.0,10428.0,US,2026-05-20,adzuna
chief business development officer,cbdo,Middle,2-3 роки,10000.0,10277.0,US,2026-05-20,adzuna
chief business development officer,cbdo,Senior,5+ років,10139.0,10428.0,US,2026-05-20,adzuna
chief business development officer,cbdo,Middle,2-3 роки,10000.0,10277.0,US,2026-05-20,adzuna
chief business development officer,cbdo,Senior,5+ років,10139.0,10428.0,US,2026-05-20,adzuna
chief business development officer,cbdo,Middle,2-3 роки,10000.0,10277.0,US,2026-05-20,adzuna
chief business development officer,cbdo,Senior,5+ років,10139.0,10428.0,US,2026-05-20,adzuna
chief commercial officer,cco,Middle,2-3 роки,14433.0,15220.0,US,2026-05-20,adzuna
chief commercial officer,cco,Senior,5+ років,15040.0,15801.0,US,2026-05-20,adzuna
chief commercial officer,cco,Middle,2-3 роки,14433.0,15220.0,US,2026-05-20,adzuna
chief commercial officer,cco,Senior,5+ років,15040.0,15801.0,US,2026-05-20,adzuna
chief commercial officer,cco,Middle,2-3 роки,14433.0,15220.0,US,2026-05-20,adzuna
chief commercial officer,cco,Senior,5+ років,15040.0,15801.0,US,2026-05-20,adzuna
chief commercial officer,cco,Middle,2-3 роки,14433.0,15220.0,US,2026-05-20,adzuna
chief commercial officer,cco,Senior,5+ років,15040.0,15801.0,US,2026-05-20,adzuna
chief commercial officer,cco,Middle,2-3 роки,14433.0,15220.0,US,2026-05-20,adzuna
chief commercial officer,cco,Senior,5+ років,15040.0,15801.0,US,2026-05-20,adzuna
chief executive officer tech,ceo,Middle,2-3 роки,,,US,2026-05-20,adzuna
chief executive officer tech,ceo,Senior,5+ років,,,US,2026-05-20,adzuna
chief executive officer tech,ceo,Middle,2-3 роки,,,US,2026-05-20,adzuna
chief executive officer tech,ceo,Senior,5+ років,,,US,2026-05-20,adzuna
chief executive officer tech,ceo,Middle,2-3 роки,,,US,2026-05-20,adzuna
chief executive officer tech,ceo,Senior,5+ років,,,US,2026-05-20,adzuna
chief executive officer tech,ceo,Middle,2-3 роки,,,US,2026-05-20,adzuna
chief executive officer tech,ceo,Senior,5+ років,,,US,2026-05-20,adzuna
chief executive officer tech,ceo,Middle,2-3 роки,,,US,2026-05-20,adzuna
chief executive officer tech,ceo,Senior,5+ років,,,US,2026-05-20,adzuna
chief financial officer tech,cfo,Middle,2-3 роки,,,US,2026-05-20,adzuna
chief financial officer tech,cfo,Senior,5+ років,,,US,2026-05-20,adzuna
chief financial officer tech,cfo,Middle,2-3 роки,,,US,2026-05-20,adzuna
chief financial officer tech,cfo,Senior,5+ років,,,US,2026-05-20,adzuna
chief financial officer tech,cfo,Middle,2-3 роки,,,US,2026-05-20,adzuna
chief financial officer tech,cfo,Senior,5+ років,,,US,2026-05-20,adzuna
chief financial officer tech,cfo,Middle,2-3 роки,,,US,2026-05-20,adzuna
chief financial officer tech,cfo,Senior,5+ років,,,US,2026-05-20,adzuna
chief financial officer tech,cfo,Middle,2-3 роки,,,US,2026-05-20,adzuna
chief financial officer tech,cfo,Senior,5+ років,,,US,2026-05-20,adzuna
chief information officer,cio,Middle,2-3 роки,14211.0,14276.0,US,2026-05-20,adzuna
chief information officer,cio,Senior,5+ років,14244.0,14873.0,US,2026-05-20,adzuna
chief information officer,cio,Middle,2-3 роки,14211.0,14276.0,US,2026-05-20,adzuna
chief information officer,cio,Senior,5+ років,14244.0,14873.0,US,2026-05-20,adzuna
chief information officer,cio,Middle,2-3 роки,14211.0,14276.0,US,2026-05-20,adzuna
chief information officer,cio,Senior,5+ років,14244.0,14873.0,US,2026-05-20,adzuna
chief information officer,cio,Middle,2-3 роки,14211.0,14276.0,US,2026-05-20,adzuna
chief information officer,cio,Senior,5+ років,14244.0,14873.0,US,2026-05-20,adzuna
chief information officer,cio,Middle,2-3 роки,14211.0,14276.0,US,2026-05-20,adzuna
chief information officer,cio,Senior,5+ років,14244.0,14873.0,US,2026-05-20,adzuna
chief marketing officer tech,cmo,Middle,2-3 роки,,,US,2026-05-20,adzuna
chief marketing officer tech,cmo,Senior,5+ років,,,US,2026-05-20,adzuna
chief marketing officer tech,cmo,Middle,2-3 роки,,,US,2026-05-20,adzuna
chief marketing officer tech,cmo,Senior,5+ років,,,US,2026-05-20,adzuna
chief marketing officer tech,cmo,Middle,2-3 роки,,,US,2026-05-20,adzuna
chief marketing officer tech,cmo,Senior,5+ років,,,US,2026-05-20,adzuna
chief marketing officer tech,cmo,Middle,2-3 роки,,,US,2026-05-20,adzuna
chief marketing officer tech,cmo,Senior,5+ років,,,US,2026-05-20,adzuna
chief marketing officer tech,cmo,Middle,2-3 роки,,,US,2026-05-20,adzuna
chief marketing officer tech,cmo,Senior,5+ років,,,US,2026-05-20,adzuna
content designer,content_design,Middle,2-3 роки,12601.0,12601.0,US,2026-05-20,adzuna
content designer,content_design,Senior,5+ років,12601.0,12601.0,US,2026-05-20,adzuna
content designer,content_design,Middle,2-3 роки,12601.0,12601.0,US,2026-05-20,adzuna
content designer,content_design,Senior,5+ років,12601.0,12601.0,US,2026-05-20,adzuna
content designer,content_design,Middle,2-3 роки,12601.0,12601.0,US,2026-05-20,adzuna
content designer,content_design,Senior,5+ років,12601.0,12601.0,US,2026-05-20,adzuna
content designer,content_design,Middle,2-3 роки,12601.0,12601.0,US,2026-05-20,adzuna
content designer,content_design,Senior,5+ років,12601.0,12601.0,US,2026-05-20,adzuna
content designer,content_design,Middle,2-3 роки,12601.0,12601.0,US,2026-05-20,adzuna
content designer,content_design,Senior,5+ років,12601.0,12601.0,US,2026-05-20,adzuna
content manager,content_manager,Middle,2-3 роки,5149.0,5149.0,US,2026-05-20,adzuna
content manager,content_manager,Senior,5+ років,8550.0,8550.0,US,2026-05-20,adzuna
content manager,content_manager,Middle,2-3 роки,5149.0,5149.0,US,2026-05-20,adzuna
content manager,content_manager,Senior,5+ років,8550.0,8550.0,US,2026-05-20,adzuna
content manager,content_manager,Middle,2-3 роки,5149.0,5149.0,US,2026-05-20,adzuna
content manager,content_manager,Senior,5+ років,8550.0,8550.0,US,2026-05-20,adzuna
content manager,content_manager,Middle,2-3 роки,5149.0,5149.0,US,2026-05-20,adzuna
content manager,content_manager,Senior,5+ років,8550.0,8550.0,US,2026-05-20,adzuna
content manager,content_manager,Middle,2-3 роки,5149.0,5149.0,US,2026-05-20,adzuna
content manager,content_manager,Senior,5+ років,8550.0,8550.0,US,2026-05-20,adzuna
content marketing manager,content_marketing,Middle,2-3 роки,8639.0,8639.0,US,2026-05-20,adzuna
content marketing manager,content_marketing,Senior,5+ років,9173.0,9173.0,US,2026-05-20,adzuna
content marketing manager,content_marketing,Middle,2-3 роки,8639.0,8639.0,US,2026-05-20,adzuna
content marketing manager,content_marketing,Senior,5+ років,9173.0,9173.0,US,2026-05-20,adzuna
content marketing manager,content_marketing,Middle,2-3 роки,8639.0,8639.0,US,2026-05-20,adzuna
content marketing manager,content_marketing,Senior,5+ років,9173.0,9173.0,US,2026-05-20,adzuna
content marketing manager,content_marketing,Middle,2-3 роки,8639.0,8639.0,US,2026-05-20,adzuna
content marketing manager,content_marketing,Senior,5+ років,9173.0,9173.0,US,2026-05-20,adzuna
content marketing manager,content_marketing,Middle,2-3 роки,8639.0,8639.0,US,2026-05-20,adzuna
content marketing manager,content_marketing,Senior,5+ років,9173.0,9173.0,US,2026-05-20,adzuna
content writer,content_writing,Middle,2-3 роки,4902.0,5235.0,US,2026-05-20,adzuna
content writer,content_writing,Senior,5+ років,4902.0,5235.0,US,2026-05-20,adzuna
content writer,content_writing,Middle,2-3 роки,4902.0,5235.0,US,2026-05-20,adzuna
content writer,content_writing,Senior,5+ років,4902.0,5235.0,US,2026-05-20,adzuna
content writer,content_writing,Middle,2-3 роки,4902.0,5235.0,US,2026-05-20,adzuna
content writer,content_writing,Senior,5+ років,4902.0,5235.0,US,2026-05-20,adzuna
content writer,content_writing,Middle,2-3 роки,4902.0,5235.0,US,2026-05-20,adzuna
content writer,content_writing,Senior,5+ років,4902.0,5235.0,US,2026-05-20,adzuna
content writer,content_writing,Middle,2-3 роки,4902.0,5235.0,US,2026-05-20,adzuna
content writer,content_writing,Senior,5+ років,4902.0,5235.0,US,2026-05-20,adzuna
chief operating officer,coo,Middle,2-3 роки,14139.0,14493.0,US,2026-05-20,adzuna
chief operating officer,coo,Senior,5+ років,14139.0,14493.0,US,2026-05-20,adzuna
chief operating officer,coo,Middle,2-3 роки,14139.0,14493.0,US,2026-05-20,adzuna
chief operating officer,coo,Senior,5+ років,14139.0,14493.0,US,2026-05-20,adzuna
chief operating officer,coo,Middle,2-3 роки,14139.0,14493.0,US,2026-05-20,adzuna
chief operating officer,coo,Senior,5+ років,14139.0,14493.0,US,2026-05-20,adzuna
chief operating officer,coo,Middle,2-3 роки,14139.0,14493.0,US,2026-05-20,adzuna
chief operating officer,coo,Senior,5+ років,14139.0,14493.0,US,2026-05-20,adzuna
chief operating officer,coo,Middle,2-3 роки,14139.0,14493.0,US,2026-05-20,adzuna
chief operating officer,coo,Senior,5+ років,14139.0,14493.0,US,2026-05-20,adzuna
c++ developer,cplusplus,Middle,2-3 роки,11512.0,11606.0,US,2026-05-20,adzuna
c++ developer,cplusplus,Senior,5+ років,10931.0,11294.0,US,2026-05-20,adzuna
c++ developer,cplusplus,Middle,2-3 роки,11512.0,11606.0,US,2026-05-20,adzuna
c++ developer,cplusplus,Senior,5+ років,10931.0,11294.0,US,2026-05-20,adzuna
c++ developer,cplusplus,Middle,2-3 роки,11512.0,11606.0,US,2026-05-20,adzuna
c++ developer,cplusplus,Senior,5+ років,10931.0,11294.0,US,2026-05-20,adzuna
c++ developer,cplusplus,Middle,2-3 роки,11512.0,11606.0,US,2026-05-20,adzuna
c++ developer,cplusplus,Senior,5+ років,10931.0,11294.0,US,2026-05-20,adzuna
c++ developer,cplusplus,Middle,2-3 роки,11512.0,11606.0,US,2026-05-20,adzuna
c++ developer,cplusplus,Senior,5+ років,10931.0,11294.0,US,2026-05-20,adzuna
chief product officer,cpo,Middle,2-3 роки,13600.0,14081.0,US,2026-05-20,adzuna
chief product officer,cpo,Senior,5+ років,14137.0,14320.0,US,2026-05-20,adzuna
chief product officer,cpo,Middle,2-3 роки,13600.0,14081.0,US,2026-05-20,adzuna
chief product officer,cpo,Senior,5+ років,14137.0,14320.0,US,2026-05-20,adzuna
chief product officer,cpo,Middle,2-3 роки,13600.0,14081.0,US,2026-05-20,adzuna
chief product officer,cpo,Senior,5+ років,14137.0,14320.0,US,2026-05-20,adzuna
chief product officer,cpo,Middle,2-3 роки,13600.0,14081.0,US,2026-05-20,adzuna
chief product officer,cpo,Senior,5+ років,14137.0,14320.0,US,2026-05-20,adzuna
chief product officer,cpo,Middle,2-3 роки,13600.0,14081.0,US,2026-05-20,adzuna
chief product officer,cpo,Senior,5+ років,14137.0,14320.0,US,2026-05-20,adzuna
c++ developer,cpp,Middle,2-3 роки,11512.0,11606.0,US,2026-05-20,adzuna
c++ developer,cpp,Senior,5+ років,10931.0,11294.0,US,2026-05-20,adzuna
c++ developer,cpp,Middle,2-3 роки,11512.0,11606.0,US,2026-05-20,adzuna
c++ developer,cpp,Senior,5+ років,10931.0,11294.0,US,2026-05-20,adzuna
c++ developer,cpp,Middle,2-3 роки,11512.0,11606.0,US,2026-05-20,adzuna
c++ developer,cpp,Senior,5+ років,10931.0,11294.0,US,2026-05-20,adzuna
c++ developer,cpp,Middle,2-3 роки,11512.0,11606.0,US,2026-05-20,adzuna
c++ developer,cpp,Senior,5+ років,10931.0,11294.0,US,2026-05-20,adzuna
c++ developer,cpp,Middle,2-3 роки,11512.0,11606.0,US,2026-05-20,adzuna
c++ developer,cpp,Senior,5+ років,10931.0,11294.0,US,2026-05-20,adzuna
chief technology officer,cto,Middle,2-3 роки,14669.0,15473.0,US,2026-05-20,adzuna
chief technology officer,cto,Senior,5+ років,14669.0,15473.0,US,2026-05-20,adzuna
chief technology officer,cto,Middle,2-3 роки,14669.0,15473.0,US,2026-05-20,adzuna
chief technology officer,cto,Senior,5+ років,14669.0,15473.0,US,2026-05-20,adzuna
chief technology officer,cto,Middle,2-3 роки,14669.0,15473.0,US,2026-05-20,adzuna
chief technology officer,cto,Senior,5+ років,14669.0,15473.0,US,2026-05-20,adzuna
chief technology officer,cto,Middle,2-3 роки,14669.0,15473.0,US,2026-05-20,adzuna
chief technology officer,cto,Senior,5+ років,14669.0,15473.0,US,2026-05-20,adzuna
chief technology officer,cto,Middle,2-3 роки,14669.0,15473.0,US,2026-05-20,adzuna
chief technology officer,cto,Senior,5+ років,14669.0,15473.0,US,2026-05-20,adzuna
data analyst,data_analyst,Middle,2-3 роки,8951.0,8951.0,US,2026-05-20,adzuna
data analyst,data_analyst,Senior,5+ років,8932.0,8994.0,US,2026-05-20,adzuna
data analyst,data_analyst,Middle,2-3 роки,8951.0,8951.0,US,2026-05-20,adzuna
data analyst,data_analyst,Senior,5+ років,8932.0,8994.0,US,2026-05-20,adzuna
data analyst,data_analyst,Middle,2-3 роки,8951.0,8951.0,US,2026-05-20,adzuna
data analyst,data_analyst,Senior,5+ років,8932.0,8994.0,US,2026-05-20,adzuna
data analyst,data_analyst,Middle,2-3 роки,8951.0,8951.0,US,2026-05-20,adzuna
data analyst,data_analyst,Senior,5+ років,8932.0,8994.0,US,2026-05-20,adzuna
data analyst,data_analyst,Middle,2-3 роки,8951.0,8951.0,US,2026-05-20,adzuna
data analyst,data_analyst,Senior,5+ років,8932.0,8994.0,US,2026-05-20,adzuna
data engineer,data_engineer,Middle,2-3 роки,9764.0,9852.0,US,2026-05-20,adzuna
data engineer,data_engineer,Senior,5+ років,10833.0,10967.0,US,2026-05-20,adzuna
data engineer,data_engineer,Middle,2-3 роки,9764.0,9852.0,US,2026-05-20,adzuna
data engineer,data_engineer,Senior,5+ років,10833.0,10967.0,US,2026-05-20,adzuna
data engineer,data_engineer,Middle,2-3 роки,9764.0,9852.0,US,2026-05-20,adzuna
data engineer,data_engineer,Senior,5+ років,10833.0,10967.0,US,2026-05-20,adzuna
data engineer,data_engineer,Middle,2-3 роки,9764.0,9852.0,US,2026-05-20,adzuna
data engineer,data_engineer,Senior,5+ років,10833.0,10967.0,US,2026-05-20,adzuna
data engineer,data_engineer,Middle,2-3 роки,9764.0,9852.0,US,2026-05-20,adzuna
data engineer,data_engineer,Senior,5+ років,10833.0,10967.0,US,2026-05-20,adzuna
data scientist,data_science,Middle,2-3 роки,10361.0,10441.0,US,2026-05-20,adzuna
data scientist,data_science,Senior,5+ років,10418.0,10574.0,US,2026-05-20,adzuna
data scientist,data_science,Middle,2-3 роки,10361.0,10441.0,US,2026-05-20,adzuna
data scientist,data_science,Senior,5+ років,10418.0,10574.0,US,2026-05-20,adzuna
data scientist,data_science,Middle,2-3 роки,10361.0,10441.0,US,2026-05-20,adzuna
data scientist,data_science,Senior,5+ років,10418.0,10574.0,US,2026-05-20,adzuna
data scientist,data_science,Middle,2-3 роки,10361.0,10441.0,US,2026-05-20,adzuna
data scientist,data_science,Senior,5+ років,10418.0,10574.0,US,2026-05-20,adzuna
data scientist,data_science,Middle,2-3 роки,10361.0,10441.0,US,2026-05-20,adzuna
data scientist,data_science,Senior,5+ років,10418.0,10574.0,US,2026-05-20,adzuna
delivery manager agile IT,delivery_manager,Middle,2-3 роки,,,US,2026-05-20,adzuna
delivery manager agile IT,delivery_manager,Senior,5+ років,,,US,2026-05-20,adzuna
delivery manager agile IT,delivery_manager,Middle,2-3 роки,,,US,2026-05-20,adzuna
delivery manager agile IT,delivery_manager,Senior,5+ років,,,US,2026-05-20,adzuna
delivery manager agile IT,delivery_manager,Middle,2-3 роки,,,US,2026-05-20,adzuna
delivery manager agile IT,delivery_manager,Senior,5+ років,,,US,2026-05-20,adzuna
delivery manager agile IT,delivery_manager,Middle,2-3 роки,,,US,2026-05-20,adzuna
delivery manager agile IT,delivery_manager,Senior,5+ років,,,US,2026-05-20,adzuna
delivery manager agile IT,delivery_manager,Middle,2-3 роки,,,US,2026-05-20,adzuna
delivery manager agile IT,delivery_manager,Senior,5+ років,,,US,2026-05-20,adzuna
graphic designer,design,Middle,2-3 роки,4473.0,4473.0,US,2026-05-20,adzuna
graphic designer,design,Senior,5+ років,4504.0,4504.0,US,2026-05-20,adzuna
graphic designer,design,Middle,2-3 роки,4473.0,4473.0,US,2026-05-20,adzuna
graphic designer,design,Senior,5+ років,4504.0,4504.0,US,2026-05-20,adzuna
graphic designer,design,Middle,2-3 роки,4473.0,4473.0,US,2026-05-20,adzuna
graphic designer,design,Senior,5+ років,4504.0,4504.0,US,2026-05-20,adzuna
graphic designer,design,Middle,2-3 роки,4473.0,4473.0,US,2026-05-20,adzuna
graphic designer,design,Senior,5+ років,4504.0,4504.0,US,2026-05-20,adzuna
graphic designer,design,Middle,2-3 роки,4473.0,4473.0,US,2026-05-20,adzuna
graphic designer,design,Senior,5+ років,4504.0,4504.0,US,2026-05-20,adzuna
devops engineer,dev_ops,Middle,2-3 роки,10113.0,10908.0,US,2026-05-20,adzuna
devops engineer,dev_ops,Senior,5+ років,10662.0,10960.0,US,2026-05-20,adzuna
devops engineer,dev_ops,Middle,2-3 роки,10113.0,10908.0,US,2026-05-20,adzuna
devops engineer,dev_ops,Senior,5+ років,10662.0,10960.0,US,2026-05-20,adzuna
devops engineer,dev_ops,Middle,2-3 роки,10113.0,10908.0,US,2026-05-20,adzuna
devops engineer,dev_ops,Senior,5+ років,10662.0,10960.0,US,2026-05-20,adzuna
devops engineer,dev_ops,Middle,2-3 роки,10113.0,10908.0,US,2026-05-20,adzuna
devops engineer,dev_ops,Senior,5+ років,10662.0,10960.0,US,2026-05-20,adzuna
devops engineer,dev_ops,Middle,2-3 роки,10113.0,10908.0,US,2026-05-20,adzuna
devops engineer,dev_ops,Senior,5+ років,10662.0,10960.0,US,2026-05-20,adzuna
digital marketing,digital_marketing,Middle,2-3 роки,8027.0,8027.0,US,2026-05-20,adzuna
digital marketing,digital_marketing,Senior,5+ років,8066.0,8066.0,US,2026-05-20,adzuna
digital marketing,digital_marketing,Middle,2-3 роки,8027.0,8027.0,US,2026-05-20,adzuna
digital marketing,digital_marketing,Senior,5+ років,8066.0,8066.0,US,2026-05-20,adzuna
digital marketing,digital_marketing,Middle,2-3 роки,8027.0,8027.0,US,2026-05-20,adzuna
digital marketing,digital_marketing,Senior,5+ років,8066.0,8066.0,US,2026-05-20,adzuna
digital marketing,digital_marketing,Middle,2-3 роки,8027.0,8027.0,US,2026-05-20,adzuna
digital marketing,digital_marketing,Senior,5+ років,8066.0,8066.0,US,2026-05-20,adzuna
digital marketing,digital_marketing,Middle,2-3 роки,8027.0,8027.0,US,2026-05-20,adzuna
digital marketing,digital_marketing,Senior,5+ років,8066.0,8066.0,US,2026-05-20,adzuna
digital marketing manager,digital_marketing_manager,Middle,2-3 роки,6588.0,7008.0,US,2026-05-20,adzuna
digital marketing manager,digital_marketing_manager,Senior,5+ років,6588.0,7008.0,US,2026-05-20,adzuna
digital marketing manager,digital_marketing_manager,Middle,2-3 роки,6588.0,7008.0,US,2026-05-20,adzuna
digital marketing manager,digital_marketing_manager,Senior,5+ років,6588.0,7008.0,US,2026-05-20,adzuna
digital marketing manager,digital_marketing_manager,Middle,2-3 роки,6588.0,7008.0,US,2026-05-20,adzuna
digital marketing manager,digital_marketing_manager,Senior,5+ років,6588.0,7008.0,US,2026-05-20,adzuna
digital marketing manager,digital_marketing_manager,Middle,2-3 роки,6588.0,7008.0,US,2026-05-20,adzuna
digital marketing manager,digital_marketing_manager,Senior,5+ років,6588.0,7008.0,US,2026-05-20,adzuna
digital marketing manager,digital_marketing_manager,Middle,2-3 роки,6588.0,7008.0,US,2026-05-20,adzuna
digital marketing manager,digital_marketing_manager,Senior,5+ років,6588.0,7008.0,US,2026-05-20,adzuna
.net developer,dotnet,Middle,2-3 роки,8068.0,8068.0,US,2026-05-20,adzuna
.net developer,dotnet,Senior,5+ років,8074.0,8074.0,US,2026-05-20,adzuna
.net developer,dotnet,Middle,2-3 роки,8068.0,8068.0,US,2026-05-20,adzuna
.net developer,dotnet,Senior,5+ років,8074.0,8074.0,US,2026-05-20,adzuna
.net developer,dotnet,Middle,2-3 роки,8068.0,8068.0,US,2026-05-20,adzuna
.net developer,dotnet,Senior,5+ років,8074.0,8074.0,US,2026-05-20,adzuna
.net developer,dotnet,Middle,2-3 роки,8068.0,8068.0,US,2026-05-20,adzuna
.net developer,dotnet,Senior,5+ років,8074.0,8074.0,US,2026-05-20,adzuna
.net developer,dotnet,Middle,2-3 роки,8068.0,8068.0,US,2026-05-20,adzuna
.net developer,dotnet,Senior,5+ років,8074.0,8074.0,US,2026-05-20,adzuna
.net cloud developer,dotnet_cloud,Middle,2-3 роки,10280.0,10719.0,US,2026-05-20,adzuna
.net cloud developer,dotnet_cloud,Senior,5+ років,10454.0,11160.0,US,2026-05-20,adzuna
.net cloud developer,dotnet_cloud,Middle,2-3 роки,10280.0,10719.0,US,2026-05-20,adzuna
.net cloud developer,dotnet_cloud,Senior,5+ років,10454.0,11160.0,US,2026-05-20,adzuna
.net cloud developer,dotnet_cloud,Middle,2-3 роки,10280.0,10719.0,US,2026-05-20,adzuna
.net cloud developer,dotnet_cloud,Senior,5+ років,10454.0,11160.0,US,2026-05-20,adzuna
.net cloud developer,dotnet_cloud,Middle,2-3 роки,10280.0,10719.0,US,2026-05-20,adzuna
.net cloud developer,dotnet_cloud,Senior,5+ років,10454.0,11160.0,US,2026-05-20,adzuna
.net cloud developer,dotnet_cloud,Middle,2-3 роки,10280.0,10719.0,US,2026-05-20,adzuna
.net cloud developer,dotnet_cloud,Senior,5+ років,10454.0,11160.0,US,2026-05-20,adzuna
.net desktop developer,dotnet_desktop,Middle,2-3 роки,9000.0,10111.0,US,2026-05-20,adzuna
.net desktop developer,dotnet_desktop,Senior,5+ років,9393.0,9968.0,US,2026-05-20,adzuna
.net desktop developer,dotnet_desktop,Middle,2-3 роки,9000.0,10111.0,US,2026-05-20,adzuna
.net desktop developer,dotnet_desktop,Senior,5+ років,9393.0,9968.0,US,2026-05-20,adzuna
.net desktop developer,dotnet_desktop,Middle,2-3 роки,9000.0,10111.0,US,2026-05-20,adzuna
.net desktop developer,dotnet_desktop,Senior,5+ років,9393.0,9968.0,US,2026-05-20,adzuna
.net desktop developer,dotnet_desktop,Middle,2-3 роки,9000.0,10111.0,US,2026-05-20,adzuna
.net desktop developer,dotnet_desktop,Senior,5+ років,9393.0,9968.0,US,2026-05-20,adzuna
.net desktop developer,dotnet_desktop,Middle,2-3 роки,9000.0,10111.0,US,2026-05-20,adzuna
.net desktop developer,dotnet_desktop,Senior,5+ років,9393.0,9968.0,US,2026-05-20,adzuna
.net mobile developer,dotnet_mobile,Middle,2-3 роки,7682.0,7682.0,US,2026-05-20,adzuna
.net mobile developer,dotnet_mobile,Senior,5+ років,9281.0,9281.0,US,2026-05-20,adzuna
.net mobile developer,dotnet_mobile,Middle,2-3 роки,7682.0,7682.0,US,2026-05-20,adzuna
.net mobile developer,dotnet_mobile,Senior,5+ років,9281.0,9281.0,US,2026-05-20,adzuna
.net mobile developer,dotnet_mobile,Middle,2-3 роки,7682.0,7682.0,US,2026-05-20,adzuna
.net mobile developer,dotnet_mobile,Senior,5+ років,9281.0,9281.0,US,2026-05-20,adzuna
.net mobile developer,dotnet_mobile,Middle,2-3 роки,7682.0,7682.0,US,2026-05-20,adzuna
.net mobile developer,dotnet_mobile,Senior,5+ років,9281.0,9281.0,US,2026-05-20,adzuna
.net mobile developer,dotnet_mobile,Middle,2-3 роки,7682.0,7682.0,US,2026-05-20,adzuna
.net mobile developer,dotnet_mobile,Senior,5+ років,9281.0,9281.0,US,2026-05-20,adzuna
asp.net web developer,dotnet_web,Middle,2-3 роки,8529.0,8667.0,US,2026-05-20,adzuna
asp.net web developer,dotnet_web,Senior,5+ років,8264.0,8529.0,US,2026-05-20,adzuna
asp.net web developer,dotnet_web,Middle,2-3 роки,8529.0,8667.0,US,2026-05-20,adzuna
asp.net web developer,dotnet_web,Senior,5+ років,8264.0,8529.0,US,2026-05-20,adzuna
asp.net web developer,dotnet_web,Middle,2-3 роки,8529.0,8667.0,US,2026-05-20,adzuna
asp.net web developer,dotnet_web,Senior,5+ років,8264.0,8529.0,US,2026-05-20,adzuna
asp.net web developer,dotnet_web,Middle,2-3 роки,8529.0,8667.0,US,2026-05-20,adzuna
asp.net web developer,dotnet_web,Senior,5+ років,8264.0,8529.0,US,2026-05-20,adzuna
asp.net web developer,dotnet_web,Middle,2-3 роки,8529.0,8667.0,US,2026-05-20,adzuna
asp.net web developer,dotnet_web,Senior,5+ років,8264.0,8529.0,US,2026-05-20,adzuna
drupal developer,drupal,Middle,2-3 роки,9140.0,10140.0,US,2026-05-20,adzuna
drupal developer,drupal,Senior,5+ років,9140.0,10062.0,US,2026-05-20,adzuna
drupal developer,drupal,Middle,2-3 роки,9140.0,10140.0,US,2026-05-20,adzuna
drupal developer,drupal,Senior,5+ років,9140.0,10062.0,US,2026-05-20,adzuna
drupal developer,drupal,Middle,2-3 роки,9140.0,10140.0,US,2026-05-20,adzuna
drupal developer,drupal,Senior,5+ років,9140.0,10062.0,US,2026-05-20,adzuna
drupal developer,drupal,Middle,2-3 роки,9140.0,10140.0,US,2026-05-20,adzuna
drupal developer,drupal,Senior,5+ років,9140.0,10062.0,US,2026-05-20,adzuna
drupal developer,drupal,Middle,2-3 роки,9140.0,10140.0,US,2026-05-20,adzuna
drupal developer,drupal,Senior,5+ років,9140.0,10062.0,US,2026-05-20,adzuna
elixir developer,elixir,Middle,2-3 роки,,,US,2026-05-20,adzuna
elixir developer,elixir,Senior,5+ років,13333.0,16739.0,US,2026-05-20,adzuna
elixir developer,elixir,Middle,2-3 роки,,,US,2026-05-20,adzuna
elixir developer,elixir,Senior,5+ років,13333.0,16739.0,US,2026-05-20,adzuna
elixir developer,elixir,Middle,2-3 роки,,,US,2026-05-20,adzuna
elixir developer,elixir,Senior,5+ років,13333.0,16739.0,US,2026-05-20,adzuna
elixir developer,elixir,Middle,2-3 роки,,,US,2026-05-20,adzuna
elixir developer,elixir,Senior,5+ років,13333.0,16739.0,US,2026-05-20,adzuna
elixir developer,elixir,Middle,2-3 роки,,,US,2026-05-20,adzuna
elixir developer,elixir,Senior,5+ років,13333.0,16739.0,US,2026-05-20,adzuna
embedded software engineer,embedded,Middle,2-3 роки,10922.0,10922.0,US,2026-05-20,adzuna
embedded software engineer,embedded,Senior,5+ років,10837.0,10878.0,US,2026-05-20,adzuna
embedded software engineer,embedded,Middle,2-3 роки,10922.0,10922.0,US,2026-05-20,adzuna
embedded software engineer,embedded,Senior,5+ років,10837.0,10878.0,US,2026-05-20,adzuna
embedded software engineer,embedded,Middle,2-3 роки,10922.0,10922.0,US,2026-05-20,adzuna
embedded software engineer,embedded,Senior,5+ років,10837.0,10878.0,US,2026-05-20,adzuna
embedded software engineer,embedded,Middle,2-3 роки,10922.0,10922.0,US,2026-05-20,adzuna
embedded software engineer,embedded,Senior,5+ років,10837.0,10878.0,US,2026-05-20,adzuna
embedded software engineer,embedded,Middle,2-3 роки,10922.0,10922.0,US,2026-05-20,adzuna
embedded software engineer,embedded,Senior,5+ років,10837.0,10878.0,US,2026-05-20,adzuna
software engineering manager,engineering_manager,Middle,2-3 роки,14794.0,14794.0,US,2026-05-20,adzuna
software engineering manager,engineering_manager,Senior,5+ років,14794.0,14794.0,US,2026-05-20,adzuna
software engineering manager,engineering_manager,Middle,2-3 роки,14794.0,14794.0,US,2026-05-20,adzuna
software engineering manager,engineering_manager,Senior,5+ років,14794.0,14794.0,US,2026-05-20,adzuna
software engineering manager,engineering_manager,Middle,2-3 роки,14794.0,14794.0,US,2026-05-20,adzuna
software engineering manager,engineering_manager,Senior,5+ років,14794.0,14794.0,US,2026-05-20,adzuna
software engineering manager,engineering_manager,Middle,2-3 роки,14794.0,14794.0,US,2026-05-20,adzuna
software engineering manager,engineering_manager,Senior,5+ років,14794.0,14794.0,US,2026-05-20,adzuna
software engineering manager,engineering_manager,Middle,2-3 роки,14794.0,14794.0,US,2026-05-20,adzuna
software engineering manager,engineering_manager,Senior,5+ років,14794.0,14794.0,US,2026-05-20,adzuna
erp developer,erp_systems,Middle,2-3 роки,8110.0,8301.0,US,2026-05-20,adzuna
erp developer,erp_systems,Senior,5+ років,8393.0,8900.0,US,2026-05-20,adzuna
erp developer,erp_systems,Middle,2-3 роки,8110.0,8301.0,US,2026-05-20,adzuna
erp developer,erp_systems,Senior,5+ років,8393.0,8900.0,US,2026-05-20,adzuna
erp developer,erp_systems,Middle,2-3 роки,8110.0,8301.0,US,2026-05-20,adzuna
erp developer,erp_systems,Senior,5+ років,8393.0,8900.0,US,2026-05-20,adzuna
erp developer,erp_systems,Middle,2-3 роки,8110.0,8301.0,US,2026-05-20,adzuna
erp developer,erp_systems,Senior,5+ років,8393.0,8900.0,US,2026-05-20,adzuna
erp developer,erp_systems,Middle,2-3 роки,8110.0,8301.0,US,2026-05-20,adzuna
erp developer,erp_systems,Senior,5+ років,8393.0,8900.0,US,2026-05-20,adzuna
finance manager,finance_manager,Middle,2-3 роки,8333.0,12083.0,US,2026-05-20,adzuna
finance manager,finance_manager,Senior,5+ років,8333.0,12083.0,US,2026-05-20,adzuna
finance manager,finance_manager,Middle,2-3 роки,8333.0,12083.0,US,2026-05-20,adzuna
finance manager,finance_manager,Senior,5+ років,8333.0,12083.0,US,2026-05-20,adzuna
finance manager,finance_manager,Middle,2-3 роки,8333.0,12083.0,US,2026-05-20,adzuna
finance manager,finance_manager,Senior,5+ років,8333.0,12083.0,US,2026-05-20,adzuna
finance manager,finance_manager,Middle,2-3 роки,8333.0,12083.0,US,2026-05-20,adzuna
finance manager,finance_manager,Senior,5+ років,8333.0,12083.0,US,2026-05-20,adzuna
finance manager,finance_manager,Middle,2-3 роки,8333.0,12083.0,US,2026-05-20,adzuna
finance manager,finance_manager,Senior,5+ років,8333.0,12083.0,US,2026-05-20,adzuna
financial analyst,finances,Middle,2-3 роки,6812.0,6812.0,US,2026-05-20,adzuna
financial analyst,finances,Senior,5+ років,6841.0,6936.0,US,2026-05-20,adzuna
financial analyst,finances,Middle,2-3 роки,6812.0,6812.0,US,2026-05-20,adzuna
financial analyst,finances,Senior,5+ років,6841.0,6936.0,US,2026-05-20,adzuna
financial analyst,finances,Middle,2-3 роки,6812.0,6812.0,US,2026-05-20,adzuna
financial analyst,finances,Senior,5+ років,6841.0,6936.0,US,2026-05-20,adzuna
financial analyst,finances,Middle,2-3 роки,6812.0,6812.0,US,2026-05-20,adzuna
financial analyst,finances,Senior,5+ років,6841.0,6936.0,US,2026-05-20,adzuna
financial analyst,finances,Middle,2-3 роки,6812.0,6812.0,US,2026-05-20,adzuna
financial analyst,finances,Senior,5+ років,6841.0,6936.0,US,2026-05-20,adzuna
financial analyst,financial_analyst,Middle,2-3 роки,6812.0,6812.0,US,2026-05-20,adzuna
financial analyst,financial_analyst,Senior,5+ років,6841.0,6936.0,US,2026-05-20,adzuna
financial analyst,financial_analyst,Middle,2-3 роки,6812.0,6812.0,US,2026-05-20,adzuna
financial analyst,financial_analyst,Senior,5+ років,6841.0,6936.0,US,2026-05-20,adzuna
financial analyst,financial_analyst,Middle,2-3 роки,6812.0,6812.0,US,2026-05-20,adzuna
financial analyst,financial_analyst,Senior,5+ років,6841.0,6936.0,US,2026-05-20,adzuna
financial analyst,financial_analyst,Middle,2-3 роки,6812.0,6812.0,US,2026-05-20,adzuna
financial analyst,financial_analyst,Senior,5+ років,6841.0,6936.0,US,2026-05-20,adzuna
financial analyst,financial_analyst,Middle,2-3 роки,6812.0,6812.0,US,2026-05-20,adzuna
financial analyst,financial_analyst,Senior,5+ років,6841.0,6936.0,US,2026-05-20,adzuna
flutter developer,flutter,Middle,2-3 роки,,,US,2026-05-20,adzuna
flutter developer,flutter,Senior,5+ років,15438.0,15438.0,US,2026-05-20,adzuna
flutter developer,flutter,Middle,2-3 роки,,,US,2026-05-20,adzuna
flutter developer,flutter,Senior,5+ років,15438.0,15438.0,US,2026-05-20,adzuna
flutter developer,flutter,Middle,2-3 роки,,,US,2026-05-20,adzuna
flutter developer,flutter,Senior,5+ років,15438.0,15438.0,US,2026-05-20,adzuna
flutter developer,flutter,Middle,2-3 роки,,,US,2026-05-20,adzuna
flutter developer,flutter,Senior,5+ років,15438.0,15438.0,US,2026-05-20,adzuna
flutter developer,flutter,Middle,2-3 роки,,,US,2026-05-20,adzuna
flutter developer,flutter,Senior,5+ років,15438.0,15438.0,US,2026-05-20,adzuna
fullstack developer,fullstack,Middle,2-3 роки,8862.0,9081.0,US,2026-05-20,adzuna
fullstack developer,fullstack,Senior,5+ років,8642.0,8837.0,US,2026-05-20,adzuna
fullstack developer,fullstack,Middle,2-3 роки,8862.0,9081.0,US,2026-05-20,adzuna
fullstack developer,fullstack,Senior,5+ років,8642.0,8837.0,US,2026-05-20,adzuna
fullstack developer,fullstack,Middle,2-3 роки,8862.0,9081.0,US,2026-05-20,adzuna
fullstack developer,fullstack,Senior,5+ років,8642.0,8837.0,US,2026-05-20,adzuna
fullstack developer,fullstack,Middle,2-3 роки,8862.0,9081.0,US,2026-05-20,adzuna
fullstack developer,fullstack,Senior,5+ років,8642.0,8837.0,US,2026-05-20,adzuna
fullstack developer,fullstack,Middle,2-3 роки,8862.0,9081.0,US,2026-05-20,adzuna
fullstack developer,fullstack,Senior,5+ років,8642.0,8837.0,US,2026-05-20,adzuna
game designer,game_design,Middle,2-3 роки,6592.0,7709.0,US,2026-05-20,adzuna
game designer,game_design,Senior,5+ років,6819.0,7905.0,US,2026-05-20,adzuna
game designer,game_design,Middle,2-3 роки,6592.0,7709.0,US,2026-05-20,adzuna
game designer,game_design,Senior,5+ років,6819.0,7905.0,US,2026-05-20,adzuna
game designer,game_design,Middle,2-3 роки,6592.0,7709.0,US,2026-05-20,adzuna
game designer,game_design,Senior,5+ років,6819.0,7905.0,US,2026-05-20,adzuna
game designer,game_design,Middle,2-3 роки,6592.0,7709.0,US,2026-05-20,adzuna
game designer,game_design,Senior,5+ років,6819.0,7905.0,US,2026-05-20,adzuna
game designer,game_design,Middle,2-3 роки,6592.0,7709.0,US,2026-05-20,adzuna
game designer,game_design,Senior,5+ років,6819.0,7905.0,US,2026-05-20,adzuna
game developer,game_developer,Middle,2-3 роки,6266.0,8032.0,US,2026-05-20,adzuna
game developer,game_developer,Senior,5+ років,6786.0,8216.0,US,2026-05-20,adzuna
game developer,game_developer,Middle,2-3 роки,6266.0,8032.0,US,2026-05-20,adzuna
game developer,game_developer,Senior,5+ років,6786.0,8216.0,US,2026-05-20,adzuna
game developer,game_developer,Middle,2-3 роки,6266.0,8032.0,US,2026-05-20,adzuna
game developer,game_developer,Senior,5+ років,6786.0,8216.0,US,2026-05-20,adzuna
game developer,game_developer,Middle,2-3 роки,6266.0,8032.0,US,2026-05-20,adzuna
game developer,game_developer,Senior,5+ років,6786.0,8216.0,US,2026-05-20,adzuna
game developer,game_developer,Middle,2-3 роки,6266.0,8032.0,US,2026-05-20,adzuna
game developer,game_developer,Senior,5+ років,6786.0,8216.0,US,2026-05-20,adzuna
unity developer,gamedev,Middle,2-3 роки,7217.0,7917.0,US,2026-05-20,adzuna
unity developer,gamedev,Senior,5+ років,8861.0,10307.0,US,2026-05-20,adzuna
unity developer,gamedev,Middle,2-3 роки,7217.0,7917.0,US,2026-05-20,adzuna
unity developer,gamedev,Senior,5+ років,8861.0,10307.0,US,2026-05-20,adzuna
unity developer,gamedev,Middle,2-3 роки,7217.0,7917.0,US,2026-05-20,adzuna
unity developer,gamedev,Senior,5+ років,8861.0,10307.0,US,2026-05-20,adzuna
unity developer,gamedev,Middle,2-3 роки,7217.0,7917.0,US,2026-05-20,adzuna
unity developer,gamedev,Senior,5+ років,8861.0,10307.0,US,2026-05-20,adzuna
unity developer,gamedev,Middle,2-3 роки,7217.0,7917.0,US,2026-05-20,adzuna
unity developer,gamedev,Senior,5+ років,8861.0,10307.0,US,2026-05-20,adzuna
golang developer,golang,Middle,2-3 роки,9975.0,10913.0,US,2026-05-20,adzuna
golang developer,golang,Senior,5+ років,9950.0,10579.0,US,2026-05-20,adzuna
golang developer,golang,Middle,2-3 роки,9975.0,10913.0,US,2026-05-20,adzuna
golang developer,golang,Senior,5+ років,9950.0,10579.0,US,2026-05-20,adzuna
golang developer,golang,Middle,2-3 роки,9975.0,10913.0,US,2026-05-20,adzuna
golang developer,golang,Senior,5+ років,9950.0,10579.0,US,2026-05-20,adzuna
golang developer,golang,Middle,2-3 роки,9975.0,10913.0,US,2026-05-20,adzuna
golang developer,golang,Senior,5+ років,9950.0,10579.0,US,2026-05-20,adzuna
golang developer,golang,Middle,2-3 роки,9975.0,10913.0,US,2026-05-20,adzuna
golang developer,golang,Senior,5+ років,9950.0,10579.0,US,2026-05-20,adzuna
graphic designer,graphic_design,Middle,2-3 роки,4473.0,4473.0,US,2026-05-20,adzuna
graphic designer,graphic_design,Senior,5+ років,4504.0,4504.0,US,2026-05-20,adzuna
graphic designer,graphic_design,Middle,2-3 роки,4473.0,4473.0,US,2026-05-20,adzuna
graphic designer,graphic_design,Senior,5+ років,4504.0,4504.0,US,2026-05-20,adzuna
graphic designer,graphic_design,Middle,2-3 роки,4473.0,4473.0,US,2026-05-20,adzuna
graphic designer,graphic_design,Senior,5+ років,4504.0,4504.0,US,2026-05-20,adzuna
graphic designer,graphic_design,Middle,2-3 роки,4473.0,4473.0,US,2026-05-20,adzuna
graphic designer,graphic_design,Senior,5+ років,4504.0,4504.0,US,2026-05-20,adzuna
graphic designer,graphic_design,Middle,2-3 роки,4473.0,4473.0,US,2026-05-20,adzuna
graphic designer,graphic_design,Senior,5+ років,4504.0,4504.0,US,2026-05-20,adzuna
head of software engineering,head_chief,Middle,2-3 роки,6692.0,6692.0,US,2026-05-20,adzuna
head of software engineering,head_chief,Senior,5+ років,6779.0,6779.0,US,2026-05-20,adzuna
head of software engineering,head_chief,Middle,2-3 роки,6692.0,6692.0,US,2026-05-20,adzuna
head of software engineering,head_chief,Senior,5+ років,6779.0,6779.0,US,2026-05-20,adzuna
head of software engineering,head_chief,Middle,2-3 роки,6692.0,6692.0,US,2026-05-20,adzuna
head of software engineering,head_chief,Senior,5+ років,6779.0,6779.0,US,2026-05-20,adzuna
head of software engineering,head_chief,Middle,2-3 роки,6692.0,6692.0,US,2026-05-20,adzuna
head of software engineering,head_chief,Senior,5+ років,6779.0,6779.0,US,2026-05-20,adzuna
head of software engineering,head_chief,Middle,2-3 роки,6692.0,6692.0,US,2026-05-20,adzuna
head of software engineering,head_chief,Senior,5+ років,6779.0,6779.0,US,2026-05-20,adzuna
hr manager,hr,Middle,2-3 роки,8014.0,8014.0,US,2026-05-20,adzuna
hr manager,hr,Senior,5+ років,,,US,2026-05-20,adzuna
hr manager,hr,Middle,2-3 роки,8014.0,8014.0,US,2026-05-20,adzuna
hr manager,hr,Senior,5+ років,,,US,2026-05-20,adzuna
hr manager,hr,Middle,2-3 роки,8014.0,8014.0,US,2026-05-20,adzuna
hr manager,hr,Senior,5+ років,,,US,2026-05-20,adzuna
hr manager,hr,Middle,2-3 роки,8014.0,8014.0,US,2026-05-20,adzuna
hr manager,hr,Senior,5+ років,,,US,2026-05-20,adzuna
hr manager,hr,Middle,2-3 роки,8014.0,8014.0,US,2026-05-20,adzuna
hr manager,hr,Senior,5+ років,,,US,2026-05-20,adzuna
illustrator designer,illustrator,Middle,2-3 роки,5567.0,6023.0,US,2026-05-20,adzuna
illustrator designer,illustrator,Senior,5+ років,5783.0,6023.0,US,2026-05-20,adzuna
illustrator designer,illustrator,Middle,2-3 роки,5567.0,6023.0,US,2026-05-20,adzuna
illustrator designer,illustrator,Senior,5+ років,5783.0,6023.0,US,2026-05-20,adzuna
illustrator designer,illustrator,Middle,2-3 роки,5567.0,6023.0,US,2026-05-20,adzuna
illustrator designer,illustrator,Senior,5+ років,5783.0,6023.0,US,2026-05-20,adzuna
illustrator designer,illustrator,Middle,2-3 роки,5567.0,6023.0,US,2026-05-20,adzuna
illustrator designer,illustrator,Senior,5+ років,5783.0,6023.0,US,2026-05-20,adzuna
illustrator designer,illustrator,Middle,2-3 роки,5567.0,6023.0,US,2026-05-20,adzuna
illustrator designer,illustrator,Senior,5+ років,5783.0,6023.0,US,2026-05-20,adzuna
information security engineer,information_security,Middle,2-3 роки,7771.0,7771.0,US,2026-05-20,adzuna
information security engineer,information_security,Senior,5+ років,9030.0,9030.0,US,2026-05-20,adzuna
information security engineer,information_security,Middle,2-3 роки,7771.0,7771.0,US,2026-05-20,adzuna
information security engineer,information_security,Senior,5+ років,9030.0,9030.0,US,2026-05-20,adzuna
information security engineer,information_security,Middle,2-3 роки,7771.0,7771.0,US,2026-05-20,adzuna
information security engineer,information_security,Senior,5+ років,9030.0,9030.0,US,2026-05-20,adzuna
information security engineer,information_security,Middle,2-3 роки,7771.0,7771.0,US,2026-05-20,adzuna
information security engineer,information_security,Senior,5+ років,9030.0,9030.0,US,2026-05-20,adzuna
information security engineer,information_security,Middle,2-3 роки,7771.0,7771.0,US,2026-05-20,adzuna
information security engineer,information_security,Senior,5+ років,9030.0,9030.0,US,2026-05-20,adzuna
ios developer,ios,Middle,2-3 роки,9169.0,9169.0,US,2026-05-20,adzuna
ios developer,ios,Senior,5+ років,9715.0,9715.0,US,2026-05-20,adzuna
ios developer,ios,Middle,2-3 роки,9169.0,9169.0,US,2026-05-20,adzuna
ios developer,ios,Senior,5+ років,9715.0,9715.0,US,2026-05-20,adzuna
ios developer,ios,Middle,2-3 роки,9169.0,9169.0,US,2026-05-20,adzuna
ios developer,ios,Senior,5+ років,9715.0,9715.0,US,2026-05-20,adzuna
ios developer,ios,Middle,2-3 роки,9169.0,9169.0,US,2026-05-20,adzuna
ios developer,ios,Senior,5+ років,9715.0,9715.0,US,2026-05-20,adzuna
ios developer,ios,Middle,2-3 роки,9169.0,9169.0,US,2026-05-20,adzuna
ios developer,ios,Senior,5+ років,9715.0,9715.0,US,2026-05-20,adzuna
java developer,java,Middle,2-3 роки,11291.0,11291.0,US,2026-05-20,adzuna
java developer,java,Senior,5+ років,11226.0,11226.0,US,2026-05-20,adzuna
java developer,java,Middle,2-3 роки,11291.0,11291.0,US,2026-05-20,adzuna
java developer,java,Senior,5+ років,11226.0,11226.0,US,2026-05-20,adzuna
java developer,java,Middle,2-3 роки,11291.0,11291.0,US,2026-05-20,adzuna
java developer,java,Senior,5+ років,11226.0,11226.0,US,2026-05-20,adzuna
java developer,java,Middle,2-3 роки,11291.0,11291.0,US,2026-05-20,adzuna
java developer,java,Senior,5+ років,11226.0,11226.0,US,2026-05-20,adzuna
java developer,java,Middle,2-3 роки,11291.0,11291.0,US,2026-05-20,adzuna
java developer,java,Senior,5+ років,11226.0,11226.0,US,2026-05-20,adzuna
javascript developer,javascript,Middle,2-3 роки,8888.0,8997.0,US,2026-05-20,adzuna
javascript developer,javascript,Senior,5+ років,8946.0,9055.0,US,2026-05-20,adzuna
javascript developer,javascript,Middle,2-3 роки,8888.0,8997.0,US,2026-05-20,adzuna
javascript developer,javascript,Senior,5+ років,8946.0,9055.0,US,2026-05-20,adzuna
javascript developer,javascript,Middle,2-3 роки,8888.0,8997.0,US,2026-05-20,adzuna
javascript developer,javascript,Senior,5+ років,8946.0,9055.0,US,2026-05-20,adzuna
javascript developer,javascript,Middle,2-3 роки,8888.0,8997.0,US,2026-05-20,adzuna
javascript developer,javascript,Senior,5+ років,8946.0,9055.0,US,2026-05-20,adzuna
javascript developer,javascript,Middle,2-3 роки,8888.0,8997.0,US,2026-05-20,adzuna
javascript developer,javascript,Senior,5+ років,8946.0,9055.0,US,2026-05-20,adzuna
kotlin developer,kotlin,Middle,2-3 роки,10224.0,10385.0,US,2026-05-20,adzuna
kotlin developer,kotlin,Senior,5+ років,10844.0,11730.0,US,2026-05-20,adzuna
kotlin developer,kotlin,Middle,2-3 роки,10224.0,10385.0,US,2026-05-20,adzuna
kotlin developer,kotlin,Senior,5+ років,10844.0,11730.0,US,2026-05-20,adzuna
kotlin developer,kotlin,Middle,2-3 роки,10224.0,10385.0,US,2026-05-20,adzuna
kotlin developer,kotlin,Senior,5+ років,10844.0,11730.0,US,2026-05-20,adzuna
kotlin developer,kotlin,Middle,2-3 роки,10224.0,10385.0,US,2026-05-20,adzuna
kotlin developer,kotlin,Senior,5+ років,10844.0,11730.0,US,2026-05-20,adzuna
kotlin developer,kotlin,Middle,2-3 роки,10224.0,10385.0,US,2026-05-20,adzuna
kotlin developer,kotlin,Senior,5+ років,10844.0,11730.0,US,2026-05-20,adzuna
laravel developer,laravel,Middle,2-3 роки,8899.0,9167.0,US,2026-05-20,adzuna
laravel developer,laravel,Senior,5+ років,9159.0,10000.0,US,2026-05-20,adzuna
laravel developer,laravel,Middle,2-3 роки,8899.0,9167.0,US,2026-05-20,adzuna
laravel developer,laravel,Senior,5+ років,9159.0,10000.0,US,2026-05-20,adzuna
laravel developer,laravel,Middle,2-3 роки,8899.0,9167.0,US,2026-05-20,adzuna
laravel developer,laravel,Senior,5+ років,9159.0,10000.0,US,2026-05-20,adzuna
laravel developer,laravel,Middle,2-3 роки,8899.0,9167.0,US,2026-05-20,adzuna
laravel developer,laravel,Senior,5+ років,9159.0,10000.0,US,2026-05-20,adzuna
laravel developer,laravel,Middle,2-3 роки,8899.0,9167.0,US,2026-05-20,adzuna
laravel developer,laravel,Senior,5+ років,9159.0,10000.0,US,2026-05-20,adzuna
tech lead,lead,Middle,2-3 роки,,,US,2026-05-20,adzuna
tech lead,lead,Senior,5+ років,11670.0,11670.0,US,2026-05-20,adzuna
tech lead,lead,Middle,2-3 роки,,,US,2026-05-20,adzuna
tech lead,lead,Senior,5+ років,11670.0,11670.0,US,2026-05-20,adzuna
tech lead,lead,Middle,2-3 роки,,,US,2026-05-20,adzuna
tech lead,lead,Senior,5+ років,11670.0,11670.0,US,2026-05-20,adzuna
tech lead,lead,Middle,2-3 роки,,,US,2026-05-20,adzuna
tech lead,lead,Senior,5+ років,11670.0,11670.0,US,2026-05-20,adzuna
tech lead,lead,Middle,2-3 роки,,,US,2026-05-20,adzuna
tech lead,lead,Senior,5+ років,11670.0,11670.0,US,2026-05-20,adzuna
lead generation manager,lead_generation,Middle,2-3 роки,6500.0,9167.0,US,2026-05-20,adzuna
lead generation manager,lead_generation,Senior,5+ років,6500.0,9167.0,US,2026-05-20,adzuna
lead generation manager,lead_generation,Middle,2-3 роки,6500.0,9167.0,US,2026-05-20,adzuna
lead generation manager,lead_generation,Senior,5+ років,6500.0,9167.0,US,2026-05-20,adzuna
lead generation manager,lead_generation,Middle,2-3 роки,6500.0,9167.0,US,2026-05-20,adzuna
lead generation manager,lead_generation,Senior,5+ років,6500.0,9167.0,US,2026-05-20,adzuna
lead generation manager,lead_generation,Middle,2-3 роки,6500.0,9167.0,US,2026-05-20,adzuna
lead generation manager,lead_generation,Senior,5+ років,6500.0,9167.0,US,2026-05-20,adzuna
lead generation manager,lead_generation,Middle,2-3 роки,6500.0,9167.0,US,2026-05-20,adzuna
lead generation manager,lead_generation,Senior,5+ років,6500.0,9167.0,US,2026-05-20,adzuna
magento developer,magento,Middle,2-3 роки,7322.0,8065.0,US,2026-05-20,adzuna
magento developer,magento,Senior,5+ років,8507.0,8582.0,US,2026-05-20,adzuna
magento developer,magento,Middle,2-3 роки,7322.0,8065.0,US,2026-05-20,adzuna
magento developer,magento,Senior,5+ років,8507.0,8582.0,US,2026-05-20,adzuna
magento developer,magento,Middle,2-3 роки,7322.0,8065.0,US,2026-05-20,adzuna
magento developer,magento,Senior,5+ років,8507.0,8582.0,US,2026-05-20,adzuna
magento developer,magento,Middle,2-3 роки,7322.0,8065.0,US,2026-05-20,adzuna
magento developer,magento,Senior,5+ років,8507.0,8582.0,US,2026-05-20,adzuna
magento developer,magento,Middle,2-3 роки,7322.0,8065.0,US,2026-05-20,adzuna
magento developer,magento,Senior,5+ років,8507.0,8582.0,US,2026-05-20,adzuna
marketing manager,marketing,Middle,2-3 роки,7843.0,7959.0,US,2026-05-20,adzuna
marketing manager,marketing,Senior,5+ років,8517.0,8750.0,US,2026-05-20,adzuna
marketing manager,marketing,Middle,2-3 роки,7843.0,7959.0,US,2026-05-20,adzuna
marketing manager,marketing,Senior,5+ років,8517.0,8750.0,US,2026-05-20,adzuna
marketing manager,marketing,Middle,2-3 роки,7843.0,7959.0,US,2026-05-20,adzuna
marketing manager,marketing,Senior,5+ років,8517.0,8750.0,US,2026-05-20,adzuna
marketing manager,marketing,Middle,2-3 роки,7843.0,7959.0,US,2026-05-20,adzuna
marketing manager,marketing,Senior,5+ років,8517.0,8750.0,US,2026-05-20,adzuna
marketing manager,marketing,Middle,2-3 роки,7843.0,7959.0,US,2026-05-20,adzuna
marketing manager,marketing,Senior,5+ років,8517.0,8750.0,US,2026-05-20,adzuna
marketing analyst,marketing_analyst,Middle,2-3 роки,6816.0,6816.0,US,2026-05-20,adzuna
marketing analyst,marketing_analyst,Senior,5+ років,9279.0,9279.0,US,2026-05-20,adzuna
marketing analyst,marketing_analyst,Middle,2-3 роки,6816.0,6816.0,US,2026-05-20,adzuna
marketing analyst,marketing_analyst,Senior,5+ років,9279.0,9279.0,US,2026-05-20,adzuna
marketing analyst,marketing_analyst,Middle,2-3 роки,6816.0,6816.0,US,2026-05-20,adzuna
marketing analyst,marketing_analyst,Senior,5+ років,9279.0,9279.0,US,2026-05-20,adzuna
marketing analyst,marketing_analyst,Middle,2-3 роки,6816.0,6816.0,US,2026-05-20,adzuna
marketing analyst,marketing_analyst,Senior,5+ років,9279.0,9279.0,US,2026-05-20,adzuna
marketing analyst,marketing_analyst,Middle,2-3 роки,6816.0,6816.0,US,2026-05-20,adzuna
marketing analyst,marketing_analyst,Senior,5+ років,9279.0,9279.0,US,2026-05-20,adzuna
.net maui developer,maui,Middle,2-3 роки,7768.0,7768.0,US,2026-05-20,adzuna
.net maui developer,maui,Senior,5+ років,8015.0,8108.0,US,2026-05-20,adzuna
.net maui developer,maui,Middle,2-3 роки,7768.0,7768.0,US,2026-05-20,adzuna
.net maui developer,maui,Senior,5+ років,8015.0,8108.0,US,2026-05-20,adzuna
.net maui developer,maui,Middle,2-3 роки,7768.0,7768.0,US,2026-05-20,adzuna
.net maui developer,maui,Senior,5+ років,8015.0,8108.0,US,2026-05-20,adzuna
.net maui developer,maui,Middle,2-3 роки,7768.0,7768.0,US,2026-05-20,adzuna
.net maui developer,maui,Senior,5+ років,8015.0,8108.0,US,2026-05-20,adzuna
.net maui developer,maui,Middle,2-3 роки,7768.0,7768.0,US,2026-05-20,adzuna
.net maui developer,maui,Senior,5+ років,8015.0,8108.0,US,2026-05-20,adzuna
media buyer,media_buying,Middle,2-3 роки,6146.0,6250.0,US,2026-05-20,adzuna
media buyer,media_buying,Senior,5+ років,5833.0,6152.0,US,2026-05-20,adzuna
media buyer,media_buying,Middle,2-3 роки,6146.0,6250.0,US,2026-05-20,adzuna
media buyer,media_buying,Senior,5+ років,5833.0,6152.0,US,2026-05-20,adzuna
media buyer,media_buying,Middle,2-3 роки,6146.0,6250.0,US,2026-05-20,adzuna
media buyer,media_buying,Senior,5+ років,5833.0,6152.0,US,2026-05-20,adzuna
media buyer,media_buying,Middle,2-3 роки,6146.0,6250.0,US,2026-05-20,adzuna
media buyer,media_buying,Senior,5+ років,5833.0,6152.0,US,2026-05-20,adzuna
media buyer,media_buying,Middle,2-3 роки,6146.0,6250.0,US,2026-05-20,adzuna
media buyer,media_buying,Senior,5+ років,5833.0,6152.0,US,2026-05-20,adzuna
machine learning engineer,ml_ai,Middle,2-3 роки,7299.0,7299.0,US,2026-05-20,adzuna
machine learning engineer,ml_ai,Senior,5+ років,7719.0,7719.0,US,2026-05-20,adzuna
machine learning engineer,ml_ai,Middle,2-3 роки,7299.0,7299.0,US,2026-05-20,adzuna
machine learning engineer,ml_ai,Senior,5+ років,7719.0,7719.0,US,2026-05-20,adzuna
machine learning engineer,ml_ai,Middle,2-3 роки,7299.0,7299.0,US,2026-05-20,adzuna
machine learning engineer,ml_ai,Senior,5+ років,7719.0,7719.0,US,2026-05-20,adzuna
machine learning engineer,ml_ai,Middle,2-3 роки,7299.0,7299.0,US,2026-05-20,adzuna
machine learning engineer,ml_ai,Senior,5+ років,7719.0,7719.0,US,2026-05-20,adzuna
machine learning engineer,ml_ai,Middle,2-3 роки,7299.0,7299.0,US,2026-05-20,adzuna
machine learning engineer,ml_ai,Senior,5+ років,7719.0,7719.0,US,2026-05-20,adzuna
motion designer,motion_design,Middle,2-3 роки,7559.0,8389.0,US,2026-05-20,adzuna
motion designer,motion_design,Senior,5+ років,7955.0,9412.0,US,2026-05-20,adzuna
motion designer,motion_design,Middle,2-3 роки,7559.0,8389.0,US,2026-05-20,adzuna
motion designer,motion_design,Senior,5+ років,7955.0,9412.0,US,2026-05-20,adzuna
motion designer,motion_design,Middle,2-3 роки,7559.0,8389.0,US,2026-05-20,adzuna
motion designer,motion_design,Senior,5+ років,7955.0,9412.0,US,2026-05-20,adzuna
motion designer,motion_design,Middle,2-3 роки,7559.0,8389.0,US,2026-05-20,adzuna
motion designer,motion_design,Senior,5+ років,7955.0,9412.0,US,2026-05-20,adzuna
motion designer,motion_design,Middle,2-3 роки,7559.0,8389.0,US,2026-05-20,adzuna
motion designer,motion_design,Senior,5+ років,7955.0,9412.0,US,2026-05-20,adzuna
microsoft dynamics developer,ms_dynamics,Middle,2-3 роки,,,US,2026-05-20,adzuna
microsoft dynamics developer,ms_dynamics,Senior,5+ років,14259.0,14294.0,US,2026-05-20,adzuna
microsoft dynamics developer,ms_dynamics,Middle,2-3 роки,,,US,2026-05-20,adzuna
microsoft dynamics developer,ms_dynamics,Senior,5+ років,14259.0,14294.0,US,2026-05-20,adzuna
microsoft dynamics developer,ms_dynamics,Middle,2-3 роки,,,US,2026-05-20,adzuna
microsoft dynamics developer,ms_dynamics,Senior,5+ років,14259.0,14294.0,US,2026-05-20,adzuna
microsoft dynamics developer,ms_dynamics,Middle,2-3 роки,,,US,2026-05-20,adzuna
microsoft dynamics developer,ms_dynamics,Senior,5+ років,14259.0,14294.0,US,2026-05-20,adzuna
microsoft dynamics developer,ms_dynamics,Middle,2-3 роки,,,US,2026-05-20,adzuna
microsoft dynamics developer,ms_dynamics,Senior,5+ років,14259.0,14294.0,US,2026-05-20,adzuna
no code developer,nocode,Middle,2-3 роки,8375.0,9542.0,US,2026-05-20,adzuna
no code developer,nocode,Senior,5+ років,7098.0,7098.0,US,2026-05-20,adzuna
no code developer,nocode,Middle,2-3 роки,8375.0,9542.0,US,2026-05-20,adzuna
no code developer,nocode,Senior,5+ років,7098.0,7098.0,US,2026-05-20,adzuna
no code developer,nocode,Middle,2-3 роки,8375.0,9542.0,US,2026-05-20,adzuna
no code developer,nocode,Senior,5+ років,7098.0,7098.0,US,2026-05-20,adzuna
no code developer,nocode,Middle,2-3 роки,8375.0,9542.0,US,2026-05-20,adzuna
no code developer,nocode,Senior,5+ років,7098.0,7098.0,US,2026-05-20,adzuna
no code developer,nocode,Middle,2-3 роки,8375.0,9542.0,US,2026-05-20,adzuna
no code developer,nocode,Senior,5+ років,7098.0,7098.0,US,2026-05-20,adzuna
node.js developer,node_js,Middle,2-3 роки,9886.0,9886.0,US,2026-05-20,adzuna
node.js developer,node_js,Senior,5+ років,9549.0,9886.0,US,2026-05-20,adzuna
node.js developer,node_js,Middle,2-3 роки,9886.0,9886.0,US,2026-05-20,adzuna
node.js developer,node_js,Senior,5+ років,9549.0,9886.0,US,2026-05-20,adzuna
node.js developer,node_js,Middle,2-3 роки,9886.0,9886.0,US,2026-05-20,adzuna
node.js developer,node_js,Senior,5+ років,9549.0,9886.0,US,2026-05-20,adzuna
node.js developer,node_js,Middle,2-3 роки,9886.0,9886.0,US,2026-05-20,adzuna
node.js developer,node_js,Senior,5+ років,9549.0,9886.0,US,2026-05-20,adzuna
node.js developer,node_js,Middle,2-3 роки,9886.0,9886.0,US,2026-05-20,adzuna
node.js developer,node_js,Senior,5+ років,9549.0,9886.0,US,2026-05-20,adzuna
odoo developer,odoo,Middle,2-3 роки,,,US,2026-05-20,adzuna
odoo developer,odoo,Senior,5+ років,7356.0,9167.0,US,2026-05-20,adzuna
odoo developer,odoo,Middle,2-3 роки,,,US,2026-05-20,adzuna
odoo developer,odoo,Senior,5+ років,7356.0,9167.0,US,2026-05-20,adzuna
odoo developer,odoo,Middle,2-3 роки,,,US,2026-05-20,adzuna
odoo developer,odoo,Senior,5+ років,7356.0,9167.0,US,2026-05-20,adzuna
odoo developer,odoo,Middle,2-3 роки,,,US,2026-05-20,adzuna
odoo developer,odoo,Senior,5+ років,7356.0,9167.0,US,2026-05-20,adzuna
odoo developer,odoo,Middle,2-3 роки,,,US,2026-05-20,adzuna
odoo developer,odoo,Senior,5+ років,7356.0,9167.0,US,2026-05-20,adzuna
penetration tester,penetration_tester,Middle,2-3 роки,9873.0,10697.0,US,2026-05-20,adzuna
penetration tester,penetration_tester,Senior,5+ років,10697.0,11142.0,US,2026-05-20,adzuna
penetration tester,penetration_tester,Middle,2-3 роки,9873.0,10697.0,US,2026-05-20,adzuna
penetration tester,penetration_tester,Senior,5+ років,10697.0,11142.0,US,2026-05-20,adzuna
penetration tester,penetration_tester,Middle,2-3 роки,9873.0,10697.0,US,2026-05-20,adzuna
penetration tester,penetration_tester,Senior,5+ років,10697.0,11142.0,US,2026-05-20,adzuna
penetration tester,penetration_tester,Middle,2-3 роки,9873.0,10697.0,US,2026-05-20,adzuna
penetration tester,penetration_tester,Senior,5+ років,10697.0,11142.0,US,2026-05-20,adzuna
penetration tester,penetration_tester,Middle,2-3 роки,9873.0,10697.0,US,2026-05-20,adzuna
penetration tester,penetration_tester,Senior,5+ років,10697.0,11142.0,US,2026-05-20,adzuna
php developer,php,Middle,2-3 роки,6725.0,7556.0,US,2026-05-20,adzuna
php developer,php,Senior,5+ років,7612.0,8070.0,US,2026-05-20,adzuna
php developer,php,Middle,2-3 роки,6725.0,7556.0,US,2026-05-20,adzuna
php developer,php,Senior,5+ років,7612.0,8070.0,US,2026-05-20,adzuna
php developer,php,Middle,2-3 роки,6725.0,7556.0,US,2026-05-20,adzuna
php developer,php,Senior,5+ років,7612.0,8070.0,US,2026-05-20,adzuna
php developer,php,Middle,2-3 роки,6725.0,7556.0,US,2026-05-20,adzuna
php developer,php,Senior,5+ років,7612.0,8070.0,US,2026-05-20,adzuna
php developer,php,Middle,2-3 роки,6725.0,7556.0,US,2026-05-20,adzuna
php developer,php,Senior,5+ років,7612.0,8070.0,US,2026-05-20,adzuna
ppc specialist,ppc,Middle,2-3 роки,4674.0,4806.0,US,2026-05-20,adzuna
ppc specialist,ppc,Senior,5+ років,4781.0,4858.0,US,2026-05-20,adzuna
ppc specialist,ppc,Middle,2-3 роки,4674.0,4806.0,US,2026-05-20,adzuna
ppc specialist,ppc,Senior,5+ років,4781.0,4858.0,US,2026-05-20,adzuna
ppc specialist,ppc,Middle,2-3 роки,4674.0,4806.0,US,2026-05-20,adzuna
ppc specialist,ppc,Senior,5+ років,4781.0,4858.0,US,2026-05-20,adzuna
ppc specialist,ppc,Middle,2-3 роки,4674.0,4806.0,US,2026-05-20,adzuna
ppc specialist,ppc,Senior,5+ років,4781.0,4858.0,US,2026-05-20,adzuna
ppc specialist,ppc,Middle,2-3 роки,4674.0,4806.0,US,2026-05-20,adzuna
ppc specialist,ppc,Senior,5+ років,4781.0,4858.0,US,2026-05-20,adzuna
pr manager,pr_manager,Middle,2-3 роки,11131.0,12043.0,US,2026-05-20,adzuna
pr manager,pr_manager,Senior,5+ років,10770.0,11735.0,US,2026-05-20,adzuna
pr manager,pr_manager,Middle,2-3 роки,11131.0,12043.0,US,2026-05-20,adzuna
pr manager,pr_manager,Senior,5+ років,10770.0,11735.0,US,2026-05-20,adzuna
pr manager,pr_manager,Middle,2-3 роки,11131.0,12043.0,US,2026-05-20,adzuna
pr manager,pr_manager,Senior,5+ років,10770.0,11735.0,US,2026-05-20,adzuna
pr manager,pr_manager,Middle,2-3 роки,11131.0,12043.0,US,2026-05-20,adzuna
pr manager,pr_manager,Senior,5+ років,10770.0,11735.0,US,2026-05-20,adzuna
pr manager,pr_manager,Middle,2-3 роки,11131.0,12043.0,US,2026-05-20,adzuna
pr manager,pr_manager,Senior,5+ років,10770.0,11735.0,US,2026-05-20,adzuna
product designer,product_design,Middle,2-3 роки,9589.0,9589.0,US,2026-05-20,adzuna
product designer,product_design,Senior,5+ років,9697.0,9697.0,US,2026-05-20,adzuna
product designer,product_design,Middle,2-3 роки,9589.0,9589.0,US,2026-05-20,adzuna
product designer,product_design,Senior,5+ років,9697.0,9697.0,US,2026-05-20,adzuna
product designer,product_design,Middle,2-3 роки,9589.0,9589.0,US,2026-05-20,adzuna
product designer,product_design,Senior,5+ років,9697.0,9697.0,US,2026-05-20,adzuna
product designer,product_design,Middle,2-3 роки,9589.0,9589.0,US,2026-05-20,adzuna
product designer,product_design,Senior,5+ років,9697.0,9697.0,US,2026-05-20,adzuna
product designer,product_design,Middle,2-3 роки,9589.0,9589.0,US,2026-05-20,adzuna
product designer,product_design,Senior,5+ років,9697.0,9697.0,US,2026-05-20,adzuna
product manager,product_manager,Middle,2-3 роки,8168.0,8168.0,US,2026-05-20,adzuna
product manager,product_manager,Senior,5+ років,8183.0,8183.0,US,2026-05-20,adzuna
product manager,product_manager,Middle,2-3 роки,8168.0,8168.0,US,2026-05-20,adzuna
product manager,product_manager,Senior,5+ років,8183.0,8183.0,US,2026-05-20,adzuna
product manager,product_manager,Middle,2-3 роки,8168.0,8168.0,US,2026-05-20,adzuna
product manager,product_manager,Senior,5+ років,8183.0,8183.0,US,2026-05-20,adzuna
product manager,product_manager,Middle,2-3 роки,8168.0,8168.0,US,2026-05-20,adzuna
product manager,product_manager,Senior,5+ років,8183.0,8183.0,US,2026-05-20,adzuna
product manager,product_manager,Middle,2-3 роки,8168.0,8168.0,US,2026-05-20,adzuna
product manager,product_manager,Senior,5+ років,8183.0,8183.0,US,2026-05-20,adzuna
product owner,product_owner,Middle,2-3 роки,9804.0,9804.0,US,2026-05-20,adzuna
product owner,product_owner,Senior,5+ років,9781.0,9781.0,US,2026-05-20,adzuna
product owner,product_owner,Middle,2-3 роки,9804.0,9804.0,US,2026-05-20,adzuna
product owner,product_owner,Senior,5+ років,9781.0,9781.0,US,2026-05-20,adzuna
product owner,product_owner,Middle,2-3 роки,9804.0,9804.0,US,2026-05-20,adzuna
product owner,product_owner,Senior,5+ років,9781.0,9781.0,US,2026-05-20,adzuna
product owner,product_owner,Middle,2-3 роки,9804.0,9804.0,US,2026-05-20,adzuna
product owner,product_owner,Senior,5+ років,9781.0,9781.0,US,2026-05-20,adzuna
product owner,product_owner,Middle,2-3 роки,9804.0,9804.0,US,2026-05-20,adzuna
product owner,product_owner,Senior,5+ років,9781.0,9781.0,US,2026-05-20,adzuna
IT project manager software,project_manager,Middle,2-3 роки,8520.0,8785.0,US,2026-05-20,adzuna
IT project manager software,project_manager,Senior,5+ років,8965.0,9096.0,US,2026-05-20,adzuna
IT project manager software,project_manager,Middle,2-3 роки,8520.0,8785.0,US,2026-05-20,adzuna
IT project manager software,project_manager,Senior,5+ років,8965.0,9096.0,US,2026-05-20,adzuna
IT project manager software,project_manager,Middle,2-3 роки,8520.0,8785.0,US,2026-05-20,adzuna
IT project manager software,project_manager,Senior,5+ років,8965.0,9096.0,US,2026-05-20,adzuna
IT project manager software,project_manager,Middle,2-3 роки,8520.0,8785.0,US,2026-05-20,adzuna
IT project manager software,project_manager,Senior,5+ років,8965.0,9096.0,US,2026-05-20,adzuna
IT project manager software,project_manager,Middle,2-3 роки,8520.0,8785.0,US,2026-05-20,adzuna
IT project manager software,project_manager,Senior,5+ років,8965.0,9096.0,US,2026-05-20,adzuna
python developer,python,Middle,2-3 роки,9171.0,9171.0,US,2026-05-20,adzuna
python developer,python,Senior,5+ років,8766.0,8766.0,US,2026-05-20,adzuna
python developer,python,Middle,2-3 роки,9171.0,9171.0,US,2026-05-20,adzuna
python developer,python,Senior,5+ років,8766.0,8766.0,US,2026-05-20,adzuna
python developer,python,Middle,2-3 роки,9171.0,9171.0,US,2026-05-20,adzuna
python developer,python,Senior,5+ років,8766.0,8766.0,US,2026-05-20,adzuna
python developer,python,Middle,2-3 роки,9171.0,9171.0,US,2026-05-20,adzuna
python developer,python,Senior,5+ років,8766.0,8766.0,US,2026-05-20,adzuna
python developer,python,Middle,2-3 роки,9171.0,9171.0,US,2026-05-20,adzuna
python developer,python,Senior,5+ років,8766.0,8766.0,US,2026-05-20,adzuna
qa engineer,qa,Middle,2-3 роки,8813.0,8813.0,US,2026-05-20,adzuna
qa engineer,qa,Senior,5+ років,8884.0,8884.0,US,2026-05-20,adzuna
qa engineer,qa,Middle,2-3 роки,8813.0,8813.0,US,2026-05-20,adzuna
qa engineer,qa,Senior,5+ років,8884.0,8884.0,US,2026-05-20,adzuna
qa engineer,qa,Middle,2-3 роки,8813.0,8813.0,US,2026-05-20,adzuna
qa engineer,qa,Senior,5+ років,8884.0,8884.0,US,2026-05-20,adzuna
qa engineer,qa,Middle,2-3 роки,8813.0,8813.0,US,2026-05-20,adzuna
qa engineer,qa,Senior,5+ років,8884.0,8884.0,US,2026-05-20,adzuna
qa engineer,qa,Middle,2-3 роки,8813.0,8813.0,US,2026-05-20,adzuna
qa engineer,qa,Senior,5+ років,8884.0,8884.0,US,2026-05-20,adzuna
qa automation engineer,qa_automation,Middle,2-3 роки,7084.0,7084.0,US,2026-05-20,adzuna
qa automation engineer,qa_automation,Senior,5+ років,7127.0,7127.0,US,2026-05-20,adzuna
qa automation engineer,qa_automation,Middle,2-3 роки,7084.0,7084.0,US,2026-05-20,adzuna
qa automation engineer,qa_automation,Senior,5+ років,7127.0,7127.0,US,2026-05-20,adzuna
qa automation engineer,qa_automation,Middle,2-3 роки,7084.0,7084.0,US,2026-05-20,adzuna
qa automation engineer,qa_automation,Senior,5+ років,7127.0,7127.0,US,2026-05-20,adzuna
qa automation engineer,qa_automation,Middle,2-3 роки,7084.0,7084.0,US,2026-05-20,adzuna
qa automation engineer,qa_automation,Senior,5+ років,7127.0,7127.0,US,2026-05-20,adzuna
qa automation engineer,qa_automation,Middle,2-3 роки,7084.0,7084.0,US,2026-05-20,adzuna
qa automation engineer,qa_automation,Senior,5+ років,7127.0,7127.0,US,2026-05-20,adzuna
manual qa tester,qa_manual,Middle,2-3 роки,6468.0,7264.0,US,2026-05-20,adzuna
manual qa tester,qa_manual,Senior,5+ років,6647.0,7414.0,US,2026-05-20,adzuna
manual qa tester,qa_manual,Middle,2-3 роки,6468.0,7264.0,US,2026-05-20,adzuna
manual qa tester,qa_manual,Senior,5+ років,6647.0,7414.0,US,2026-05-20,adzuna
manual qa tester,qa_manual,Middle,2-3 роки,6468.0,7264.0,US,2026-05-20,adzuna
manual qa tester,qa_manual,Senior,5+ років,6647.0,7414.0,US,2026-05-20,adzuna
manual qa tester,qa_manual,Middle,2-3 роки,6468.0,7264.0,US,2026-05-20,adzuna
manual qa tester,qa_manual,Senior,5+ років,6647.0,7414.0,US,2026-05-20,adzuna
manual qa tester,qa_manual,Middle,2-3 роки,6468.0,7264.0,US,2026-05-20,adzuna
manual qa tester,qa_manual,Senior,5+ років,6647.0,7414.0,US,2026-05-20,adzuna
react developer,react,Middle,2-3 роки,9154.0,9189.0,US,2026-05-20,adzuna
react developer,react,Senior,5+ років,9193.0,9768.0,US,2026-05-20,adzuna
react developer,react,Middle,2-3 роки,9154.0,9189.0,US,2026-05-20,adzuna
react developer,react,Senior,5+ років,9193.0,9768.0,US,2026-05-20,adzuna
react developer,react,Middle,2-3 роки,9154.0,9189.0,US,2026-05-20,adzuna
react developer,react,Senior,5+ років,9193.0,9768.0,US,2026-05-20,adzuna
react developer,react,Middle,2-3 роки,9154.0,9189.0,US,2026-05-20,adzuna
react developer,react,Senior,5+ років,9193.0,9768.0,US,2026-05-20,adzuna
react developer,react,Middle,2-3 роки,9154.0,9189.0,US,2026-05-20,adzuna
react developer,react,Senior,5+ років,9193.0,9768.0,US,2026-05-20,adzuna
react native developer,react_native,Middle,2-3 роки,9067.0,9067.0,US,2026-05-20,adzuna
react native developer,react_native,Senior,5+ років,9639.0,9892.0,US,2026-05-20,adzuna
react native developer,react_native,Middle,2-3 роки,9067.0,9067.0,US,2026-05-20,adzuna
react native developer,react_native,Senior,5+ років,9639.0,9892.0,US,2026-05-20,adzuna
react native developer,react_native,Middle,2-3 роки,9067.0,9067.0,US,2026-05-20,adzuna
react native developer,react_native,Senior,5+ років,9639.0,9892.0,US,2026-05-20,adzuna
react native developer,react_native,Middle,2-3 роки,9067.0,9067.0,US,2026-05-20,adzuna
react native developer,react_native,Senior,5+ років,9639.0,9892.0,US,2026-05-20,adzuna
react native developer,react_native,Middle,2-3 роки,9067.0,9067.0,US,2026-05-20,adzuna
react native developer,react_native,Senior,5+ років,9639.0,9892.0,US,2026-05-20,adzuna
it recruiter,recruiter,Middle,2-3 роки,6636.0,6636.0,US,2026-05-20,adzuna
it recruiter,recruiter,Senior,5+ років,6745.0,6829.0,US,2026-05-20,adzuna
it recruiter,recruiter,Middle,2-3 роки,6636.0,6636.0,US,2026-05-20,adzuna
it recruiter,recruiter,Senior,5+ років,6745.0,6829.0,US,2026-05-20,adzuna
it recruiter,recruiter,Middle,2-3 роки,6636.0,6636.0,US,2026-05-20,adzuna
it recruiter,recruiter,Senior,5+ років,6745.0,6829.0,US,2026-05-20,adzuna
it recruiter,recruiter,Middle,2-3 роки,6636.0,6636.0,US,2026-05-20,adzuna
it recruiter,recruiter,Senior,5+ років,6745.0,6829.0,US,2026-05-20,adzuna
it recruiter,recruiter,Middle,2-3 роки,6636.0,6636.0,US,2026-05-20,adzuna
it recruiter,recruiter,Senior,5+ років,6745.0,6829.0,US,2026-05-20,adzuna
ruby developer,ruby,Middle,2-3 роки,7728.0,9585.0,US,2026-05-20,adzuna
ruby developer,ruby,Senior,5+ років,9257.0,10000.0,US,2026-05-20,adzuna
ruby developer,ruby,Middle,2-3 роки,7728.0,9585.0,US,2026-05-20,adzuna
ruby developer,ruby,Senior,5+ років,9257.0,10000.0,US,2026-05-20,adzuna
ruby developer,ruby,Middle,2-3 роки,7728.0,9585.0,US,2026-05-20,adzuna
ruby developer,ruby,Senior,5+ років,9257.0,10000.0,US,2026-05-20,adzuna
ruby developer,ruby,Middle,2-3 роки,7728.0,9585.0,US,2026-05-20,adzuna
ruby developer,ruby,Senior,5+ років,9257.0,10000.0,US,2026-05-20,adzuna
ruby developer,ruby,Middle,2-3 роки,7728.0,9585.0,US,2026-05-20,adzuna
ruby developer,ruby,Senior,5+ років,9257.0,10000.0,US,2026-05-20,adzuna
rust developer,rust,Middle,2-3 роки,12636.0,12636.0,US,2026-05-20,adzuna
rust developer,rust,Senior,5+ років,12925.0,12925.0,US,2026-05-20,adzuna
rust developer,rust,Middle,2-3 роки,12636.0,12636.0,US,2026-05-20,adzuna
rust developer,rust,Senior,5+ років,12925.0,12925.0,US,2026-05-20,adzuna
rust developer,rust,Middle,2-3 роки,12636.0,12636.0,US,2026-05-20,adzuna
rust developer,rust,Senior,5+ років,12925.0,12925.0,US,2026-05-20,adzuna
rust developer,rust,Middle,2-3 роки,12636.0,12636.0,US,2026-05-20,adzuna
rust developer,rust,Senior,5+ років,12925.0,12925.0,US,2026-05-20,adzuna
rust developer,rust,Middle,2-3 роки,12636.0,12636.0,US,2026-05-20,adzuna
rust developer,rust,Senior,5+ років,12925.0,12925.0,US,2026-05-20,adzuna
sales manager,sales,Middle,2-3 роки,9484.0,9611.0,US,2026-05-20,adzuna
sales manager,sales,Senior,5+ років,9484.0,9611.0,US,2026-05-20,adzuna
sales manager,sales,Middle,2-3 роки,9484.0,9611.0,US,2026-05-20,adzuna
sales manager,sales,Senior,5+ років,9484.0,9611.0,US,2026-05-20,adzuna
sales manager,sales,Middle,2-3 роки,9484.0,9611.0,US,2026-05-20,adzuna
sales manager,sales,Senior,5+ років,9484.0,9611.0,US,2026-05-20,adzuna
sales manager,sales,Middle,2-3 роки,9484.0,9611.0,US,2026-05-20,adzuna
sales manager,sales,Senior,5+ років,9484.0,9611.0,US,2026-05-20,adzuna
sales manager,sales,Middle,2-3 роки,9484.0,9611.0,US,2026-05-20,adzuna
sales manager,sales,Senior,5+ років,9484.0,9611.0,US,2026-05-20,adzuna
sales director,sales_leadership,Middle,2-3 роки,9663.0,9663.0,US,2026-05-20,adzuna
sales director,sales_leadership,Senior,5+ років,9663.0,9663.0,US,2026-05-20,adzuna
sales director,sales_leadership,Middle,2-3 роки,9663.0,9663.0,US,2026-05-20,adzuna
sales director,sales_leadership,Senior,5+ років,9663.0,9663.0,US,2026-05-20,adzuna
sales director,sales_leadership,Middle,2-3 роки,9663.0,9663.0,US,2026-05-20,adzuna
sales director,sales_leadership,Senior,5+ років,9663.0,9663.0,US,2026-05-20,adzuna
sales director,sales_leadership,Middle,2-3 роки,9663.0,9663.0,US,2026-05-20,adzuna
sales director,sales_leadership,Senior,5+ років,9663.0,9663.0,US,2026-05-20,adzuna
sales director,sales_leadership,Middle,2-3 роки,9663.0,9663.0,US,2026-05-20,adzuna
sales director,sales_leadership,Senior,5+ років,9663.0,9663.0,US,2026-05-20,adzuna
sales manager,sales_manager,Middle,2-3 роки,9484.0,9611.0,US,2026-05-20,adzuna
sales manager,sales_manager,Senior,5+ років,9484.0,9611.0,US,2026-05-20,adzuna
sales manager,sales_manager,Middle,2-3 роки,9484.0,9611.0,US,2026-05-20,adzuna
sales manager,sales_manager,Senior,5+ років,9484.0,9611.0,US,2026-05-20,adzuna
sales manager,sales_manager,Middle,2-3 роки,9484.0,9611.0,US,2026-05-20,adzuna
sales manager,sales_manager,Senior,5+ років,9484.0,9611.0,US,2026-05-20,adzuna
sales manager,sales_manager,Middle,2-3 роки,9484.0,9611.0,US,2026-05-20,adzuna
sales manager,sales_manager,Senior,5+ років,9484.0,9611.0,US,2026-05-20,adzuna
sales manager,sales_manager,Middle,2-3 роки,9484.0,9611.0,US,2026-05-20,adzuna
sales manager,sales_manager,Senior,5+ років,9484.0,9611.0,US,2026-05-20,adzuna
salesforce developer,salesforce,Middle,2-3 роки,9901.0,9901.0,US,2026-05-20,adzuna
salesforce developer,salesforce,Senior,5+ років,9537.0,9537.0,US,2026-05-20,adzuna
salesforce developer,salesforce,Middle,2-3 роки,9901.0,9901.0,US,2026-05-20,adzuna
salesforce developer,salesforce,Senior,5+ років,9537.0,9537.0,US,2026-05-20,adzuna
salesforce developer,salesforce,Middle,2-3 роки,9901.0,9901.0,US,2026-05-20,adzuna
salesforce developer,salesforce,Senior,5+ років,9537.0,9537.0,US,2026-05-20,adzuna
salesforce developer,salesforce,Middle,2-3 роки,9901.0,9901.0,US,2026-05-20,adzuna
salesforce developer,salesforce,Senior,5+ років,9537.0,9537.0,US,2026-05-20,adzuna
salesforce developer,salesforce,Middle,2-3 роки,9901.0,9901.0,US,2026-05-20,adzuna
salesforce developer,salesforce,Senior,5+ років,9537.0,9537.0,US,2026-05-20,adzuna
sap developer,sap,Middle,2-3 роки,9500.0,9610.0,US,2026-05-20,adzuna
sap developer,sap,Senior,5+ років,10154.0,11211.0,US,2026-05-20,adzuna
sap developer,sap,Middle,2-3 роки,9500.0,9610.0,US,2026-05-20,adzuna
sap developer,sap,Senior,5+ років,10154.0,11211.0,US,2026-05-20,adzuna
sap developer,sap,Middle,2-3 роки,9500.0,9610.0,US,2026-05-20,adzuna
sap developer,sap,Senior,5+ років,10154.0,11211.0,US,2026-05-20,adzuna
sap developer,sap,Middle,2-3 роки,9500.0,9610.0,US,2026-05-20,adzuna
sap developer,sap,Senior,5+ років,10154.0,11211.0,US,2026-05-20,adzuna
sap developer,sap,Middle,2-3 роки,9500.0,9610.0,US,2026-05-20,adzuna
sap developer,sap,Senior,5+ років,10154.0,11211.0,US,2026-05-20,adzuna
scala developer,scala,Middle,2-3 роки,9634.0,9874.0,US,2026-05-20,adzuna
scala developer,scala,Senior,5+ років,9602.0,9837.0,US,2026-05-20,adzuna
scala developer,scala,Middle,2-3 роки,9634.0,9874.0,US,2026-05-20,adzuna
scala developer,scala,Senior,5+ років,9602.0,9837.0,US,2026-05-20,adzuna
scala developer,scala,Middle,2-3 роки,9634.0,9874.0,US,2026-05-20,adzuna
scala developer,scala,Senior,5+ років,9602.0,9837.0,US,2026-05-20,adzuna
scala developer,scala,Middle,2-3 роки,9634.0,9874.0,US,2026-05-20,adzuna
scala developer,scala,Senior,5+ років,9602.0,9837.0,US,2026-05-20,adzuna
scala developer,scala,Middle,2-3 роки,9634.0,9874.0,US,2026-05-20,adzuna
scala developer,scala,Senior,5+ років,9602.0,9837.0,US,2026-05-20,adzuna
scrum master,scrum_master,Middle,2-3 роки,8372.0,8372.0,US,2026-05-20,adzuna
scrum master,scrum_master,Senior,5+ років,8309.0,8309.0,US,2026-05-20,adzuna
scrum master,scrum_master,Middle,2-3 роки,8372.0,8372.0,US,2026-05-20,adzuna
scrum master,scrum_master,Senior,5+ років,8309.0,8309.0,US,2026-05-20,adzuna
scrum master,scrum_master,Middle,2-3 роки,8372.0,8372.0,US,2026-05-20,adzuna
scrum master,scrum_master,Senior,5+ років,8309.0,8309.0,US,2026-05-20,adzuna
scrum master,scrum_master,Middle,2-3 роки,8372.0,8372.0,US,2026-05-20,adzuna
scrum master,scrum_master,Senior,5+ років,8309.0,8309.0,US,2026-05-20,adzuna
scrum master,scrum_master,Middle,2-3 роки,8372.0,8372.0,US,2026-05-20,adzuna
scrum master,scrum_master,Senior,5+ років,8309.0,8309.0,US,2026-05-20,adzuna
security engineer,security,Middle,2-3 роки,7660.0,7660.0,US,2026-05-20,adzuna
security engineer,security,Senior,5+ років,8086.0,8086.0,US,2026-05-20,adzuna
security engineer,security,Middle,2-3 роки,7660.0,7660.0,US,2026-05-20,adzuna
security engineer,security,Senior,5+ років,8086.0,8086.0,US,2026-05-20,adzuna
security engineer,security,Middle,2-3 роки,7660.0,7660.0,US,2026-05-20,adzuna
security engineer,security,Senior,5+ років,8086.0,8086.0,US,2026-05-20,adzuna
security engineer,security,Middle,2-3 роки,7660.0,7660.0,US,2026-05-20,adzuna
security engineer,security,Senior,5+ років,8086.0,8086.0,US,2026-05-20,adzuna
security engineer,security,Middle,2-3 роки,7660.0,7660.0,US,2026-05-20,adzuna
security engineer,security,Senior,5+ років,8086.0,8086.0,US,2026-05-20,adzuna
security analyst,security_analyst,Middle,2-3 роки,8152.0,8333.0,US,2026-05-20,adzuna
security analyst,security_analyst,Senior,5+ років,8328.0,8419.0,US,2026-05-20,adzuna
security analyst,security_analyst,Middle,2-3 роки,8152.0,8333.0,US,2026-05-20,adzuna
security analyst,security_analyst,Senior,5+ років,8328.0,8419.0,US,2026-05-20,adzuna
security analyst,security_analyst,Middle,2-3 роки,8152.0,8333.0,US,2026-05-20,adzuna
security analyst,security_analyst,Senior,5+ років,8328.0,8419.0,US,2026-05-20,adzuna
security analyst,security_analyst,Middle,2-3 роки,8152.0,8333.0,US,2026-05-20,adzuna
security analyst,security_analyst,Senior,5+ років,8328.0,8419.0,US,2026-05-20,adzuna
security analyst,security_analyst,Middle,2-3 роки,8152.0,8333.0,US,2026-05-20,adzuna
security analyst,security_analyst,Senior,5+ років,8328.0,8419.0,US,2026-05-20,adzuna
seo specialist,seo,Middle,2-3 роки,6554.0,6554.0,US,2026-05-20,adzuna
seo specialist,seo,Senior,5+ років,6636.0,6636.0,US,2026-05-20,adzuna
seo specialist,seo,Middle,2-3 роки,6554.0,6554.0,US,2026-05-20,adzuna
seo specialist,seo,Senior,5+ років,6636.0,6636.0,US,2026-05-20,adzuna
seo specialist,seo,Middle,2-3 роки,6554.0,6554.0,US,2026-05-20,adzuna
seo specialist,seo,Senior,5+ років,6636.0,6636.0,US,2026-05-20,adzuna
seo specialist,seo,Middle,2-3 роки,6554.0,6554.0,US,2026-05-20,adzuna
seo specialist,seo,Senior,5+ років,6636.0,6636.0,US,2026-05-20,adzuna
seo specialist,seo,Middle,2-3 роки,6554.0,6554.0,US,2026-05-20,adzuna
seo specialist,seo,Senior,5+ років,6636.0,6636.0,US,2026-05-20,adzuna
social media manager,social_media,Middle,2-3 роки,4811.0,4811.0,US,2026-05-20,adzuna
social media manager,social_media,Senior,5+ років,5071.0,5198.0,US,2026-05-20,adzuna
social media manager,social_media,Middle,2-3 роки,4811.0,4811.0,US,2026-05-20,adzuna
social media manager,social_media,Senior,5+ років,5071.0,5198.0,US,2026-05-20,adzuna
social media manager,social_media,Middle,2-3 роки,4811.0,4811.0,US,2026-05-20,adzuna
social media manager,social_media,Senior,5+ років,5071.0,5198.0,US,2026-05-20,adzuna
social media manager,social_media,Middle,2-3 роки,4811.0,4811.0,US,2026-05-20,adzuna
social media manager,social_media,Senior,5+ років,5071.0,5198.0,US,2026-05-20,adzuna
social media manager,social_media,Middle,2-3 роки,4811.0,4811.0,US,2026-05-20,adzuna
social media manager,social_media,Senior,5+ років,5071.0,5198.0,US,2026-05-20,adzuna
sql dba database administrator,sql_dba,Middle,2-3 роки,9343.0,9343.0,US,2026-05-20,adzuna
sql dba database administrator,sql_dba,Senior,5+ років,9343.0,9343.0,US,2026-05-20,adzuna
sql dba database administrator,sql_dba,Middle,2-3 роки,9343.0,9343.0,US,2026-05-20,adzuna
sql dba database administrator,sql_dba,Senior,5+ років,9343.0,9343.0,US,2026-05-20,adzuna
sql dba database administrator,sql_dba,Middle,2-3 роки,9343.0,9343.0,US,2026-05-20,adzuna
sql dba database administrator,sql_dba,Senior,5+ років,9343.0,9343.0,US,2026-05-20,adzuna
sql dba database administrator,sql_dba,Middle,2-3 роки,9343.0,9343.0,US,2026-05-20,adzuna
sql dba database administrator,sql_dba,Senior,5+ років,9343.0,9343.0,US,2026-05-20,adzuna
sql dba database administrator,sql_dba,Middle,2-3 роки,9343.0,9343.0,US,2026-05-20,adzuna
sql dba database administrator,sql_dba,Senior,5+ років,9343.0,9343.0,US,2026-05-20,adzuna
technical support engineer,support,Middle,2-3 роки,7827.0,7827.0,US,2026-05-20,adzuna
technical support engineer,support,Senior,5+ років,7990.0,7990.0,US,2026-05-20,adzuna
technical support engineer,support,Middle,2-3 роки,7827.0,7827.0,US,2026-05-20,adzuna
technical support engineer,support,Senior,5+ років,7990.0,7990.0,US,2026-05-20,adzuna
technical support engineer,support,Middle,2-3 роки,7827.0,7827.0,US,2026-05-20,adzuna
technical support engineer,support,Senior,5+ років,7990.0,7990.0,US,2026-05-20,adzuna
technical support engineer,support,Middle,2-3 роки,7827.0,7827.0,US,2026-05-20,adzuna
technical support engineer,support,Senior,5+ років,7990.0,7990.0,US,2026-05-20,adzuna
technical support engineer,support,Middle,2-3 роки,7827.0,7827.0,US,2026-05-20,adzuna
technical support engineer,support,Senior,5+ років,7990.0,7990.0,US,2026-05-20,adzuna
svelte developer,svelte,Middle,2-3 роки,6526.0,9000.0,US,2026-05-20,adzuna
svelte developer,svelte,Senior,5+ років,10591.0,12738.0,US,2026-05-20,adzuna
svelte developer,svelte,Middle,2-3 роки,6526.0,9000.0,US,2026-05-20,adzuna
svelte developer,svelte,Senior,5+ років,10591.0,12738.0,US,2026-05-20,adzuna
svelte developer,svelte,Middle,2-3 роки,6526.0,9000.0,US,2026-05-20,adzuna
svelte developer,svelte,Senior,5+ років,10591.0,12738.0,US,2026-05-20,adzuna
svelte developer,svelte,Middle,2-3 роки,6526.0,9000.0,US,2026-05-20,adzuna
svelte developer,svelte,Senior,5+ років,10591.0,12738.0,US,2026-05-20,adzuna
svelte developer,svelte,Middle,2-3 роки,6526.0,9000.0,US,2026-05-20,adzuna
svelte developer,svelte,Senior,5+ років,10591.0,12738.0,US,2026-05-20,adzuna
symfony developer,symfony,Middle,2-3 роки,9330.0,9418.0,US,2026-05-20,adzuna
symfony developer,symfony,Senior,5+ років,9330.0,10419.0,US,2026-05-20,adzuna
symfony developer,symfony,Middle,2-3 роки,9330.0,9418.0,US,2026-05-20,adzuna
symfony developer,symfony,Senior,5+ років,9330.0,10419.0,US,2026-05-20,adzuna
symfony developer,symfony,Middle,2-3 роки,9330.0,9418.0,US,2026-05-20,adzuna
symfony developer,symfony,Senior,5+ років,9330.0,10419.0,US,2026-05-20,adzuna
symfony developer,symfony,Middle,2-3 роки,9330.0,9418.0,US,2026-05-20,adzuna
symfony developer,symfony,Senior,5+ років,9330.0,10419.0,US,2026-05-20,adzuna
symfony developer,symfony,Middle,2-3 роки,9330.0,9418.0,US,2026-05-20,adzuna
symfony developer,symfony,Senior,5+ років,9330.0,10419.0,US,2026-05-20,adzuna
system administrator linux,sysadmin,Middle,2-3 роки,9317.0,9851.0,US,2026-05-20,adzuna
system administrator linux,sysadmin,Senior,5+ років,9761.0,10495.0,US,2026-05-20,adzuna
system administrator linux,sysadmin,Middle,2-3 роки,9317.0,9851.0,US,2026-05-20,adzuna
system administrator linux,sysadmin,Senior,5+ років,9761.0,10495.0,US,2026-05-20,adzuna
system administrator linux,sysadmin,Middle,2-3 роки,9317.0,9851.0,US,2026-05-20,adzuna
system administrator linux,sysadmin,Senior,5+ років,9761.0,10495.0,US,2026-05-20,adzuna
system administrator linux,sysadmin,Middle,2-3 роки,9317.0,9851.0,US,2026-05-20,adzuna
system administrator linux,sysadmin,Senior,5+ років,9761.0,10495.0,US,2026-05-20,adzuna
system administrator linux,sysadmin,Middle,2-3 роки,9317.0,9851.0,US,2026-05-20,adzuna
system administrator linux,sysadmin,Senior,5+ років,9761.0,10495.0,US,2026-05-20,adzuna
ux designer,ui_ux,Middle,2-3 роки,8167.0,8167.0,US,2026-05-20,adzuna
ux designer,ui_ux,Senior,5+ років,8167.0,8167.0,US,2026-05-20,adzuna
ux designer,ui_ux,Middle,2-3 роки,8167.0,8167.0,US,2026-05-20,adzuna
ux designer,ui_ux,Senior,5+ років,8167.0,8167.0,US,2026-05-20,adzuna
ux designer,ui_ux,Middle,2-3 роки,8167.0,8167.0,US,2026-05-20,adzuna
ux designer,ui_ux,Senior,5+ років,8167.0,8167.0,US,2026-05-20,adzuna
ux designer,ui_ux,Middle,2-3 роки,8167.0,8167.0,US,2026-05-20,adzuna
ux designer,ui_ux,Senior,5+ років,8167.0,8167.0,US,2026-05-20,adzuna
ux designer,ui_ux,Middle,2-3 роки,8167.0,8167.0,US,2026-05-20,adzuna
ux designer,ui_ux,Senior,5+ років,8167.0,8167.0,US,2026-05-20,adzuna
unity developer,unity,Middle,2-3 роки,7217.0,7917.0,US,2026-05-20,adzuna
unity developer,unity,Senior,5+ років,8861.0,10307.0,US,2026-05-20,adzuna
unity developer,unity,Middle,2-3 роки,7217.0,7917.0,US,2026-05-20,adzuna
unity developer,unity,Senior,5+ років,8861.0,10307.0,US,2026-05-20,adzuna
unity developer,unity,Middle,2-3 роки,7217.0,7917.0,US,2026-05-20,adzuna
unity developer,unity,Senior,5+ років,8861.0,10307.0,US,2026-05-20,adzuna
unity developer,unity,Middle,2-3 роки,7217.0,7917.0,US,2026-05-20,adzuna
unity developer,unity,Senior,5+ років,8861.0,10307.0,US,2026-05-20,adzuna
unity developer,unity,Middle,2-3 роки,7217.0,7917.0,US,2026-05-20,adzuna
unity developer,unity,Senior,5+ років,8861.0,10307.0,US,2026-05-20,adzuna
unreal engine developer,unreal,Middle,2-3 роки,11326.0,11623.0,US,2026-05-20,adzuna
unreal engine developer,unreal,Senior,5+ років,10164.0,11474.0,US,2026-05-20,adzuna
unreal engine developer,unreal,Middle,2-3 роки,11326.0,11623.0,US,2026-05-20,adzuna
unreal engine developer,unreal,Senior,5+ років,10164.0,11474.0,US,2026-05-20,adzuna
unreal engine developer,unreal,Middle,2-3 роки,11326.0,11623.0,US,2026-05-20,adzuna
unreal engine developer,unreal,Senior,5+ років,10164.0,11474.0,US,2026-05-20,adzuna
unreal engine developer,unreal,Middle,2-3 роки,11326.0,11623.0,US,2026-05-20,adzuna
unreal engine developer,unreal,Senior,5+ років,10164.0,11474.0,US,2026-05-20,adzuna
unreal engine developer,unreal,Middle,2-3 роки,11326.0,11623.0,US,2026-05-20,adzuna
unreal engine developer,unreal,Senior,5+ років,10164.0,11474.0,US,2026-05-20,adzuna
ux researcher,ux_research,Middle,2-3 роки,11191.0,11293.0,US,2026-05-20,adzuna
ux researcher,ux_research,Senior,5+ років,11348.0,11435.0,US,2026-05-20,adzuna
ux researcher,ux_research,Middle,2-3 роки,11191.0,11293.0,US,2026-05-20,adzuna
ux researcher,ux_research,Senior,5+ років,11348.0,11435.0,US,2026-05-20,adzuna
ux researcher,ux_research,Middle,2-3 роки,11191.0,11293.0,US,2026-05-20,adzuna
ux researcher,ux_research,Senior,5+ років,11348.0,11435.0,US,2026-05-20,adzuna
ux researcher,ux_research,Middle,2-3 роки,11191.0,11293.0,US,2026-05-20,adzuna
ux researcher,ux_research,Senior,5+ років,11348.0,11435.0,US,2026-05-20,adzuna
ux researcher,ux_research,Middle,2-3 роки,11191.0,11293.0,US,2026-05-20,adzuna
ux researcher,ux_research,Senior,5+ років,11348.0,11435.0,US,2026-05-20,adzuna
vue.js developer,vue,Middle,2-3 роки,9017.0,9627.0,US,2026-05-20,adzuna
vue.js developer,vue,Senior,5+ років,9719.0,10304.0,US,2026-05-20,adzuna
vue.js developer,vue,Middle,2-3 роки,9017.0,9627.0,US,2026-05-20,adzuna
vue.js developer,vue,Senior,5+ років,9719.0,10304.0,US,2026-05-20,adzuna
vue.js developer,vue,Middle,2-3 роки,9017.0,9627.0,US,2026-05-20,adzuna
vue.js developer,vue,Senior,5+ років,9719.0,10304.0,US,2026-05-20,adzuna
vue.js developer,vue,Middle,2-3 роки,9017.0,9627.0,US,2026-05-20,adzuna
vue.js developer,vue,Senior,5+ років,9719.0,10304.0,US,2026-05-20,adzuna
vue.js developer,vue,Middle,2-3 роки,9017.0,9627.0,US,2026-05-20,adzuna
vue.js developer,vue,Senior,5+ років,9719.0,10304.0,US,2026-05-20,adzuna
winforms developer,winforms,Middle,2-3 роки,7087.0,8009.0,US,2026-05-20,adzuna
winforms developer,winforms,Senior,5+ років,8608.0,9116.0,US,2026-05-20,adzuna
winforms developer,winforms,Middle,2-3 роки,7087.0,8009.0,US,2026-05-20,adzuna
winforms developer,winforms,Senior,5+ років,8608.0,9116.0,US,2026-05-20,adzuna
winforms developer,winforms,Middle,2-3 роки,7087.0,8009.0,US,2026-05-20,adzuna
winforms developer,winforms,Senior,5+ років,8608.0,9116.0,US,2026-05-20,adzuna
winforms developer,winforms,Middle,2-3 роки,7087.0,8009.0,US,2026-05-20,adzuna
winforms developer,winforms,Senior,5+ років,8608.0,9116.0,US,2026-05-20,adzuna
winforms developer,winforms,Middle,2-3 роки,7087.0,8009.0,US,2026-05-20,adzuna
winforms developer,winforms,Senior,5+ років,8608.0,9116.0,US,2026-05-20,adzuna
wordpress developer,wordpress,Middle,2-3 роки,4736.0,5036.0,US,2026-05-20,adzuna
wordpress developer,wordpress,Senior,5+ років,4800.0,5141.0,US,2026-05-20,adzuna
wordpress developer,wordpress,Middle,2-3 роки,4736.0,5036.0,US,2026-05-20,adzuna
wordpress developer,wordpress,Senior,5+ років,4800.0,5141.0,US,2026-05-20,adzuna
wordpress developer,wordpress,Middle,2-3 роки,4736.0,5036.0,US,2026-05-20,adzuna
wordpress developer,wordpress,Senior,5+ років,4800.0,5141.0,US,2026-05-20,adzuna
wordpress developer,wordpress,Middle,2-3 роки,4736.0,5036.0,US,2026-05-20,adzuna
wordpress developer,wordpress,Senior,5+ років,4800.0,5141.0,US,2026-05-20,adzuna
wordpress developer,wordpress,Middle,2-3 роки,4736.0,5036.0,US,2026-05-20,adzuna
wordpress developer,wordpress,Senior,5+ років,4800.0,5141.0,US,2026-05-20,adzuna
wpf developer,wpf,Middle,2-3 роки,9668.0,9776.0,US,2026-05-20,adzuna
wpf developer,wpf,Senior,5+ років,9710.0,9825.0,US,2026-05-20,adzuna
wpf developer,wpf,Middle,2-3 роки,9668.0,9776.0,US,2026-05-20,adzuna
wpf developer,wpf,Senior,5+ років,9710.0,9825.0,US,2026-05-20,adzuna
wpf developer,wpf,Middle,2-3 роки,9668.0,9776.0,US,2026-05-20,adzuna
wpf developer,wpf,Senior,5+ років,9710.0,9825.0,US,2026-05-20,adzuna
wpf developer,wpf,Middle,2-3 роки,9668.0,9776.0,US,2026-05-20,adzuna
wpf developer,wpf,Senior,5+ років,9710.0,9825.0,US,2026-05-20,adzuna
wpf developer,wpf,Middle,2-3 роки,9668.0,9776.0,US,2026-05-20,adzuna
wpf developer,wpf,Senior,5+ років,9710.0,9825.0,US,2026-05-20,adzuna
xamarin developer,xamarin,Middle,2-3 роки,7072.0,7072.0,US,2026-05-20,adzuna
xamarin developer,xamarin,Senior,5+ років,8166.0,8859.0,US,2026-05-20,adzuna
xamarin developer,xamarin,Middle,2-3 роки,7072.0,7072.0,US,2026-05-20,adzuna
xamarin developer,xamarin,Senior,5+ років,8166.0,8859.0,US,2026-05-20,adzuna
xamarin developer,xamarin,Middle,2-3 роки,7072.0,7072.0,US,2026-05-20,adzuna
xamarin developer,xamarin,Senior,5+ років,8166.0,8859.0,US,2026-05-20,adzuna
xamarin developer,xamarin,Middle,2-3 роки,7072.0,7072.0,US,2026-05-20,adzuna
xamarin developer,xamarin,Senior,5+ років,8166.0,8859.0,US,2026-05-20,adzuna
xamarin developer,xamarin,Middle,2-3 роки,7072.0,7072.0,US,2026-05-20,adzuna
xamarin developer,xamarin,Senior,5+ років,8166.0,8859.0,US,2026-05-20,adzuna
yii developer,yii,Middle,2-3 роки,,,US,2026-05-20,adzuna
yii developer,yii,Senior,5+ років,,,US,2026-05-20,adzuna
yii developer,yii,Middle,2-3 роки,,,US,2026-05-20,adzuna
yii developer,yii,Senior,5+ років,,,US,2026-05-20,adzuna
yii developer,yii,Middle,2-3 роки,,,US,2026-05-20,adzuna
yii developer,yii,Senior,5+ років,,,US,2026-05-20,adzuna
yii developer,yii,Middle,2-3 роки,,,US,2026-05-20,adzuna
yii developer,yii,Senior,5+ років,,,US,2026-05-20,adzuna
yii developer,yii,Middle,2-3 роки,,,US,2026-05-20,adzuna
yii developer,yii,Senior,5+ років,,,US,2026-05-20,adzuna
2d animator,2d_animation,Middle,2-3 роки,,,DE,2026-05-21,adzuna
2d animator,2d_animation,Senior,5+ років,,,DE,2026-05-21,adzuna
2d artist,2d_artist,Middle,2-3 роки,,,DE,2026-05-21,adzuna
2d artist,2d_artist,Senior,5+ років,,,DE,2026-05-21,adzuna
3d animator,3d_animation,Middle,2-3 роки,,,DE,2026-05-21,adzuna
3d animator,3d_animation,Senior,5+ років,,,DE,2026-05-21,adzuna
3d artist,3d_artist,Middle,2-3 роки,,,DE,2026-05-21,adzuna
3d artist,3d_artist,Senior,5+ років,,,DE,2026-05-21,adzuna
accountant finance,accountant,Middle,2-3 роки,,,DE,2026-05-21,adzuna
accountant finance,accountant,Senior,5+ років,,,DE,2026-05-21,adzuna
affiliate manager,affiliate_manager,Middle,2-3 роки,,,DE,2026-05-21,adzuna
affiliate manager,affiliate_manager,Senior,5+ років,,,DE,2026-05-21,adzuna
android developer,android,Middle,2-3 роки,,,DE,2026-05-21,adzuna
android developer,android,Senior,5+ років,,,DE,2026-05-21,adzuna
angular developer,angular,Middle,2-3 роки,,,DE,2026-05-21,adzuna
angular developer,angular,Senior,5+ років,,,DE,2026-05-21,adzuna
asp.net developer,asp_net,Middle,2-3 роки,,,DE,2026-05-21,adzuna
asp.net developer,asp_net,Senior,5+ років,,,DE,2026-05-21,adzuna
blazor developer,blazor,Middle,2-3 роки,,,DE,2026-05-21,adzuna
blazor developer,blazor,Senior,5+ років,,,DE,2026-05-21,adzuna
business analyst IT,business_analyst,Middle,2-3 роки,,,DE,2026-05-21,adzuna
business analyst IT,business_analyst,Senior,5+ років,,,DE,2026-05-21,adzuna
c programmer,c,Middle,2-3 роки,,,DE,2026-05-21,adzuna
c programmer,c,Senior,5+ років,,,DE,2026-05-21,adzuna
chief business development officer,cbdo,Middle,2-3 роки,,,DE,2026-05-21,adzuna
chief business development officer,cbdo,Senior,5+ років,,,DE,2026-05-21,adzuna
chief commercial officer,cco,Middle,2-3 роки,,,DE,2026-05-21,adzuna
chief commercial officer,cco,Senior,5+ років,,,DE,2026-05-21,adzuna
chief executive officer tech,ceo,Middle,2-3 роки,,,DE,2026-05-21,adzuna
chief executive officer tech,ceo,Senior,5+ років,,,DE,2026-05-21,adzuna
chief financial officer tech,cfo,Middle,2-3 роки,,,DE,2026-05-21,adzuna
chief financial officer tech,cfo,Senior,5+ років,,,DE,2026-05-21,adzuna
chief information officer,cio,Middle,2-3 роки,,,DE,2026-05-21,adzuna
chief information officer,cio,Senior,5+ років,,,DE,2026-05-21,adzuna
chief marketing officer tech,cmo,Middle,2-3 роки,,,DE,2026-05-21,adzuna
chief marketing officer tech,cmo,Senior,5+ років,,,DE,2026-05-21,adzuna
content designer,content_design,Middle,2-3 роки,,,DE,2026-05-21,adzuna
content designer,content_design,Senior,5+ років,,,DE,2026-05-21,adzuna
content manager,content_manager,Middle,2-3 роки,,,DE,2026-05-21,adzuna
content manager,content_manager,Senior,5+ років,,,DE,2026-05-21,adzuna
content marketing manager,content_marketing,Middle,2-3 роки,,,DE,2026-05-21,adzuna
content marketing manager,content_marketing,Senior,5+ років,,,DE,2026-05-21,adzuna
content writer,content_writing,Middle,2-3 роки,,,DE,2026-05-21,adzuna
content writer,content_writing,Senior,5+ років,,,DE,2026-05-21,adzuna
chief operating officer,coo,Middle,2-3 роки,,,DE,2026-05-21,adzuna
chief operating officer,coo,Senior,5+ років,,,DE,2026-05-21,adzuna
c++ developer,cplusplus,Middle,2-3 роки,6121.0,8004.0,DE,2026-05-21,adzuna
c++ developer,cplusplus,Senior,5+ років,6356.0,8240.0,DE,2026-05-21,adzuna
chief product officer,cpo,Middle,2-3 роки,,,DE,2026-05-21,adzuna
chief product officer,cpo,Senior,5+ років,,,DE,2026-05-21,adzuna
c++ developer,cpp,Middle,2-3 роки,6121.0,8004.0,DE,2026-05-21,adzuna
c++ developer,cpp,Senior,5+ років,6356.0,8240.0,DE,2026-05-21,adzuna
chief technology officer,cto,Middle,2-3 роки,,,DE,2026-05-21,adzuna
chief technology officer,cto,Senior,5+ років,9652.0,12477.0,DE,2026-05-21,adzuna
data analyst,data_analyst,Middle,2-3 роки,,,DE,2026-05-21,adzuna
data analyst,data_analyst,Senior,5+ років,,,DE,2026-05-21,adzuna
data engineer,data_engineer,Middle,2-3 роки,,,DE,2026-05-21,adzuna
data engineer,data_engineer,Senior,5+ років,,,DE,2026-05-21,adzuna
data scientist,data_science,Middle,2-3 роки,7533.0,14125.0,DE,2026-05-21,adzuna
data scientist,data_science,Senior,5+ років,7533.0,14125.0,DE,2026-05-21,adzuna
delivery manager agile IT,delivery_manager,Middle,2-3 роки,,,DE,2026-05-21,adzuna
delivery manager agile IT,delivery_manager,Senior,5+ років,,,DE,2026-05-21,adzuna
graphic designer,design,Middle,2-3 роки,,,DE,2026-05-21,adzuna
graphic designer,design,Senior,5+ років,,,DE,2026-05-21,adzuna
devops engineer,dev_ops,Middle,2-3 роки,,,DE,2026-05-21,adzuna
devops engineer,dev_ops,Senior,5+ років,,,DE,2026-05-21,adzuna
digital marketing,digital_marketing,Middle,2-3 роки,,,DE,2026-05-21,adzuna
digital marketing,digital_marketing,Senior,5+ років,,,DE,2026-05-21,adzuna
digital marketing manager,digital_marketing_manager,Middle,2-3 роки,,,DE,2026-05-21,adzuna
digital marketing manager,digital_marketing_manager,Senior,5+ років,,,DE,2026-05-21,adzuna
.net developer,dotnet,Middle,2-3 роки,6827.0,8710.0,DE,2026-05-21,adzuna
.net developer,dotnet,Senior,5+ років,6592.0,8475.0,DE,2026-05-21,adzuna
.net cloud developer,dotnet_cloud,Middle,2-3 роки,,,DE,2026-05-21,adzuna
.net cloud developer,dotnet_cloud,Senior,5+ років,,,DE,2026-05-21,adzuna
.net desktop developer,dotnet_desktop,Middle,2-3 роки,,,DE,2026-05-21,adzuna
.net desktop developer,dotnet_desktop,Senior,5+ років,,,DE,2026-05-21,adzuna
.net mobile developer,dotnet_mobile,Middle,2-3 роки,,,DE,2026-05-21,adzuna
.net mobile developer,dotnet_mobile,Senior,5+ років,,,DE,2026-05-21,adzuna
asp.net web developer,dotnet_web,Middle,2-3 роки,,,DE,2026-05-21,adzuna
asp.net web developer,dotnet_web,Senior,5+ років,,,DE,2026-05-21,adzuna
drupal developer,drupal,Middle,2-3 роки,,,DE,2026-05-21,adzuna
drupal developer,drupal,Senior,5+ років,,,DE,2026-05-21,adzuna
elixir developer,elixir,Middle,2-3 роки,,,DE,2026-05-21,adzuna
elixir developer,elixir,Senior,5+ років,,,DE,2026-05-21,adzuna
embedded software engineer,embedded,Middle,2-3 роки,,,DE,2026-05-21,adzuna
embedded software engineer,embedded,Senior,5+ років,,,DE,2026-05-21,adzuna
software engineering manager,engineering_manager,Middle,2-3 роки,,,DE,2026-05-21,adzuna
software engineering manager,engineering_manager,Senior,5+ років,,,DE,2026-05-21,adzuna
erp developer,erp_systems,Middle,2-3 роки,,,DE,2026-05-21,adzuna
erp developer,erp_systems,Senior,5+ років,,,DE,2026-05-21,adzuna
finance manager,finance_manager,Middle,2-3 роки,,,DE,2026-05-21,adzuna
finance manager,finance_manager,Senior,5+ років,,,DE,2026-05-21,adzuna
financial analyst,finances,Middle,2-3 роки,,,DE,2026-05-21,adzuna
financial analyst,finances,Senior,5+ років,5179.0,6121.0,DE,2026-05-21,adzuna
financial analyst,financial_analyst,Middle,2-3 роки,,,DE,2026-05-21,adzuna
financial analyst,financial_analyst,Senior,5+ років,5179.0,6121.0,DE,2026-05-21,adzuna
flutter developer,flutter,Middle,2-3 роки,,,DE,2026-05-21,adzuna
flutter developer,flutter,Senior,5+ років,,,DE,2026-05-21,adzuna
fullstack developer,fullstack,Middle,2-3 роки,,,DE,2026-05-21,adzuna
fullstack developer,fullstack,Senior,5+ років,,,DE,2026-05-21,adzuna
game designer,game_design,Middle,2-3 роки,,,DE,2026-05-21,adzuna
game designer,game_design,Senior,5+ років,,,DE,2026-05-21,adzuna
game developer,game_developer,Middle,2-3 роки,,,DE,2026-05-21,adzuna
game developer,game_developer,Senior,5+ років,,,DE,2026-05-21,adzuna
unity developer,gamedev,Middle,2-3 роки,,,DE,2026-05-21,adzuna
unity developer,gamedev,Senior,5+ років,,,DE,2026-05-21,adzuna
golang developer,golang,Middle,2-3 роки,,,DE,2026-05-21,adzuna
golang developer,golang,Senior,5+ років,,,DE,2026-05-21,adzuna
graphic designer,graphic_design,Middle,2-3 роки,,,DE,2026-05-21,adzuna
graphic designer,graphic_design,Senior,5+ років,,,DE,2026-05-21,adzuna
head of software engineering,head_chief,Middle,2-3 роки,,,DE,2026-05-21,adzuna
head of software engineering,head_chief,Senior,5+ років,,,DE,2026-05-21,adzuna
hr manager,hr,Middle,2-3 роки,,,DE,2026-05-21,adzuna
hr manager,hr,Senior,5+ років,,,DE,2026-05-21,adzuna
illustrator designer,illustrator,Middle,2-3 роки,,,DE,2026-05-21,adzuna
illustrator designer,illustrator,Senior,5+ років,,,DE,2026-05-21,adzuna
information security engineer,information_security,Middle,2-3 роки,,,DE,2026-05-21,adzuna
information security engineer,information_security,Senior,5+ років,,,DE,2026-05-21,adzuna
ios developer,ios,Middle,2-3 роки,,,DE,2026-05-21,adzuna
ios developer,ios,Senior,5+ років,,,DE,2026-05-21,adzuna
java developer,java,Middle,2-3 роки,,,DE,2026-05-21,adzuna
java developer,java,Senior,5+ років,,,DE,2026-05-21,adzuna
javascript developer,javascript,Middle,2-3 роки,,,DE,2026-05-21,adzuna
javascript developer,javascript,Senior,5+ років,,,DE,2026-05-21,adzuna
kotlin developer,kotlin,Middle,2-3 роки,,,DE,2026-05-21,adzuna
kotlin developer,kotlin,Senior,5+ років,,,DE,2026-05-21,adzuna
laravel developer,laravel,Middle,2-3 роки,,,DE,2026-05-21,adzuna
laravel developer,laravel,Senior,5+ років,,,DE,2026-05-21,adzuna
tech lead,lead,Middle,2-3 роки,,,DE,2026-05-21,adzuna
tech lead,lead,Senior,5+ років,,,DE,2026-05-21,adzuna
lead generation manager,lead_generation,Middle,2-3 роки,,,DE,2026-05-21,adzuna
lead generation manager,lead_generation,Senior,5+ років,,,DE,2026-05-21,adzuna
magento developer,magento,Middle,2-3 роки,,,DE,2026-05-21,adzuna
magento developer,magento,Senior,5+ років,,,DE,2026-05-21,adzuna
marketing manager,marketing,Middle,2-3 роки,,,DE,2026-05-21,adzuna
marketing manager,marketing,Senior,5+ років,,,DE,2026-05-21,adzuna
marketing analyst,marketing_analyst,Middle,2-3 роки,,,DE,2026-05-21,adzuna
marketing analyst,marketing_analyst,Senior,5+ років,,,DE,2026-05-21,adzuna
.net maui developer,maui,Middle,2-3 роки,,,DE,2026-05-21,adzuna
.net maui developer,maui,Senior,5+ років,,,DE,2026-05-21,adzuna
media buyer,media_buying,Middle,2-3 роки,,,DE,2026-05-21,adzuna
media buyer,media_buying,Senior,5+ років,,,DE,2026-05-21,adzuna
machine learning engineer,ml_ai,Middle,2-3 роки,,,DE,2026-05-21,adzuna
machine learning engineer,ml_ai,Senior,5+ років,,,DE,2026-05-21,adzuna
motion designer,motion_design,Middle,2-3 роки,,,DE,2026-05-21,adzuna
motion designer,motion_design,Senior,5+ років,,,DE,2026-05-21,adzuna
microsoft dynamics developer,ms_dynamics,Middle,2-3 роки,,,DE,2026-05-21,adzuna
microsoft dynamics developer,ms_dynamics,Senior,5+ років,5650.0,8475.0,DE,2026-05-21,adzuna
no code developer,nocode,Middle,2-3 роки,,,DE,2026-05-21,adzuna
no code developer,nocode,Senior,5+ років,,,DE,2026-05-21,adzuna
node.js developer,node_js,Middle,2-3 роки,,,DE,2026-05-21,adzuna
node.js developer,node_js,Senior,5+ років,,,DE,2026-05-21,adzuna
odoo developer,odoo,Middle,2-3 роки,,,DE,2026-05-21,adzuna
odoo developer,odoo,Senior,5+ років,,,DE,2026-05-21,adzuna
penetration tester,penetration_tester,Middle,2-3 роки,,,DE,2026-05-21,adzuna
penetration tester,penetration_tester,Senior,5+ років,,,DE,2026-05-21,adzuna
php developer,php,Middle,2-3 роки,,,DE,2026-05-21,adzuna
php developer,php,Senior,5+ років,,,DE,2026-05-21,adzuna
ppc specialist,ppc,Middle,2-3 роки,,,DE,2026-05-21,adzuna
ppc specialist,ppc,Senior,5+ років,,,DE,2026-05-21,adzuna
pr manager,pr_manager,Middle,2-3 роки,,,DE,2026-05-21,adzuna
pr manager,pr_manager,Senior,5+ років,,,DE,2026-05-21,adzuna
product designer,product_design,Middle,2-3 роки,,,DE,2026-05-21,adzuna
product designer,product_design,Senior,5+ років,,,DE,2026-05-21,adzuna
product manager,product_manager,Middle,2-3 роки,,,DE,2026-05-21,adzuna
product manager,product_manager,Senior,5+ років,,,DE,2026-05-21,adzuna
product owner,product_owner,Middle,2-3 роки,,,DE,2026-05-21,adzuna
product owner,product_owner,Senior,5+ років,,,DE,2026-05-21,adzuna
IT project manager software,project_manager,Middle,2-3 роки,,,DE,2026-05-21,adzuna
IT project manager software,project_manager,Senior,5+ років,,,DE,2026-05-21,adzuna
python developer,python,Middle,2-3 роки,,,DE,2026-05-21,adzuna
python developer,python,Senior,5+ років,,,DE,2026-05-21,adzuna
qa engineer,qa,Middle,2-3 роки,4897.0,6121.0,DE,2026-05-21,adzuna
qa engineer,qa,Senior,5+ років,,,DE,2026-05-21,adzuna
qa automation engineer,qa_automation,Middle,2-3 роки,,,DE,2026-05-21,adzuna
qa automation engineer,qa_automation,Senior,5+ років,,,DE,2026-05-21,adzuna
manual qa tester,qa_manual,Middle,2-3 роки,,,DE,2026-05-21,adzuna
manual qa tester,qa_manual,Senior,5+ років,,,DE,2026-05-21,adzuna
react developer,react,Middle,2-3 роки,,,DE,2026-05-21,adzuna
react developer,react,Senior,5+ років,,,DE,2026-05-21,adzuna
react native developer,react_native,Middle,2-3 роки,,,DE,2026-05-21,adzuna
react native developer,react_native,Senior,5+ років,,,DE,2026-05-21,adzuna
it recruiter,recruiter,Middle,2-3 роки,,,DE,2026-05-21,adzuna
it recruiter,recruiter,Senior,5+ років,,,DE,2026-05-21,adzuna
ruby developer,ruby,Middle,2-3 роки,,,DE,2026-05-21,adzuna
ruby developer,ruby,Senior,5+ років,,,DE,2026-05-21,adzuna
rust developer,rust,Middle,2-3 роки,,,DE,2026-05-21,adzuna
rust developer,rust,Senior,5+ років,,,DE,2026-05-21,adzuna
sales manager,sales,Middle,2-3 роки,,,DE,2026-05-21,adzuna
sales manager,sales,Senior,5+ років,,,DE,2026-05-21,adzuna
sales director,sales_leadership,Middle,2-3 роки,18833.0,23542.0,DE,2026-05-21,adzuna
sales director,sales_leadership,Senior,5+ років,18833.0,23542.0,DE,2026-05-21,adzuna
sales manager,sales_manager,Middle,2-3 роки,,,DE,2026-05-21,adzuna
sales manager,sales_manager,Senior,5+ років,,,DE,2026-05-21,adzuna
salesforce developer,salesforce,Middle,2-3 роки,,,DE,2026-05-21,adzuna
salesforce developer,salesforce,Senior,5+ років,,,DE,2026-05-21,adzuna
sap developer,sap,Middle,2-3 роки,5650.0,7062.0,DE,2026-05-21,adzuna
sap developer,sap,Senior,5+ років,5650.0,7062.0,DE,2026-05-21,adzuna
scala developer,scala,Middle,2-3 роки,,,DE,2026-05-21,adzuna
scala developer,scala,Senior,5+ років,,,DE,2026-05-21,adzuna
scrum master,scrum_master,Middle,2-3 роки,,,DE,2026-05-21,adzuna
scrum master,scrum_master,Senior,5+ років,,,DE,2026-05-21,adzuna
security engineer,security,Middle,2-3 роки,,,DE,2026-05-21,adzuna
security engineer,security,Senior,5+ років,,,DE,2026-05-21,adzuna
security analyst,security_analyst,Middle,2-3 роки,,,DE,2026-05-21,adzuna
security analyst,security_analyst,Senior,5+ років,,,DE,2026-05-21,adzuna
seo specialist,seo,Middle,2-3 роки,,,DE,2026-05-21,adzuna
seo specialist,seo,Senior,5+ років,,,DE,2026-05-21,adzuna
social media manager,social_media,Middle,2-3 роки,,,DE,2026-05-21,adzuna
social media manager,social_media,Senior,5+ років,,,DE,2026-05-21,adzuna
sql dba database administrator,sql_dba,Middle,2-3 роки,,,DE,2026-05-21,adzuna
sql dba database administrator,sql_dba,Senior,5+ років,,,DE,2026-05-21,adzuna
technical support engineer,support,Middle,2-3 роки,,,DE,2026-05-21,adzuna
technical support engineer,support,Senior,5+ років,,,DE,2026-05-21,adzuna
svelte developer,svelte,Middle,2-3 роки,,,DE,2026-05-21,adzuna
svelte developer,svelte,Senior,5+ років,,,DE,2026-05-21,adzuna
symfony developer,symfony,Middle,2-3 роки,,,DE,2026-05-21,adzuna
symfony developer,symfony,Senior,5+ років,,,DE,2026-05-21,adzuna
system administrator linux,sysadmin,Middle,2-3 роки,,,DE,2026-05-21,adzuna
system administrator linux,sysadmin,Senior,5+ років,,,DE,2026-05-21,adzuna
ux designer,ui_ux,Middle,2-3 роки,,,DE,2026-05-21,adzuna
ux designer,ui_ux,Senior,5+ років,,,DE,2026-05-21,adzuna
unity developer,unity,Middle,2-3 роки,,,DE,2026-05-21,adzuna
unity developer,unity,Senior,5+ років,,,DE,2026-05-21,adzuna
unreal engine developer,unreal,Middle,2-3 роки,,,DE,2026-05-21,adzuna
unreal engine developer,unreal,Senior,5+ років,,,DE,2026-05-21,adzuna
ux researcher,ux_research,Middle,2-3 роки,,,DE,2026-05-21,adzuna
ux researcher,ux_research,Senior,5+ років,,,DE,2026-05-21,adzuna
vue.js developer,vue,Middle,2-3 роки,7062.0,8946.0,DE,2026-05-21,adzuna
vue.js developer,vue,Senior,5+ років,7062.0,8946.0,DE,2026-05-21,adzuna
winforms developer,winforms,Middle,2-3 роки,,,DE,2026-05-21,adzuna
winforms developer,winforms,Senior,5+ років,,,DE,2026-05-21,adzuna
wordpress developer,wordpress,Middle,2-3 роки,,,DE,2026-05-21,adzuna
wordpress developer,wordpress,Senior,5+ років,,,DE,2026-05-21,adzuna
wpf developer,wpf,Middle,2-3 роки,,,DE,2026-05-21,adzuna
wpf developer,wpf,Senior,5+ років,,,DE,2026-05-21,adzuna
xamarin developer,xamarin,Middle,2-3 роки,,,DE,2026-05-21,adzuna
xamarin developer,xamarin,Senior,5+ років,,,DE,2026-05-21,adzuna
yii developer,yii,Middle,2-3 роки,,,DE,2026-05-21,adzuna
yii developer,yii,Senior,5+ років,,,DE,2026-05-21,adzuna
2d animator,2d_animation,Middle,2-3 роки,,,NL,2026-05-21,adzuna
2d animator,2d_animation,Senior,5+ років,,,NL,2026-05-21,adzuna
2d artist,2d_artist,Middle,2-3 роки,,,NL,2026-05-21,adzuna
2d artist,2d_artist,Senior,5+ років,,,NL,2026-05-21,adzuna
3d animator,3d_animation,Middle,2-3 роки,,,NL,2026-05-21,adzuna
3d animator,3d_animation,Senior,5+ років,,,NL,2026-05-21,adzuna
3d artist,3d_artist,Middle,2-3 роки,,,NL,2026-05-21,adzuna
3d artist,3d_artist,Senior,5+ років,,,NL,2026-05-21,adzuna
accountant finance,accountant,Middle,2-3 роки,3249.0,5650.0,NL,2026-05-21,adzuna
accountant finance,accountant,Senior,5+ років,3390.0,5650.0,NL,2026-05-21,adzuna
affiliate manager,affiliate_manager,Middle,2-3 роки,,,NL,2026-05-21,adzuna
affiliate manager,affiliate_manager,Senior,5+ років,,,NL,2026-05-21,adzuna
android developer,android,Middle,2-3 роки,,,NL,2026-05-21,adzuna
android developer,android,Senior,5+ років,,,NL,2026-05-21,adzuna
angular developer,angular,Middle,2-3 роки,,,NL,2026-05-21,adzuna
angular developer,angular,Senior,5+ років,,,NL,2026-05-21,adzuna
asp.net developer,asp_net,Middle,2-3 роки,,,NL,2026-05-21,adzuna
asp.net developer,asp_net,Senior,5+ років,,,NL,2026-05-21,adzuna
blazor developer,blazor,Middle,2-3 роки,,,NL,2026-05-21,adzuna
blazor developer,blazor,Senior,5+ років,,,NL,2026-05-21,adzuna
business analyst IT,business_analyst,Middle,2-3 роки,,,NL,2026-05-21,adzuna
business analyst IT,business_analyst,Senior,5+ років,,,NL,2026-05-21,adzuna
c programmer,c,Middle,2-3 роки,,,NL,2026-05-21,adzuna
c programmer,c,Senior,5+ років,,,NL,2026-05-21,adzuna
chief business development officer,cbdo,Middle,2-3 роки,,,NL,2026-05-21,adzuna
chief business development officer,cbdo,Senior,5+ років,,,NL,2026-05-21,adzuna
chief commercial officer,cco,Middle,2-3 роки,,,NL,2026-05-21,adzuna
chief commercial officer,cco,Senior,5+ років,,,NL,2026-05-21,adzuna
chief executive officer tech,ceo,Middle,2-3 роки,,,NL,2026-05-21,adzuna
chief executive officer tech,ceo,Senior,5+ років,,,NL,2026-05-21,adzuna
chief financial officer tech,cfo,Middle,2-3 роки,,,NL,2026-05-21,adzuna
chief financial officer tech,cfo,Senior,5+ років,,,NL,2026-05-21,adzuna
chief information officer,cio,Middle,2-3 роки,,,NL,2026-05-21,adzuna
chief information officer,cio,Senior,5+ років,,,NL,2026-05-21,adzuna
chief marketing officer tech,cmo,Middle,2-3 роки,,,NL,2026-05-21,adzuna
chief marketing officer tech,cmo,Senior,5+ років,,,NL,2026-05-21,adzuna
content designer,content_design,Middle,2-3 роки,,,NL,2026-05-21,adzuna
content designer,content_design,Senior,5+ років,,,NL,2026-05-21,adzuna
content manager,content_manager,Middle,2-3 роки,4520.0,5415.0,NL,2026-05-21,adzuna
content manager,content_manager,Senior,5+ років,4520.0,5415.0,NL,2026-05-21,adzuna
content marketing manager,content_marketing,Middle,2-3 роки,,,NL,2026-05-21,adzuna
content marketing manager,content_marketing,Senior,5+ років,,,NL,2026-05-21,adzuna
content writer,content_writing,Middle,2-3 роки,,,NL,2026-05-21,adzuna
content writer,content_writing,Senior,5+ років,,,NL,2026-05-21,adzuna
chief operating officer,coo,Middle,2-3 роки,,,NL,2026-05-21,adzuna
chief operating officer,coo,Senior,5+ років,,,NL,2026-05-21,adzuna
c++ developer,cplusplus,Middle,2-3 роки,,,NL,2026-05-21,adzuna
c++ developer,cplusplus,Senior,5+ років,,,NL,2026-05-21,adzuna
chief product officer,cpo,Middle,2-3 роки,,,NL,2026-05-21,adzuna
chief product officer,cpo,Senior,5+ років,,,NL,2026-05-21,adzuna
c++ developer,cpp,Middle,2-3 роки,,,NL,2026-05-21,adzuna
c++ developer,cpp,Senior,5+ років,,,NL,2026-05-21,adzuna
chief technology officer,cto,Middle,2-3 роки,,,NL,2026-05-21,adzuna
chief technology officer,cto,Senior,5+ років,,,NL,2026-05-21,adzuna
data analyst,data_analyst,Middle,2-3 роки,4441.0,4614.0,NL,2026-05-21,adzuna
data analyst,data_analyst,Senior,5+ років,4520.0,5179.0,NL,2026-05-21,adzuna
data engineer,data_engineer,Middle,2-3 роки,3955.0,6215.0,NL,2026-05-21,adzuna
data engineer,data_engineer,Senior,5+ років,3955.0,6215.0,NL,2026-05-21,adzuna
data scientist,data_science,Middle,2-3 роки,,,NL,2026-05-21,adzuna
data scientist,data_science,Senior,5+ років,,,NL,2026-05-21,adzuna
delivery manager agile IT,delivery_manager,Middle,2-3 роки,,,NL,2026-05-21,adzuna
delivery manager agile IT,delivery_manager,Senior,5+ років,,,NL,2026-05-21,adzuna
graphic designer,design,Middle,2-3 роки,,,NL,2026-05-21,adzuna
graphic designer,design,Senior,5+ років,,,NL,2026-05-21,adzuna
devops engineer,dev_ops,Middle,2-3 роки,4520.0,6780.0,NL,2026-05-21,adzuna
devops engineer,dev_ops,Senior,5+ років,6780.0,7910.0,NL,2026-05-21,adzuna
digital marketing,digital_marketing,Middle,2-3 роки,,,NL,2026-05-21,adzuna
digital marketing,digital_marketing,Senior,5+ років,,,NL,2026-05-21,adzuna
digital marketing manager,digital_marketing_manager,Middle,2-3 роки,,,NL,2026-05-21,adzuna
digital marketing manager,digital_marketing_manager,Senior,5+ років,,,NL,2026-05-21,adzuna
.net developer,dotnet,Middle,2-3 роки,,,NL,2026-05-21,adzuna
.net developer,dotnet,Senior,5+ років,,,NL,2026-05-21,adzuna
.net cloud developer,dotnet_cloud,Middle,2-3 роки,,,NL,2026-05-21,adzuna
.net cloud developer,dotnet_cloud,Senior,5+ років,,,NL,2026-05-21,adzuna
.net desktop developer,dotnet_desktop,Middle,2-3 роки,,,NL,2026-05-21,adzuna
.net desktop developer,dotnet_desktop,Senior,5+ років,,,NL,2026-05-21,adzuna
.net mobile developer,dotnet_mobile,Middle,2-3 роки,,,NL,2026-05-21,adzuna
.net mobile developer,dotnet_mobile,Senior,5+ років,,,NL,2026-05-21,adzuna
asp.net web developer,dotnet_web,Middle,2-3 роки,,,NL,2026-05-21,adzuna
asp.net web developer,dotnet_web,Senior,5+ років,,,NL,2026-05-21,adzuna
drupal developer,drupal,Middle,2-3 роки,,,NL,2026-05-21,adzuna
drupal developer,drupal,Senior,5+ років,,,NL,2026-05-21,adzuna
elixir developer,elixir,Middle,2-3 роки,,,NL,2026-05-21,adzuna
elixir developer,elixir,Senior,5+ років,,,NL,2026-05-21,adzuna
embedded software engineer,embedded,Middle,2-3 роки,3729.0,4520.0,NL,2026-05-21,adzuna
embedded software engineer,embedded,Senior,5+ років,3729.0,4520.0,NL,2026-05-21,adzuna
software engineering manager,engineering_manager,Middle,2-3 роки,,,NL,2026-05-21,adzuna
software engineering manager,engineering_manager,Senior,5+ років,,,NL,2026-05-21,adzuna
erp developer,erp_systems,Middle,2-3 роки,,,NL,2026-05-21,adzuna
erp developer,erp_systems,Senior,5+ років,,,NL,2026-05-21,adzuna
finance manager,finance_manager,Middle,2-3 роки,6215.0,8192.0,NL,2026-05-21,adzuna
finance manager,finance_manager,Senior,5+ років,6215.0,8192.0,NL,2026-05-21,adzuna
financial analyst,finances,Middle,2-3 роки,3785.0,5847.0,NL,2026-05-21,adzuna
financial analyst,finances,Senior,5+ років,3955.0,6043.0,NL,2026-05-21,adzuna
financial analyst,financial_analyst,Middle,2-3 роки,3785.0,5847.0,NL,2026-05-21,adzuna
financial analyst,financial_analyst,Senior,5+ років,3955.0,6043.0,NL,2026-05-21,adzuna
flutter developer,flutter,Middle,2-3 роки,,,NL,2026-05-21,adzuna
flutter developer,flutter,Senior,5+ років,,,NL,2026-05-21,adzuna
fullstack developer,fullstack,Middle,2-3 роки,3390.0,5085.0,NL,2026-05-21,adzuna
fullstack developer,fullstack,Senior,5+ років,4143.0,5876.0,NL,2026-05-21,adzuna
game designer,game_design,Middle,2-3 роки,3720.0,5038.0,NL,2026-05-21,adzuna
game designer,game_design,Senior,5+ років,4473.0,5885.0,NL,2026-05-21,adzuna
game developer,game_developer,Middle,2-3 роки,,,NL,2026-05-21,adzuna
game developer,game_developer,Senior,5+ років,,,NL,2026-05-21,adzuna
unity developer,gamedev,Middle,2-3 роки,,,NL,2026-05-21,adzuna
unity developer,gamedev,Senior,5+ років,,,NL,2026-05-21,adzuna
golang developer,golang,Middle,2-3 роки,,,NL,2026-05-21,adzuna
golang developer,golang,Senior,5+ років,,,NL,2026-05-21,adzuna
graphic designer,graphic_design,Middle,2-3 роки,,,NL,2026-05-21,adzuna
graphic designer,graphic_design,Senior,5+ років,,,NL,2026-05-21,adzuna
head of software engineering,head_chief,Middle,2-3 роки,,,NL,2026-05-21,adzuna
head of software engineering,head_chief,Senior,5+ років,,,NL,2026-05-21,adzuna
hr manager,hr,Middle,2-3 роки,4579.0,5650.0,NL,2026-05-21,adzuna
hr manager,hr,Senior,5+ років,4579.0,5650.0,NL,2026-05-21,adzuna
illustrator designer,illustrator,Middle,2-3 роки,,,NL,2026-05-21,adzuna
illustrator designer,illustrator,Senior,5+ років,,,NL,2026-05-21,adzuna
information security engineer,information_security,Middle,2-3 роки,,,NL,2026-05-21,adzuna
information security engineer,information_security,Senior,5+ років,,,NL,2026-05-21,adzuna
ios developer,ios,Middle,2-3 роки,,,NL,2026-05-21,adzuna
ios developer,ios,Senior,5+ років,,,NL,2026-05-21,adzuna
java developer,java,Middle,2-3 роки,5650.0,7062.0,NL,2026-05-21,adzuna
java developer,java,Senior,5+ років,6121.0,7345.0,NL,2026-05-21,adzuna
javascript developer,javascript,Middle,2-3 роки,,,NL,2026-05-21,adzuna
javascript developer,javascript,Senior,5+ років,3814.0,5085.0,NL,2026-05-21,adzuna
kotlin developer,kotlin,Middle,2-3 роки,6121.0,7533.0,NL,2026-05-21,adzuna
kotlin developer,kotlin,Senior,5+ років,6121.0,7533.0,NL,2026-05-21,adzuna
laravel developer,laravel,Middle,2-3 роки,,,NL,2026-05-21,adzuna
laravel developer,laravel,Senior,5+ років,,,NL,2026-05-21,adzuna
tech lead,lead,Middle,2-3 роки,,,NL,2026-05-21,adzuna
tech lead,lead,Senior,5+ років,7062.0,8004.0,NL,2026-05-21,adzuna
lead generation manager,lead_generation,Middle,2-3 роки,,,NL,2026-05-21,adzuna
lead generation manager,lead_generation,Senior,5+ років,,,NL,2026-05-21,adzuna
magento developer,magento,Middle,2-3 роки,,,NL,2026-05-21,adzuna
magento developer,magento,Senior,5+ років,,,NL,2026-05-21,adzuna
marketing manager,marketing,Middle,2-3 роки,4263.0,5179.0,NL,2026-05-21,adzuna
marketing manager,marketing,Senior,5+ років,4263.0,5179.0,NL,2026-05-21,adzuna
marketing analyst,marketing_analyst,Middle,2-3 роки,6827.0,7200.0,NL,2026-05-21,adzuna
marketing analyst,marketing_analyst,Senior,5+ років,6592.0,6866.0,NL,2026-05-21,adzuna
.net maui developer,maui,Middle,2-3 роки,,,NL,2026-05-21,adzuna
.net maui developer,maui,Senior,5+ років,,,NL,2026-05-21,adzuna
media buyer,media_buying,Middle,2-3 роки,,,NL,2026-05-21,adzuna
media buyer,media_buying,Senior,5+ років,,,NL,2026-05-21,adzuna
machine learning engineer,ml_ai,Middle,2-3 роки,,,NL,2026-05-21,adzuna
machine learning engineer,ml_ai,Senior,5+ років,,,NL,2026-05-21,adzuna
motion designer,motion_design,Middle,2-3 роки,,,NL,2026-05-21,adzuna
motion designer,motion_design,Senior,5+ років,,,NL,2026-05-21,adzuna
microsoft dynamics developer,ms_dynamics,Middle,2-3 роки,,,NL,2026-05-21,adzuna
microsoft dynamics developer,ms_dynamics,Senior,5+ років,,,NL,2026-05-21,adzuna
no code developer,nocode,Middle,2-3 роки,,,NL,2026-05-21,adzuna
no code developer,nocode,Senior,5+ років,,,NL,2026-05-21,adzuna
node.js developer,node_js,Middle,2-3 роки,,,NL,2026-05-21,adzuna
node.js developer,node_js,Senior,5+ років,,,NL,2026-05-21,adzuna
odoo developer,odoo,Middle,2-3 роки,,,NL,2026-05-21,adzuna
odoo developer,odoo,Senior,5+ років,,,NL,2026-05-21,adzuna
penetration tester,penetration_tester,Middle,2-3 роки,,,NL,2026-05-21,adzuna
penetration tester,penetration_tester,Senior,5+ років,,,NL,2026-05-21,adzuna
php developer,php,Middle,2-3 роки,,,NL,2026-05-21,adzuna
php developer,php,Senior,5+ років,,,NL,2026-05-21,adzuna
ppc specialist,ppc,Middle,2-3 роки,,,NL,2026-05-21,adzuna
ppc specialist,ppc,Senior,5+ років,,,NL,2026-05-21,adzuna
pr manager,pr_manager,Middle,2-3 роки,,,NL,2026-05-21,adzuna
pr manager,pr_manager,Senior,5+ років,,,NL,2026-05-21,adzuna
product designer,product_design,Middle,2-3 роки,3390.0,4313.0,NL,2026-05-21,adzuna
product designer,product_design,Senior,5+ років,3390.0,4313.0,NL,2026-05-21,adzuna
product manager,product_manager,Middle,2-3 роки,5424.0,6102.0,NL,2026-05-21,adzuna
product manager,product_manager,Senior,5+ років,5424.0,6554.0,NL,2026-05-21,adzuna
product owner,product_owner,Middle,2-3 роки,5548.0,7211.0,NL,2026-05-21,adzuna
product owner,product_owner,Senior,5+ років,5548.0,7211.0,NL,2026-05-21,adzuna
IT project manager software,project_manager,Middle,2-3 роки,,,NL,2026-05-21,adzuna
IT project manager software,project_manager,Senior,5+ років,,,NL,2026-05-21,adzuna
python developer,python,Middle,2-3 роки,,,NL,2026-05-21,adzuna
python developer,python,Senior,5+ років,5650.0,7533.0,NL,2026-05-21,adzuna
qa engineer,qa,Middle,2-3 роки,4294.0,5273.0,NL,2026-05-21,adzuna
qa engineer,qa,Senior,5+ років,4426.0,5556.0,NL,2026-05-21,adzuna
qa automation engineer,qa_automation,Middle,2-3 роки,,,NL,2026-05-21,adzuna
qa automation engineer,qa_automation,Senior,5+ років,,,NL,2026-05-21,adzuna
manual qa tester,qa_manual,Middle,2-3 роки,,,NL,2026-05-21,adzuna
manual qa tester,qa_manual,Senior,5+ років,,,NL,2026-05-21,adzuna
react developer,react,Middle,2-3 роки,,,NL,2026-05-21,adzuna
react developer,react,Senior,5+ років,,,NL,2026-05-21,adzuna
react native developer,react_native,Middle,2-3 роки,,,NL,2026-05-21,adzuna
react native developer,react_native,Senior,5+ років,,,NL,2026-05-21,adzuna
it recruiter,recruiter,Middle,2-3 роки,5179.0,5885.0,NL,2026-05-21,adzuna
it recruiter,recruiter,Senior,5+ років,5179.0,6592.0,NL,2026-05-21,adzuna
ruby developer,ruby,Middle,2-3 роки,,,NL,2026-05-21,adzuna
ruby developer,ruby,Senior,5+ років,,,NL,2026-05-21,adzuna
rust developer,rust,Middle,2-3 роки,,,NL,2026-05-21,adzuna
rust developer,rust,Senior,5+ років,,,NL,2026-05-21,adzuna
sales manager,sales,Middle,2-3 роки,5085.0,6158.0,NL,2026-05-21,adzuna
sales manager,sales,Senior,5+ років,5085.0,5650.0,NL,2026-05-21,adzuna
sales director,sales_leadership,Middle,2-3 роки,4520.0,6012.0,NL,2026-05-21,adzuna
sales director,sales_leadership,Senior,5+ років,6968.0,8656.0,NL,2026-05-21,adzuna
sales manager,sales_manager,Middle,2-3 роки,5085.0,6158.0,NL,2026-05-21,adzuna
sales manager,sales_manager,Senior,5+ років,5085.0,5650.0,NL,2026-05-21,adzuna
salesforce developer,salesforce,Middle,2-3 роки,,,NL,2026-05-21,adzuna
salesforce developer,salesforce,Senior,5+ років,,,NL,2026-05-21,adzuna
sap developer,sap,Middle,2-3 роки,,,NL,2026-05-21,adzuna
sap developer,sap,Senior,5+ років,,,NL,2026-05-21,adzuna
scala developer,scala,Middle,2-3 роки,,,NL,2026-05-21,adzuna
scala developer,scala,Senior,5+ років,,,NL,2026-05-21,adzuna
scrum master,scrum_master,Middle,2-3 роки,5367.0,6780.0,NL,2026-05-21,adzuna
scrum master,scrum_master,Senior,5+ років,5650.0,7345.0,NL,2026-05-21,adzuna
security engineer,security,Middle,2-3 роки,4379.0,6215.0,NL,2026-05-21,adzuna
security engineer,security,Senior,5+ років,4944.0,6497.0,NL,2026-05-21,adzuna
security analyst,security_analyst,Middle,2-3 роки,,,NL,2026-05-21,adzuna
security analyst,security_analyst,Senior,5+ років,,,NL,2026-05-21,adzuna
seo specialist,seo,Middle,2-3 роки,4238.0,4944.0,NL,2026-05-21,adzuna
seo specialist,seo,Senior,5+ років,4238.0,5085.0,NL,2026-05-21,adzuna
social media manager,social_media,Middle,2-3 роки,5179.0,5179.0,NL,2026-05-21,adzuna
social media manager,social_media,Senior,5+ років,5650.0,5650.0,NL,2026-05-21,adzuna
sql dba database administrator,sql_dba,Middle,2-3 роки,,,NL,2026-05-21,adzuna
sql dba database administrator,sql_dba,Senior,5+ років,,,NL,2026-05-21,adzuna
technical support engineer,support,Middle,2-3 роки,,,NL,2026-05-21,adzuna
technical support engineer,support,Senior,5+ років,,,NL,2026-05-21,adzuna
svelte developer,svelte,Middle,2-3 роки,,,NL,2026-05-21,adzuna
svelte developer,svelte,Senior,5+ років,,,NL,2026-05-21,adzuna
symfony developer,symfony,Middle,2-3 роки,,,NL,2026-05-21,adzuna
symfony developer,symfony,Senior,5+ років,,,NL,2026-05-21,adzuna
system administrator linux,sysadmin,Middle,2-3 роки,,,NL,2026-05-21,adzuna
system administrator linux,sysadmin,Senior,5+ років,,,NL,2026-05-21,adzuna
ux designer,ui_ux,Middle,2-3 роки,4153.0,5659.0,NL,2026-05-21,adzuna
ux designer,ui_ux,Senior,5+ років,4832.0,6168.0,NL,2026-05-21,adzuna
unity developer,unity,Middle,2-3 роки,,,NL,2026-05-21,adzuna
unity developer,unity,Senior,5+ років,,,NL,2026-05-21,adzuna
unreal engine developer,unreal,Middle,2-3 роки,,,NL,2026-05-21,adzuna
unreal engine developer,unreal,Senior,5+ років,,,NL,2026-05-21,adzuna
ux researcher,ux_research,Middle,2-3 роки,,,NL,2026-05-21,adzuna
ux researcher,ux_research,Senior,5+ років,,,NL,2026-05-21,adzuna
vue.js developer,vue,Middle,2-3 роки,,,NL,2026-05-21,adzuna
vue.js developer,vue,Senior,5+ років,,,NL,2026-05-21,adzuna
winforms developer,winforms,Middle,2-3 роки,,,NL,2026-05-21,adzuna
winforms developer,winforms,Senior,5+ років,,,NL,2026-05-21,adzuna
wordpress developer,wordpress,Middle,2-3 роки,,,NL,2026-05-21,adzuna
wordpress developer,wordpress,Senior,5+ років,,,NL,2026-05-21,adzuna
wpf developer,wpf,Middle,2-3 роки,,,NL,2026-05-21,adzuna
wpf developer,wpf,Senior,5+ років,,,NL,2026-05-21,adzuna
xamarin developer,xamarin,Middle,2-3 роки,,,NL,2026-05-21,adzuna
xamarin developer,xamarin,Senior,5+ років,,,NL,2026-05-21,adzuna
yii developer,yii,Middle,2-3 роки,,,NL,2026-05-21,adzuna
yii developer,yii,Senior,5+ років,,,NL,2026-05-21,adzuna
2d animator,2d_animation,Middle,2-3 роки,,,PL,2026-05-21,adzuna
2d animator,2d_animation,Senior,5+ років,,,PL,2026-05-21,adzuna
2d artist,2d_artist,Middle,2-3 роки,,,PL,2026-05-21,adzuna
2d artist,2d_artist,Senior,5+ років,,,PL,2026-05-21,adzuna
3d animator,3d_animation,Middle,2-3 роки,,,PL,2026-05-21,adzuna
3d animator,3d_animation,Senior,5+ років,,,PL,2026-05-21,adzuna
3d artist,3d_artist,Middle,2-3 роки,,,PL,2026-05-21,adzuna
3d artist,3d_artist,Senior,5+ років,,,PL,2026-05-21,adzuna
accountant finance,accountant,Middle,2-3 роки,,,PL,2026-05-21,adzuna
accountant finance,accountant,Senior,5+ років,,,PL,2026-05-21,adzuna
affiliate manager,affiliate_manager,Middle,2-3 роки,3060.0,3825.0,PL,2026-05-21,adzuna
affiliate manager,affiliate_manager,Senior,5+ років,3060.0,3825.0,PL,2026-05-21,adzuna
android developer,android,Middle,2-3 роки,3856.0,4927.0,PL,2026-05-21,adzuna
android developer,android,Senior,5+ років,5141.0,6426.0,PL,2026-05-21,adzuna
angular developer,angular,Middle,2-3 роки,5141.0,5998.0,PL,2026-05-21,adzuna
angular developer,angular,Senior,5+ років,4712.0,6426.0,PL,2026-05-21,adzuna
asp.net developer,asp_net,Middle,2-3 роки,,,PL,2026-05-21,adzuna
asp.net developer,asp_net,Senior,5+ років,3442.0,4972.0,PL,2026-05-21,adzuna
blazor developer,blazor,Middle,2-3 роки,,,PL,2026-05-21,adzuna
blazor developer,blazor,Senior,5+ років,4080.0,5141.0,PL,2026-05-21,adzuna
business analyst IT,business_analyst,Middle,2-3 роки,5141.0,6426.0,PL,2026-05-21,adzuna
business analyst IT,business_analyst,Senior,5+ років,5141.0,6426.0,PL,2026-05-21,adzuna
c programmer,c,Middle,2-3 роки,,,PL,2026-05-21,adzuna
c programmer,c,Senior,5+ років,,,PL,2026-05-21,adzuna
chief business development officer,cbdo,Middle,2-3 роки,,,PL,2026-05-21,adzuna
chief business development officer,cbdo,Senior,5+ років,,,PL,2026-05-21,adzuna
chief commercial officer,cco,Middle,2-3 роки,7650.0,9180.0,PL,2026-05-21,adzuna
chief commercial officer,cco,Senior,5+ років,7650.0,9180.0,PL,2026-05-21,adzuna
chief executive officer tech,ceo,Middle,2-3 роки,,,PL,2026-05-21,adzuna
chief executive officer tech,ceo,Senior,5+ років,,,PL,2026-05-21,adzuna
chief financial officer tech,cfo,Middle,2-3 роки,,,PL,2026-05-21,adzuna
chief financial officer tech,cfo,Senior,5+ років,,,PL,2026-05-21,adzuna
chief information officer,cio,Middle,2-3 роки,6375.0,7650.0,PL,2026-05-21,adzuna
chief information officer,cio,Senior,5+ років,6375.0,7650.0,PL,2026-05-21,adzuna
chief marketing officer tech,cmo,Middle,2-3 роки,,,PL,2026-05-21,adzuna
chief marketing officer tech,cmo,Senior,5+ років,,,PL,2026-05-21,adzuna
content designer,content_design,Middle,2-3 роки,2295.0,3442.0,PL,2026-05-21,adzuna
content designer,content_design,Senior,5+ років,3290.0,4506.0,PL,2026-05-21,adzuna
content manager,content_manager,Middle,2-3 роки,2040.0,2805.0,PL,2026-05-21,adzuna
content manager,content_manager,Senior,5+ років,2040.0,2805.0,PL,2026-05-21,adzuna
content marketing manager,content_marketing,Middle,2-3 роки,,,PL,2026-05-21,adzuna
content marketing manager,content_marketing,Senior,5+ років,,,PL,2026-05-21,adzuna
content writer,content_writing,Middle,2-3 роки,4284.0,5998.0,PL,2026-05-21,adzuna
content writer,content_writing,Senior,5+ років,4284.0,5998.0,PL,2026-05-21,adzuna
chief operating officer,coo,Middle,2-3 роки,,,PL,2026-05-21,adzuna
chief operating officer,coo,Senior,5+ років,,,PL,2026-05-21,adzuna
c++ developer,cplusplus,Middle,2-3 роки,,,PL,2026-05-21,adzuna
c++ developer,cplusplus,Senior,5+ років,5457.0,6212.0,PL,2026-05-21,adzuna
chief product officer,cpo,Middle,2-3 роки,,,PL,2026-05-21,adzuna
chief product officer,cpo,Senior,5+ років,6375.0,7650.0,PL,2026-05-21,adzuna
c++ developer,cpp,Middle,2-3 роки,,,PL,2026-05-21,adzuna
c++ developer,cpp,Senior,5+ років,5457.0,6212.0,PL,2026-05-21,adzuna
chief technology officer,cto,Middle,2-3 роки,2550.0,3825.0,PL,2026-05-21,adzuna
chief technology officer,cto,Senior,5+ років,2550.0,3825.0,PL,2026-05-21,adzuna
data analyst,data_analyst,Middle,2-3 роки,5141.0,6059.0,PL,2026-05-21,adzuna
data analyst,data_analyst,Senior,5+ років,5141.0,6120.0,PL,2026-05-21,adzuna
data engineer,data_engineer,Middle,2-3 роки,4590.0,6311.0,PL,2026-05-21,adzuna
data engineer,data_engineer,Senior,5+ років,5482.0,7211.0,PL,2026-05-21,adzuna
data scientist,data_science,Middle,2-3 роки,5569.0,7268.0,PL,2026-05-21,adzuna
data scientist,data_science,Senior,5+ років,5569.0,7275.0,PL,2026-05-21,adzuna
delivery manager agile IT,delivery_manager,Middle,2-3 роки,,,PL,2026-05-21,adzuna
delivery manager agile IT,delivery_manager,Senior,5+ років,,,PL,2026-05-21,adzuna
graphic designer,design,Middle,2-3 роки,2040.0,2550.0,PL,2026-05-21,adzuna
graphic designer,design,Senior,5+ років,1658.0,2678.0,PL,2026-05-21,adzuna
devops engineer,dev_ops,Middle,2-3 роки,4335.0,6375.0,PL,2026-05-21,adzuna
devops engineer,dev_ops,Senior,5+ років,5610.0,7395.0,PL,2026-05-21,adzuna
digital marketing,digital_marketing,Middle,2-3 роки,2869.0,3570.0,PL,2026-05-21,adzuna
digital marketing,digital_marketing,Senior,5+ років,2869.0,3570.0,PL,2026-05-21,adzuna
digital marketing manager,digital_marketing_manager,Middle,2-3 роки,3825.0,5865.0,PL,2026-05-21,adzuna
digital marketing manager,digital_marketing_manager,Senior,5+ років,3825.0,5865.0,PL,2026-05-21,adzuna
.net developer,dotnet,Middle,2-3 роки,4284.0,5355.0,PL,2026-05-21,adzuna
.net developer,dotnet,Senior,5+ років,4284.0,5995.0,PL,2026-05-21,adzuna
.net cloud developer,dotnet_cloud,Middle,2-3 роки,5998.0,6854.0,PL,2026-05-21,adzuna
.net cloud developer,dotnet_cloud,Senior,5+ років,5998.0,6854.0,PL,2026-05-21,adzuna
.net desktop developer,dotnet_desktop,Middle,2-3 роки,,,PL,2026-05-21,adzuna
.net desktop developer,dotnet_desktop,Senior,5+ років,,,PL,2026-05-21,adzuna
.net mobile developer,dotnet_mobile,Middle,2-3 роки,5731.0,6522.0,PL,2026-05-21,adzuna
.net mobile developer,dotnet_mobile,Senior,5+ років,5731.0,6522.0,PL,2026-05-21,adzuna
asp.net web developer,dotnet_web,Middle,2-3 роки,,,PL,2026-05-21,adzuna
asp.net web developer,dotnet_web,Senior,5+ років,,,PL,2026-05-21,adzuna
drupal developer,drupal,Middle,2-3 роки,,,PL,2026-05-21,adzuna
drupal developer,drupal,Senior,5+ років,5100.0,6854.0,PL,2026-05-21,adzuna
elixir developer,elixir,Middle,2-3 роки,,,PL,2026-05-21,adzuna
elixir developer,elixir,Senior,5+ років,,,PL,2026-05-21,adzuna
embedded software engineer,embedded,Middle,2-3 роки,,,PL,2026-05-21,adzuna
embedded software engineer,embedded,Senior,5+ років,5228.0,6248.0,PL,2026-05-21,adzuna
software engineering manager,engineering_manager,Middle,2-3 роки,,,PL,2026-05-21,adzuna
software engineering manager,engineering_manager,Senior,5+ років,,,PL,2026-05-21,adzuna
erp developer,erp_systems,Middle,2-3 роки,,,PL,2026-05-21,adzuna
erp developer,erp_systems,Senior,5+ років,,,PL,2026-05-21,adzuna
finance manager,finance_manager,Middle,2-3 роки,,,PL,2026-05-21,adzuna
finance manager,finance_manager,Senior,5+ років,,,PL,2026-05-21,adzuna
financial analyst,finances,Middle,2-3 роки,,,PL,2026-05-21,adzuna
financial analyst,finances,Senior,5+ років,,,PL,2026-05-21,adzuna
financial analyst,financial_analyst,Middle,2-3 роки,,,PL,2026-05-21,adzuna
financial analyst,financial_analyst,Senior,5+ років,,,PL,2026-05-21,adzuna
flutter developer,flutter,Middle,2-3 роки,3626.0,4845.0,PL,2026-05-21,adzuna
flutter developer,flutter,Senior,5+ років,3840.0,5141.0,PL,2026-05-21,adzuna
fullstack developer,fullstack,Middle,2-3 роки,3825.0,5661.0,PL,2026-05-21,adzuna
fullstack developer,fullstack,Senior,5+ років,4080.0,6630.0,PL,2026-05-21,adzuna
game designer,game_design,Middle,2-3 роки,,,PL,2026-05-21,adzuna
game designer,game_design,Senior,5+ років,,,PL,2026-05-21,adzuna
game developer,game_developer,Middle,2-3 роки,,,PL,2026-05-21,adzuna
game developer,game_developer,Senior,5+ років,,,PL,2026-05-21,adzuna
unity developer,gamedev,Middle,2-3 роки,,,PL,2026-05-21,adzuna
unity developer,gamedev,Senior,5+ років,,,PL,2026-05-21,adzuna
golang developer,golang,Middle,2-3 роки,6426.0,6854.0,PL,2026-05-21,adzuna
golang developer,golang,Senior,5+ років,1457.0,1457.0,PL,2026-05-21,adzuna
graphic designer,graphic_design,Middle,2-3 роки,2040.0,2550.0,PL,2026-05-21,adzuna
graphic designer,graphic_design,Senior,5+ років,1658.0,2678.0,PL,2026-05-21,adzuna
head of software engineering,head_chief,Middle,2-3 роки,,,PL,2026-05-21,adzuna
head of software engineering,head_chief,Senior,5+ років,,,PL,2026-05-21,adzuna
hr manager,hr,Middle,2-3 роки,3060.0,3825.0,PL,2026-05-21,adzuna
hr manager,hr,Senior,5+ років,3825.0,4845.0,PL,2026-05-21,adzuna
illustrator designer,illustrator,Middle,2-3 роки,,,PL,2026-05-21,adzuna
illustrator designer,illustrator,Senior,5+ років,,,PL,2026-05-21,adzuna
information security engineer,information_security,Middle,2-3 роки,5151.0,7420.0,PL,2026-05-21,adzuna
information security engineer,information_security,Senior,5+ років,5151.0,7420.0,PL,2026-05-21,adzuna
ios developer,ios,Middle,2-3 роки,4284.0,5141.0,PL,2026-05-21,adzuna
ios developer,ios,Senior,5+ років,4284.0,5141.0,PL,2026-05-21,adzuna
java developer,java,Middle,2-3 роки,3060.0,4947.0,PL,2026-05-21,adzuna
java developer,java,Senior,5+ років,4488.0,5865.0,PL,2026-05-21,adzuna
javascript developer,javascript,Middle,2-3 роки,2678.0,4590.0,PL,2026-05-21,adzuna
javascript developer,javascript,Senior,5+ років,4845.0,5738.0,PL,2026-05-21,adzuna
kotlin developer,kotlin,Middle,2-3 роки,1703.0,3641.0,PL,2026-05-21,adzuna
kotlin developer,kotlin,Senior,5+ років,4712.0,6426.0,PL,2026-05-21,adzuna
laravel developer,laravel,Middle,2-3 роки,2678.0,3825.0,PL,2026-05-21,adzuna
laravel developer,laravel,Senior,5+ років,2805.0,4080.0,PL,2026-05-21,adzuna
tech lead,lead,Middle,2-3 роки,,,PL,2026-05-21,adzuna
tech lead,lead,Senior,5+ років,6758.0,8140.0,PL,2026-05-21,adzuna
lead generation manager,lead_generation,Middle,2-3 роки,,,PL,2026-05-21,adzuna
lead generation manager,lead_generation,Senior,5+ років,,,PL,2026-05-21,adzuna
magento developer,magento,Middle,2-3 роки,4080.0,4845.0,PL,2026-05-21,adzuna
magento developer,magento,Senior,5+ років,4080.0,5355.0,PL,2026-05-21,adzuna
marketing manager,marketing,Middle,2-3 роки,2805.0,3825.0,PL,2026-05-21,adzuna
marketing manager,marketing,Senior,5+ років,2805.0,3825.0,PL,2026-05-21,adzuna
marketing analyst,marketing_analyst,Middle,2-3 роки,,,PL,2026-05-21,adzuna
marketing analyst,marketing_analyst,Senior,5+ років,,,PL,2026-05-21,adzuna
.net maui developer,maui,Middle,2-3 роки,5731.0,6522.0,PL,2026-05-21,adzuna
.net maui developer,maui,Senior,5+ років,5731.0,6522.0,PL,2026-05-21,adzuna
media buyer,media_buying,Middle,2-3 роки,,,PL,2026-05-21,adzuna
media buyer,media_buying,Senior,5+ років,,,PL,2026-05-21,adzuna
machine learning engineer,ml_ai,Middle,2-3 роки,5998.0,7140.0,PL,2026-05-21,adzuna
machine learning engineer,ml_ai,Senior,5+ років,5783.0,7140.0,PL,2026-05-21,adzuna
motion designer,motion_design,Middle,2-3 роки,,,PL,2026-05-21,adzuna
motion designer,motion_design,Senior,5+ років,,,PL,2026-05-21,adzuna
microsoft dynamics developer,ms_dynamics,Middle,2-3 роки,7283.0,8568.0,PL,2026-05-21,adzuna
microsoft dynamics developer,ms_dynamics,Senior,5+ років,6854.0,8836.0,PL,2026-05-21,adzuna
no code developer,nocode,Middle,2-3 роки,,,PL,2026-05-21,adzuna
no code developer,nocode,Senior,5+ років,,,PL,2026-05-21,adzuna
node.js developer,node_js,Middle,2-3 роки,4590.0,5865.0,PL,2026-05-21,adzuna
node.js developer,node_js,Senior,5+ років,4590.0,6426.0,PL,2026-05-21,adzuna
odoo developer,odoo,Middle,2-3 роки,,,PL,2026-05-21,adzuna
odoo developer,odoo,Senior,5+ років,,,PL,2026-05-21,adzuna
penetration tester,penetration_tester,Middle,2-3 роки,,,PL,2026-05-21,adzuna
penetration tester,penetration_tester,Senior,5+ років,5569.0,6426.0,PL,2026-05-21,adzuna
php developer,php,Middle,2-3 роки,3570.0,4208.0,PL,2026-05-21,adzuna
php developer,php,Senior,5+ років,3315.0,5865.0,PL,2026-05-21,adzuna
ppc specialist,ppc,Middle,2-3 роки,1658.0,2805.0,PL,2026-05-21,adzuna
ppc specialist,ppc,Senior,5+ років,1658.0,2805.0,PL,2026-05-21,adzuna
pr manager,pr_manager,Middle,2-3 роки,,,PL,2026-05-21,adzuna
pr manager,pr_manager,Senior,5+ років,,,PL,2026-05-21,adzuna
product designer,product_design,Middle,2-3 роки,3570.0,5100.0,PL,2026-05-21,adzuna
product designer,product_design,Senior,5+ років,4845.0,6854.0,PL,2026-05-21,adzuna
product manager,product_manager,Middle,2-3 роки,4335.0,5610.0,PL,2026-05-21,adzuna
product manager,product_manager,Senior,5+ років,4462.0,5865.0,PL,2026-05-21,adzuna
product owner,product_owner,Middle,2-3 роки,4335.0,6120.0,PL,2026-05-21,adzuna
product owner,product_owner,Senior,5+ років,4335.0,6120.0,PL,2026-05-21,adzuna
IT project manager software,project_manager,Middle,2-3 роки,4284.0,5569.0,PL,2026-05-21,adzuna
IT project manager software,project_manager,Senior,5+ років,4284.0,5569.0,PL,2026-05-21,adzuna
python developer,python,Middle,2-3 роки,4825.0,6105.0,PL,2026-05-21,adzuna
python developer,python,Senior,5+ років,4845.0,5998.0,PL,2026-05-21,adzuna
qa engineer,qa,Middle,2-3 роки,3251.0,3570.0,PL,2026-05-21,adzuna
qa engineer,qa,Senior,5+ років,3634.0,4399.0,PL,2026-05-21,adzuna
qa automation engineer,qa_automation,Middle,2-3 роки,4284.0,5141.0,PL,2026-05-21,adzuna
qa automation engineer,qa_automation,Senior,5+ років,4284.0,5355.0,PL,2026-05-21,adzuna
manual qa tester,qa_manual,Middle,2-3 роки,2570.0,3825.0,PL,2026-05-21,adzuna
manual qa tester,qa_manual,Senior,5+ років,2570.0,3825.0,PL,2026-05-21,adzuna
react developer,react,Middle,2-3 роки,4820.0,6426.0,PL,2026-05-21,adzuna
react developer,react,Senior,5+ років,5569.0,6426.0,PL,2026-05-21,adzuna
react native developer,react_native,Middle,2-3 роки,4284.0,5783.0,PL,2026-05-21,adzuna
react native developer,react_native,Senior,5+ років,5141.0,6872.0,PL,2026-05-21,adzuna
it recruiter,recruiter,Middle,2-3 роки,2381.0,2837.0,PL,2026-05-21,adzuna
it recruiter,recruiter,Senior,5+ років,1912.0,2550.0,PL,2026-05-21,adzuna
ruby developer,ruby,Middle,2-3 роки,3570.0,4845.0,PL,2026-05-21,adzuna
ruby developer,ruby,Senior,5+ років,4208.0,5674.0,PL,2026-05-21,adzuna
rust developer,rust,Middle,2-3 роки,3825.0,6375.0,PL,2026-05-21,adzuna
rust developer,rust,Senior,5+ років,3825.0,6375.0,PL,2026-05-21,adzuna
sales manager,sales,Middle,2-3 роки,,,PL,2026-05-21,adzuna
sales manager,sales,Senior,5+ років,,,PL,2026-05-21,adzuna
sales director,sales_leadership,Middle,2-3 роки,4590.0,5610.0,PL,2026-05-21,adzuna
sales director,sales_leadership,Senior,5+ років,4590.0,5610.0,PL,2026-05-21,adzuna
sales manager,sales_manager,Middle,2-3 роки,,,PL,2026-05-21,adzuna
sales manager,sales_manager,Senior,5+ років,,,PL,2026-05-21,adzuna
salesforce developer,salesforce,Middle,2-3 роки,3435.0,5610.0,PL,2026-05-21,adzuna
salesforce developer,salesforce,Senior,5+ років,3435.0,5610.0,PL,2026-05-21,adzuna
sap developer,sap,Middle,2-3 роки,5569.0,6311.0,PL,2026-05-21,adzuna
sap developer,sap,Senior,5+ років,5569.0,6311.0,PL,2026-05-21,adzuna
scala developer,scala,Middle,2-3 роки,,,PL,2026-05-21,adzuna
scala developer,scala,Senior,5+ років,6854.0,8140.0,PL,2026-05-21,adzuna
scrum master,scrum_master,Middle,2-3 роки,4712.0,5569.0,PL,2026-05-21,adzuna
scrum master,scrum_master,Senior,5+ років,4820.0,5998.0,PL,2026-05-21,adzuna
security engineer,security,Middle,2-3 роки,5100.0,7650.0,PL,2026-05-21,adzuna
security engineer,security,Senior,5+ років,5100.0,7140.0,PL,2026-05-21,adzuna
security analyst,security_analyst,Middle,2-3 роки,,,PL,2026-05-21,adzuna
security analyst,security_analyst,Senior,5+ років,4284.0,5344.0,PL,2026-05-21,adzuna
seo specialist,seo,Middle,2-3 роки,1714.0,2601.0,PL,2026-05-21,adzuna
seo specialist,seo,Senior,5+ років,1714.0,2805.0,PL,2026-05-21,adzuna
social media manager,social_media,Middle,2-3 роки,1785.0,2550.0,PL,2026-05-21,adzuna
social media manager,social_media,Senior,5+ років,1785.0,2550.0,PL,2026-05-21,adzuna
sql dba database administrator,sql_dba,Middle,2-3 роки,,,PL,2026-05-21,adzuna
sql dba database administrator,sql_dba,Senior,5+ років,,,PL,2026-05-21,adzuna
technical support engineer,support,Middle,2-3 роки,3427.0,4080.0,PL,2026-05-21,adzuna
technical support engineer,support,Senior,5+ років,3427.0,4080.0,PL,2026-05-21,adzuna
svelte developer,svelte,Middle,2-3 роки,3672.0,6936.0,PL,2026-05-21,adzuna
svelte developer,svelte,Senior,5+ років,3672.0,6936.0,PL,2026-05-21,adzuna
symfony developer,symfony,Middle,2-3 роки,3060.0,4080.0,PL,2026-05-21,adzuna
symfony developer,symfony,Senior,5+ років,3371.0,4080.0,PL,2026-05-21,adzuna
system administrator linux,sysadmin,Middle,2-3 роки,3124.0,4208.0,PL,2026-05-21,adzuna
system administrator linux,sysadmin,Senior,5+ років,3570.0,4590.0,PL,2026-05-21,adzuna
ux designer,ui_ux,Middle,2-3 роки,4155.0,5100.0,PL,2026-05-21,adzuna
ux designer,ui_ux,Senior,5+ років,4080.0,5141.0,PL,2026-05-21,adzuna
unity developer,unity,Middle,2-3 роки,,,PL,2026-05-21,adzuna
unity developer,unity,Senior,5+ років,,,PL,2026-05-21,adzuna
unreal engine developer,unreal,Middle,2-3 роки,,,PL,2026-05-21,adzuna
unreal engine developer,unreal,Senior,5+ років,,,PL,2026-05-21,adzuna
ux researcher,ux_research,Middle,2-3 роки,3427.0,4712.0,PL,2026-05-21,adzuna
ux researcher,ux_research,Senior,5+ років,3853.0,4715.0,PL,2026-05-21,adzuna
vue.js developer,vue,Middle,2-3 роки,,,PL,2026-05-21,adzuna
vue.js developer,vue,Senior,5+ років,6426.0,7497.0,PL,2026-05-21,adzuna
winforms developer,winforms,Middle,2-3 роки,,,PL,2026-05-21,adzuna
winforms developer,winforms,Senior,5+ років,,,PL,2026-05-21,adzuna
wordpress developer,wordpress,Middle,2-3 роки,,,PL,2026-05-21,adzuna
wordpress developer,wordpress,Senior,5+ років,2295.0,4335.0,PL,2026-05-21,adzuna
wpf developer,wpf,Middle,2-3 роки,,,PL,2026-05-21,adzuna
wpf developer,wpf,Senior,5+ років,3825.0,4972.0,PL,2026-05-21,adzuna
xamarin developer,xamarin,Middle,2-3 роки,,,PL,2026-05-21,adzuna
xamarin developer,xamarin,Senior,5+ років,,,PL,2026-05-21,adzuna
yii developer,yii,Middle,2-3 роки,,,PL,2026-05-21,adzuna
yii developer,yii,Senior,5+ років,,,PL,2026-05-21,adzuna
2d animator,2d_animation,Middle,2-3 роки,4137.0,4137.0,UK,2026-05-21,adzuna
2d animator,2d_animation,Senior,5+ років,4162.0,4162.0,UK,2026-05-21,adzuna
2d artist,2d_artist,Middle,2-3 роки,4423.0,4423.0,UK,2026-05-21,adzuna
2d artist,2d_artist,Senior,5+ років,4423.0,4423.0,UK,2026-05-21,adzuna
3d animator,3d_animation,Middle,2-3 роки,3704.0,4578.0,UK,2026-05-21,adzuna
3d animator,3d_animation,Senior,5+ років,4200.0,4762.0,UK,2026-05-21,adzuna
3d artist,3d_artist,Middle,2-3 роки,4456.0,4664.0,UK,2026-05-21,adzuna
3d artist,3d_artist,Senior,5+ років,4502.0,4664.0,UK,2026-05-21,adzuna
accountant finance,accountant,Middle,2-3 роки,5719.0,5719.0,UK,2026-05-21,adzuna
accountant finance,accountant,Senior,5+ років,5830.0,5830.0,UK,2026-05-21,adzuna
affiliate manager,affiliate_manager,Middle,2-3 роки,4454.0,4521.0,UK,2026-05-21,adzuna
affiliate manager,affiliate_manager,Senior,5+ років,4449.0,4509.0,UK,2026-05-21,adzuna
android developer,android,Middle,2-3 роки,5782.0,5938.0,UK,2026-05-21,adzuna
android developer,android,Senior,5+ років,6197.0,6606.0,UK,2026-05-21,adzuna
angular developer,angular,Middle,2-3 роки,5149.0,5285.0,UK,2026-05-21,adzuna
angular developer,angular,Senior,5+ років,5440.0,6879.0,UK,2026-05-21,adzuna
asp.net developer,asp_net,Middle,2-3 роки,5292.0,6879.0,UK,2026-05-21,adzuna
asp.net developer,asp_net,Senior,5+ років,5488.0,6879.0,UK,2026-05-21,adzuna
blazor developer,blazor,Middle,2-3 роки,5145.0,6244.0,UK,2026-05-21,adzuna
blazor developer,blazor,Senior,5+ років,5292.0,6350.0,UK,2026-05-21,adzuna
business analyst IT,business_analyst,Middle,2-3 роки,5624.0,5624.0,UK,2026-05-21,adzuna
business analyst IT,business_analyst,Senior,5+ років,5645.0,5645.0,UK,2026-05-21,adzuna
c programmer,c,Middle,2-3 роки,,,UK,2026-05-21,adzuna
c programmer,c,Senior,5+ років,,,UK,2026-05-21,adzuna
chief business development officer,cbdo,Middle,2-3 роки,3851.0,3851.0,UK,2026-05-21,adzuna
chief business development officer,cbdo,Senior,5+ років,4697.0,4697.0,UK,2026-05-21,adzuna
chief commercial officer,cco,Middle,2-3 роки,5976.0,6350.0,UK,2026-05-21,adzuna
chief commercial officer,cco,Senior,5+ років,5942.0,6350.0,UK,2026-05-21,adzuna
chief executive officer tech,ceo,Middle,2-3 роки,,,UK,2026-05-21,adzuna
chief executive officer tech,ceo,Senior,5+ років,,,UK,2026-05-21,adzuna
chief financial officer tech,cfo,Middle,2-3 роки,,,UK,2026-05-21,adzuna
chief financial officer tech,cfo,Senior,5+ років,,,UK,2026-05-21,adzuna
chief information officer,cio,Middle,2-3 роки,7369.0,7436.0,UK,2026-05-21,adzuna
chief information officer,cio,Senior,5+ років,7324.0,7330.0,UK,2026-05-21,adzuna
chief marketing officer tech,cmo,Middle,2-3 роки,,,UK,2026-05-21,adzuna
chief marketing officer tech,cmo,Senior,5+ років,,,UK,2026-05-21,adzuna
content designer,content_design,Middle,2-3 роки,5296.0,5462.0,UK,2026-05-21,adzuna
content designer,content_design,Senior,5+ років,5300.0,5530.0,UK,2026-05-21,adzuna
content manager,content_manager,Middle,2-3 роки,4267.0,4483.0,UK,2026-05-21,adzuna
content manager,content_manager,Senior,5+ років,4387.0,4597.0,UK,2026-05-21,adzuna
content marketing manager,content_marketing,Middle,2-3 роки,4233.0,4233.0,UK,2026-05-21,adzuna
content marketing manager,content_marketing,Senior,5+ років,4233.0,4275.0,UK,2026-05-21,adzuna
content writer,content_writing,Middle,2-3 роки,3702.0,3705.0,UK,2026-05-21,adzuna
content writer,content_writing,Senior,5+ років,3704.0,3876.0,UK,2026-05-21,adzuna
chief operating officer,coo,Middle,2-3 роки,6879.0,7408.0,UK,2026-05-21,adzuna
chief operating officer,coo,Senior,5+ років,6879.0,7408.0,UK,2026-05-21,adzuna
c++ developer,cplusplus,Middle,2-3 роки,6101.0,6804.0,UK,2026-05-21,adzuna
c++ developer,cplusplus,Senior,5+ років,6858.0,6992.0,UK,2026-05-21,adzuna
chief product officer,cpo,Middle,2-3 роки,7646.0,8094.0,UK,2026-05-21,adzuna
chief product officer,cpo,Senior,5+ років,7408.0,7829.0,UK,2026-05-21,adzuna
c++ developer,cpp,Middle,2-3 роки,6101.0,6804.0,UK,2026-05-21,adzuna
c++ developer,cpp,Senior,5+ років,6858.0,6992.0,UK,2026-05-21,adzuna
chief technology officer,cto,Middle,2-3 роки,8172.0,9006.0,UK,2026-05-21,adzuna
chief technology officer,cto,Senior,5+ років,7580.0,7814.0,UK,2026-05-21,adzuna
data analyst,data_analyst,Middle,2-3 роки,3175.0,5292.0,UK,2026-05-21,adzuna
data analyst,data_analyst,Senior,5+ років,3175.0,5292.0,UK,2026-05-21,adzuna
data engineer,data_engineer,Middle,2-3 роки,6424.0,7408.0,UK,2026-05-21,adzuna
data engineer,data_engineer,Senior,5+ років,6879.0,7938.0,UK,2026-05-21,adzuna
data scientist,data_science,Middle,2-3 роки,2646.0,4762.0,UK,2026-05-21,adzuna
data scientist,data_science,Senior,5+ років,2646.0,4762.0,UK,2026-05-21,adzuna
delivery manager agile IT,delivery_manager,Middle,2-3 роки,,,UK,2026-05-21,adzuna
delivery manager agile IT,delivery_manager,Senior,5+ років,,,UK,2026-05-21,adzuna
graphic designer,design,Middle,2-3 роки,3175.0,3522.0,UK,2026-05-21,adzuna
graphic designer,design,Senior,5+ років,3175.0,3522.0,UK,2026-05-21,adzuna
devops engineer,dev_ops,Middle,2-3 роки,6736.0,7067.0,UK,2026-05-21,adzuna
devops engineer,dev_ops,Senior,5+ років,6879.0,7408.0,UK,2026-05-21,adzuna
digital marketing,digital_marketing,Middle,2-3 роки,4224.0,4233.0,UK,2026-05-21,adzuna
digital marketing,digital_marketing,Senior,5+ років,4224.0,4233.0,UK,2026-05-21,adzuna
digital marketing manager,digital_marketing_manager,Middle,2-3 роки,4762.0,5292.0,UK,2026-05-21,adzuna
digital marketing manager,digital_marketing_manager,Senior,5+ років,4762.0,5292.0,UK,2026-05-21,adzuna
.net developer,dotnet,Middle,2-3 роки,5292.0,7408.0,UK,2026-05-21,adzuna
.net developer,dotnet,Senior,5+ років,5292.0,7408.0,UK,2026-05-21,adzuna
.net cloud developer,dotnet_cloud,Middle,2-3 роки,4233.0,4868.0,UK,2026-05-21,adzuna
.net cloud developer,dotnet_cloud,Senior,5+ років,5492.0,5492.0,UK,2026-05-21,adzuna
.net desktop developer,dotnet_desktop,Middle,2-3 роки,4445.0,5080.0,UK,2026-05-21,adzuna
.net desktop developer,dotnet_desktop,Senior,5+ років,6085.0,7673.0,UK,2026-05-21,adzuna
.net mobile developer,dotnet_mobile,Middle,2-3 роки,,,UK,2026-05-21,adzuna
.net mobile developer,dotnet_mobile,Senior,5+ років,,,UK,2026-05-21,adzuna
asp.net web developer,dotnet_web,Middle,2-3 роки,7938.0,8467.0,UK,2026-05-21,adzuna
asp.net web developer,dotnet_web,Senior,5+ років,7938.0,8467.0,UK,2026-05-21,adzuna
drupal developer,drupal,Middle,2-3 роки,,,UK,2026-05-21,adzuna
drupal developer,drupal,Senior,5+ років,,,UK,2026-05-21,adzuna
elixir developer,elixir,Middle,2-3 роки,,,UK,2026-05-21,adzuna
elixir developer,elixir,Senior,5+ років,,,UK,2026-05-21,adzuna
embedded software engineer,embedded,Middle,2-3 роки,5292.0,6058.0,UK,2026-05-21,adzuna
embedded software engineer,embedded,Senior,5+ років,5821.0,6350.0,UK,2026-05-21,adzuna
software engineering manager,engineering_manager,Middle,2-3 роки,7569.0,7938.0,UK,2026-05-21,adzuna
software engineering manager,engineering_manager,Senior,5+ років,7419.0,7773.0,UK,2026-05-21,adzuna
erp developer,erp_systems,Middle,2-3 роки,5284.0,5768.0,UK,2026-05-21,adzuna
erp developer,erp_systems,Senior,5+ років,5768.0,6350.0,UK,2026-05-21,adzuna
finance manager,finance_manager,Middle,2-3 роки,5713.0,5713.0,UK,2026-05-21,adzuna
finance manager,finance_manager,Senior,5+ років,5771.0,5771.0,UK,2026-05-21,adzuna
financial analyst,finances,Middle,2-3 роки,4863.0,5090.0,UK,2026-05-21,adzuna
financial analyst,finances,Senior,5+ років,5292.0,5292.0,UK,2026-05-21,adzuna
financial analyst,financial_analyst,Middle,2-3 роки,4863.0,5090.0,UK,2026-05-21,adzuna
financial analyst,financial_analyst,Senior,5+ років,5292.0,5292.0,UK,2026-05-21,adzuna
flutter developer,flutter,Middle,2-3 роки,5292.0,5387.0,UK,2026-05-21,adzuna
flutter developer,flutter,Senior,5+ років,5292.0,5550.0,UK,2026-05-21,adzuna
fullstack developer,fullstack,Middle,2-3 роки,5244.0,5489.0,UK,2026-05-21,adzuna
fullstack developer,fullstack,Senior,5+ років,5957.0,6695.0,UK,2026-05-21,adzuna
game designer,game_design,Middle,2-3 роки,4762.0,4857.0,UK,2026-05-21,adzuna
game designer,game_design,Senior,5+ років,4762.0,4833.0,UK,2026-05-21,adzuna
game developer,game_developer,Middle,2-3 роки,4237.0,4517.0,UK,2026-05-21,adzuna
game developer,game_developer,Senior,5+ років,4205.0,4473.0,UK,2026-05-21,adzuna
unity developer,gamedev,Middle,2-3 роки,4080.0,4080.0,UK,2026-05-21,adzuna
unity developer,gamedev,Senior,5+ років,4096.0,4096.0,UK,2026-05-21,adzuna
golang developer,golang,Middle,2-3 роки,6350.0,7197.0,UK,2026-05-21,adzuna
golang developer,golang,Senior,5+ років,6350.0,7408.0,UK,2026-05-21,adzuna
graphic designer,graphic_design,Middle,2-3 роки,3175.0,3522.0,UK,2026-05-21,adzuna
graphic designer,graphic_design,Senior,5+ років,3175.0,3522.0,UK,2026-05-21,adzuna
head of software engineering,head_chief,Middle,2-3 роки,7938.0,10583.0,UK,2026-05-21,adzuna
head of software engineering,head_chief,Senior,5+ років,7938.0,8934.0,UK,2026-05-21,adzuna
hr manager,hr,Middle,2-3 роки,4623.0,4961.0,UK,2026-05-21,adzuna
hr manager,hr,Senior,5+ років,4623.0,4961.0,UK,2026-05-21,adzuna
illustrator designer,illustrator,Middle,2-3 роки,3605.0,3618.0,UK,2026-05-21,adzuna
illustrator designer,illustrator,Senior,5+ років,3724.0,3869.0,UK,2026-05-21,adzuna
information security engineer,information_security,Middle,2-3 роки,5860.0,6350.0,UK,2026-05-21,adzuna
information security engineer,information_security,Senior,5+ років,6740.0,7032.0,UK,2026-05-21,adzuna
ios developer,ios,Middle,2-3 роки,5958.0,5976.0,UK,2026-05-21,adzuna
ios developer,ios,Senior,5+ років,6302.0,6562.0,UK,2026-05-21,adzuna
java developer,java,Middle,2-3 роки,6350.0,6722.0,UK,2026-05-21,adzuna
java developer,java,Senior,5+ років,6565.0,6879.0,UK,2026-05-21,adzuna
javascript developer,javascript,Middle,2-3 роки,5046.0,5292.0,UK,2026-05-21,adzuna
javascript developer,javascript,Senior,5+ років,5397.0,5556.0,UK,2026-05-21,adzuna
kotlin developer,kotlin,Middle,2-3 роки,,,UK,2026-05-21,adzuna
kotlin developer,kotlin,Senior,5+ років,,,UK,2026-05-21,adzuna
laravel developer,laravel,Middle,2-3 роки,,,UK,2026-05-21,adzuna
laravel developer,laravel,Senior,5+ років,,,UK,2026-05-21,adzuna
tech lead,lead,Middle,2-3 роки,,,UK,2026-05-21,adzuna
tech lead,lead,Senior,5+ років,7682.0,7857.0,UK,2026-05-21,adzuna
lead generation manager,lead_generation,Middle,2-3 роки,4233.0,4500.0,UK,2026-05-21,adzuna
lead generation manager,lead_generation,Senior,5+ років,4233.0,4762.0,UK,2026-05-21,adzuna
magento developer,magento,Middle,2-3 роки,,,UK,2026-05-21,adzuna
magento developer,magento,Senior,5+ років,3650.0,3650.0,UK,2026-05-21,adzuna
marketing manager,marketing,Middle,2-3 роки,5191.0,5191.0,UK,2026-05-21,adzuna
marketing manager,marketing,Senior,5+ років,5239.0,5239.0,UK,2026-05-21,adzuna
marketing analyst,marketing_analyst,Middle,2-3 роки,4474.0,4844.0,UK,2026-05-21,adzuna
marketing analyst,marketing_analyst,Senior,5+ років,5234.0,5292.0,UK,2026-05-21,adzuna
.net maui developer,maui,Middle,2-3 роки,,,UK,2026-05-21,adzuna
.net maui developer,maui,Senior,5+ років,4836.0,4836.0,UK,2026-05-21,adzuna
media buyer,media_buying,Middle,2-3 роки,4503.0,5292.0,UK,2026-05-21,adzuna
media buyer,media_buying,Senior,5+ років,4621.0,5244.0,UK,2026-05-21,adzuna
machine learning engineer,ml_ai,Middle,2-3 роки,,,UK,2026-05-21,adzuna
machine learning engineer,ml_ai,Senior,5+ років,6674.0,6701.0,UK,2026-05-21,adzuna
motion designer,motion_design,Middle,2-3 роки,4407.0,4612.0,UK,2026-05-21,adzuna
motion designer,motion_design,Senior,5+ років,4612.0,4762.0,UK,2026-05-21,adzuna
microsoft dynamics developer,ms_dynamics,Middle,2-3 роки,6220.0,6716.0,UK,2026-05-21,adzuna
microsoft dynamics developer,ms_dynamics,Senior,5+ років,6073.0,6617.0,UK,2026-05-21,adzuna
no code developer,nocode,Middle,2-3 роки,5292.0,5578.0,UK,2026-05-21,adzuna
no code developer,nocode,Senior,5+ років,5583.0,5821.0,UK,2026-05-21,adzuna
node.js developer,node_js,Middle,2-3 роки,6292.0,6888.0,UK,2026-05-21,adzuna
node.js developer,node_js,Senior,5+ років,6657.0,6922.0,UK,2026-05-21,adzuna
odoo developer,odoo,Middle,2-3 роки,,,UK,2026-05-21,adzuna
odoo developer,odoo,Senior,5+ років,,,UK,2026-05-21,adzuna
penetration tester,penetration_tester,Middle,2-3 роки,4992.0,5292.0,UK,2026-05-21,adzuna
penetration tester,penetration_tester,Senior,5+ років,6069.0,6166.0,UK,2026-05-21,adzuna
php developer,php,Middle,2-3 роки,4233.0,4762.0,UK,2026-05-21,adzuna
php developer,php,Senior,5+ років,5292.0,5626.0,UK,2026-05-21,adzuna
ppc specialist,ppc,Middle,2-3 роки,4022.0,4694.0,UK,2026-05-21,adzuna
ppc specialist,ppc,Senior,5+ років,4022.0,4694.0,UK,2026-05-21,adzuna
pr manager,pr_manager,Middle,2-3 роки,4115.0,4411.0,UK,2026-05-21,adzuna
pr manager,pr_manager,Senior,5+ років,4142.0,4445.0,UK,2026-05-21,adzuna
product designer,product_design,Middle,2-3 роки,5086.0,5487.0,UK,2026-05-21,adzuna
product designer,product_design,Senior,5+ років,5472.0,5633.0,UK,2026-05-21,adzuna
product manager,product_manager,Middle,2-3 роки,6344.0,6350.0,UK,2026-05-21,adzuna
product manager,product_manager,Senior,5+ років,6350.0,6350.0,UK,2026-05-21,adzuna
product owner,product_owner,Middle,2-3 роки,6478.0,7047.0,UK,2026-05-21,adzuna
product owner,product_owner,Senior,5+ років,6492.0,7215.0,UK,2026-05-21,adzuna
IT project manager software,project_manager,Middle,2-3 роки,5292.0,5821.0,UK,2026-05-21,adzuna
IT project manager software,project_manager,Senior,5+ років,5485.0,5999.0,UK,2026-05-21,adzuna
python developer,python,Middle,2-3 роки,7408.0,7938.0,UK,2026-05-21,adzuna
python developer,python,Senior,5+ років,7232.0,7911.0,UK,2026-05-21,adzuna
qa engineer,qa,Middle,2-3 роки,5059.0,5292.0,UK,2026-05-21,adzuna
qa engineer,qa,Senior,5+ років,5072.0,5399.0,UK,2026-05-21,adzuna
qa automation engineer,qa_automation,Middle,2-3 роки,6133.0,6324.0,UK,2026-05-21,adzuna
qa automation engineer,qa_automation,Senior,5+ років,6229.0,6408.0,UK,2026-05-21,adzuna
manual qa tester,qa_manual,Middle,2-3 роки,4419.0,4705.0,UK,2026-05-21,adzuna
manual qa tester,qa_manual,Senior,5+ років,4762.0,4927.0,UK,2026-05-21,adzuna
react developer,react,Middle,2-3 роки,5940.0,6196.0,UK,2026-05-21,adzuna
react developer,react,Senior,5+ років,6706.0,7189.0,UK,2026-05-21,adzuna
react native developer,react_native,Middle,2-3 роки,5641.0,5783.0,UK,2026-05-21,adzuna
react native developer,react_native,Senior,5+ років,5856.0,5947.0,UK,2026-05-21,adzuna
it recruiter,recruiter,Middle,2-3 роки,4233.0,4893.0,UK,2026-05-21,adzuna
it recruiter,recruiter,Senior,5+ років,5054.0,5351.0,UK,2026-05-21,adzuna
ruby developer,ruby,Middle,2-3 роки,7376.0,7578.0,UK,2026-05-21,adzuna
ruby developer,ruby,Senior,5+ років,7411.0,7938.0,UK,2026-05-21,adzuna
rust developer,rust,Middle,2-3 роки,6935.0,6935.0,UK,2026-05-21,adzuna
rust developer,rust,Senior,5+ років,6995.0,6995.0,UK,2026-05-21,adzuna
sales manager,sales,Middle,2-3 роки,5292.0,5292.0,UK,2026-05-21,adzuna
sales manager,sales,Senior,5+ років,5476.0,5476.0,UK,2026-05-21,adzuna
sales director,sales_leadership,Middle,2-3 роки,8636.0,8692.0,UK,2026-05-21,adzuna
sales director,sales_leadership,Senior,5+ років,8636.0,8692.0,UK,2026-05-21,adzuna
sales manager,sales_manager,Middle,2-3 роки,5292.0,5292.0,UK,2026-05-21,adzuna
sales manager,sales_manager,Senior,5+ років,5476.0,5476.0,UK,2026-05-21,adzuna
salesforce developer,salesforce,Middle,2-3 роки,6468.0,6468.0,UK,2026-05-21,adzuna
salesforce developer,salesforce,Senior,5+ років,7003.0,7128.0,UK,2026-05-21,adzuna
sap developer,sap,Middle,2-3 роки,5591.0,5591.0,UK,2026-05-21,adzuna
sap developer,sap,Senior,5+ років,5647.0,5684.0,UK,2026-05-21,adzuna
scala developer,scala,Middle,2-3 роки,7136.0,7136.0,UK,2026-05-21,adzuna
scala developer,scala,Senior,5+ років,7176.0,7176.0,UK,2026-05-21,adzuna
scrum master,scrum_master,Middle,2-3 роки,5851.0,5954.0,UK,2026-05-21,adzuna
scrum master,scrum_master,Senior,5+ років,5954.0,5968.0,UK,2026-05-21,adzuna
security engineer,security,Middle,2-3 роки,4762.0,4762.0,UK,2026-05-21,adzuna
security engineer,security,Senior,5+ років,4762.0,4762.0,UK,2026-05-21,adzuna
security analyst,security_analyst,Middle,2-3 роки,5277.0,5490.0,UK,2026-05-21,adzuna
security analyst,security_analyst,Senior,5+ років,5292.0,5684.0,UK,2026-05-21,adzuna
seo specialist,seo,Middle,2-3 роки,3998.0,4685.0,UK,2026-05-21,adzuna
seo specialist,seo,Senior,5+ років,,,UK,2026-05-21,adzuna
social media manager,social_media,Middle,2-3 роки,4123.0,4233.0,UK,2026-05-21,adzuna
social media manager,social_media,Senior,5+ років,4178.0,4233.0,UK,2026-05-21,adzuna
sql dba database administrator,sql_dba,Middle,2-3 роки,4233.0,4762.0,UK,2026-05-21,adzuna
sql dba database administrator,sql_dba,Senior,5+ років,4233.0,4762.0,UK,2026-05-21,adzuna
technical support engineer,support,Middle,2-3 роки,4233.0,4402.0,UK,2026-05-21,adzuna
technical support engineer,support,Senior,5+ років,4233.0,4402.0,UK,2026-05-21,adzuna
svelte developer,svelte,Middle,2-3 роки,,,UK,2026-05-21,adzuna
svelte developer,svelte,Senior,5+ років,,,UK,2026-05-21,adzuna
symfony developer,symfony,Middle,2-3 роки,4233.0,4762.0,UK,2026-05-21,adzuna
symfony developer,symfony,Senior,5+ років,5292.0,6350.0,UK,2026-05-21,adzuna
system administrator linux,sysadmin,Middle,2-3 роки,5821.0,6605.0,UK,2026-05-21,adzuna
system administrator linux,sysadmin,Senior,5+ років,6350.0,7043.0,UK,2026-05-21,adzuna
ux designer,ui_ux,Middle,2-3 роки,5042.0,5042.0,UK,2026-05-21,adzuna
ux designer,ui_ux,Senior,5+ років,5393.0,5534.0,UK,2026-05-21,adzuna
unity developer,unity,Middle,2-3 роки,4080.0,4080.0,UK,2026-05-21,adzuna
unity developer,unity,Senior,5+ років,4096.0,4096.0,UK,2026-05-21,adzuna
unreal engine developer,unreal,Middle,2-3 роки,4215.0,4562.0,UK,2026-05-21,adzuna
unreal engine developer,unreal,Senior,5+ років,5015.0,5778.0,UK,2026-05-21,adzuna
ux researcher,ux_research,Middle,2-3 роки,5434.0,5434.0,UK,2026-05-21,adzuna
ux researcher,ux_research,Senior,5+ років,6554.0,6574.0,UK,2026-05-21,adzuna
vue.js developer,vue,Middle,2-3 роки,6350.0,6350.0,UK,2026-05-21,adzuna
vue.js developer,vue,Senior,5+ років,6879.0,7445.0,UK,2026-05-21,adzuna
winforms developer,winforms,Middle,2-3 роки,5064.0,6141.0,UK,2026-05-21,adzuna
winforms developer,winforms,Senior,5+ років,5821.0,7408.0,UK,2026-05-21,adzuna
wordpress developer,wordpress,Middle,2-3 роки,3635.0,3827.0,UK,2026-05-21,adzuna
wordpress developer,wordpress,Senior,5+ років,3704.0,3940.0,UK,2026-05-21,adzuna
wpf developer,wpf,Middle,2-3 роки,4762.0,6615.0,UK,2026-05-21,adzuna
wpf developer,wpf,Senior,5+ років,6350.0,6879.0,UK,2026-05-21,adzuna
xamarin developer,xamarin,Middle,2-3 роки,4330.0,4387.0,UK,2026-05-21,adzuna
xamarin developer,xamarin,Senior,5+ років,4330.0,4387.0,UK,2026-05-21,adzuna
yii developer,yii,Middle,2-3 роки,,,UK,2026-05-21,adzuna
yii developer,yii,Senior,5+ років,,,UK,2026-05-21,adzuna
2d animator,2d_animation,Middle,2-3 роки,6459.0,6529.0,US,2026-05-21,adzuna
2d animator,2d_animation,Senior,5+ років,6588.0,6698.0,US,2026-05-21,adzuna
2d artist,2d_artist,Middle,2-3 роки,7553.0,8333.0,US,2026-05-21,adzuna
2d artist,2d_artist,Senior,5+ років,7350.0,8448.0,US,2026-05-21,adzuna
3d animator,3d_animation,Middle,2-3 роки,6488.0,6597.0,US,2026-05-21,adzuna
3d animator,3d_animation,Senior,5+ років,6588.0,6655.0,US,2026-05-21,adzuna
3d artist,3d_artist,Middle,2-3 роки,6425.0,6550.0,US,2026-05-21,adzuna
3d artist,3d_artist,Senior,5+ років,6722.0,6972.0,US,2026-05-21,adzuna
accountant finance,accountant,Middle,2-3 роки,5891.0,6301.0,US,2026-05-21,adzuna
accountant finance,accountant,Senior,5+ років,6293.0,7095.0,US,2026-05-21,adzuna
affiliate manager,affiliate_manager,Middle,2-3 роки,6407.0,7094.0,US,2026-05-21,adzuna
affiliate manager,affiliate_manager,Senior,5+ років,6667.0,7208.0,US,2026-05-21,adzuna
android developer,android,Middle,2-3 роки,10682.0,10682.0,US,2026-05-21,adzuna
android developer,android,Senior,5+ років,10632.0,10632.0,US,2026-05-21,adzuna
angular developer,angular,Middle,2-3 роки,,,US,2026-05-21,adzuna
angular developer,angular,Senior,5+ років,9063.0,9063.0,US,2026-05-21,adzuna
asp.net developer,asp_net,Middle,2-3 роки,7800.0,7916.0,US,2026-05-21,adzuna
asp.net developer,asp_net,Senior,5+ років,7969.0,8076.0,US,2026-05-21,adzuna
blazor developer,blazor,Middle,2-3 роки,6888.0,6888.0,US,2026-05-21,adzuna
blazor developer,blazor,Senior,5+ років,7002.0,7002.0,US,2026-05-21,adzuna
business analyst IT,business_analyst,Middle,2-3 роки,4260.0,4260.0,US,2026-05-21,adzuna
business analyst IT,business_analyst,Senior,5+ років,4320.0,4320.0,US,2026-05-21,adzuna
c programmer,c,Middle,2-3 роки,9027.0,9027.0,US,2026-05-21,adzuna
c programmer,c,Senior,5+ років,9198.0,9461.0,US,2026-05-21,adzuna
chief business development officer,cbdo,Middle,2-3 роки,10041.0,10428.0,US,2026-05-21,adzuna
chief business development officer,cbdo,Senior,5+ років,10052.0,10428.0,US,2026-05-21,adzuna
chief commercial officer,cco,Middle,2-3 роки,13600.0,14863.0,US,2026-05-21,adzuna
chief commercial officer,cco,Senior,5+ років,14232.0,15584.0,US,2026-05-21,adzuna
chief executive officer tech,ceo,Middle,2-3 роки,,,US,2026-05-21,adzuna
chief executive officer tech,ceo,Senior,5+ років,,,US,2026-05-21,adzuna
chief financial officer tech,cfo,Middle,2-3 роки,,,US,2026-05-21,adzuna
chief financial officer tech,cfo,Senior,5+ років,,,US,2026-05-21,adzuna
chief information officer,cio,Middle,2-3 роки,14075.0,14276.0,US,2026-05-21,adzuna
chief information officer,cio,Senior,5+ років,14276.0,14820.0,US,2026-05-21,adzuna
chief marketing officer tech,cmo,Middle,2-3 роки,,,US,2026-05-21,adzuna
chief marketing officer tech,cmo,Senior,5+ років,,,US,2026-05-21,adzuna
content designer,content_design,Middle,2-3 роки,12515.0,12515.0,US,2026-05-21,adzuna
content designer,content_design,Senior,5+ років,12497.0,12497.0,US,2026-05-21,adzuna
content manager,content_manager,Middle,2-3 роки,5335.0,5335.0,US,2026-05-21,adzuna
content manager,content_manager,Senior,5+ років,8271.0,8271.0,US,2026-05-21,adzuna
content marketing manager,content_marketing,Middle,2-3 роки,,,US,2026-05-21,adzuna
content marketing manager,content_marketing,Senior,5+ років,9173.0,9173.0,US,2026-05-21,adzuna
content writer,content_writing,Middle,2-3 роки,5187.0,5619.0,US,2026-05-21,adzuna
content writer,content_writing,Senior,5+ років,5187.0,5619.0,US,2026-05-21,adzuna
chief operating officer,coo,Middle,2-3 роки,13409.0,14139.0,US,2026-05-21,adzuna
chief operating officer,coo,Senior,5+ років,13409.0,14139.0,US,2026-05-21,adzuna
c++ developer,cplusplus,Middle,2-3 роки,9726.0,10017.0,US,2026-05-21,adzuna
c++ developer,cplusplus,Senior,5+ років,10091.0,10198.0,US,2026-05-21,adzuna
chief product officer,cpo,Middle,2-3 роки,13111.0,13328.0,US,2026-05-21,adzuna
chief product officer,cpo,Senior,5+ років,14032.0,14144.0,US,2026-05-21,adzuna
c++ developer,cpp,Middle,2-3 роки,9726.0,10017.0,US,2026-05-21,adzuna
c++ developer,cpp,Senior,5+ років,10091.0,10198.0,US,2026-05-21,adzuna
chief technology officer,cto,Middle,2-3 роки,14541.0,14796.0,US,2026-05-21,adzuna
chief technology officer,cto,Senior,5+ років,14446.0,14742.0,US,2026-05-21,adzuna
data analyst,data_analyst,Middle,2-3 роки,7605.0,7605.0,US,2026-05-21,adzuna
data analyst,data_analyst,Senior,5+ років,7605.0,7605.0,US,2026-05-21,adzuna
data engineer,data_engineer,Middle,2-3 роки,10887.0,10936.0,US,2026-05-21,adzuna
data engineer,data_engineer,Senior,5+ років,10936.0,11170.0,US,2026-05-21,adzuna
data scientist,data_science,Middle,2-3 роки,12231.0,12293.0,US,2026-05-21,adzuna
data scientist,data_science,Senior,5+ років,12036.0,12262.0,US,2026-05-21,adzuna
delivery manager agile IT,delivery_manager,Middle,2-3 роки,,,US,2026-05-21,adzuna
delivery manager agile IT,delivery_manager,Senior,5+ років,,,US,2026-05-21,adzuna
graphic designer,design,Middle,2-3 роки,5727.0,5727.0,US,2026-05-21,adzuna
graphic designer,design,Senior,5+ років,5717.0,5717.0,US,2026-05-21,adzuna
devops engineer,dev_ops,Middle,2-3 роки,9633.0,9832.0,US,2026-05-21,adzuna
devops engineer,dev_ops,Senior,5+ років,9633.0,9832.0,US,2026-05-21,adzuna
digital marketing,digital_marketing,Middle,2-3 роки,7891.0,7891.0,US,2026-05-21,adzuna
digital marketing,digital_marketing,Senior,5+ років,7948.0,7948.0,US,2026-05-21,adzuna
digital marketing manager,digital_marketing_manager,Middle,2-3 роки,6250.0,6727.0,US,2026-05-21,adzuna
digital marketing manager,digital_marketing_manager,Senior,5+ років,6250.0,6727.0,US,2026-05-21,adzuna
.net developer,dotnet,Middle,2-3 роки,7910.0,7910.0,US,2026-05-21,adzuna
.net developer,dotnet,Senior,5+ років,,,US,2026-05-21,adzuna
.net cloud developer,dotnet_cloud,Middle,2-3 роки,9978.0,10276.0,US,2026-05-21,adzuna
.net cloud developer,dotnet_cloud,Senior,5+ років,10417.0,10962.0,US,2026-05-21,adzuna
.net desktop developer,dotnet_desktop,Middle,2-3 роки,9038.0,10458.0,US,2026-05-21,adzuna
.net desktop developer,dotnet_desktop,Senior,5+ років,9747.0,10152.0,US,2026-05-21,adzuna
.net mobile developer,dotnet_mobile,Middle,2-3 роки,8051.0,8051.0,US,2026-05-21,adzuna
.net mobile developer,dotnet_mobile,Senior,5+ років,9512.0,9512.0,US,2026-05-21,adzuna
asp.net web developer,dotnet_web,Middle,2-3 роки,8256.0,8256.0,US,2026-05-21,adzuna
asp.net web developer,dotnet_web,Senior,5+ років,8244.0,8244.0,US,2026-05-21,adzuna
drupal developer,drupal,Middle,2-3 роки,9140.0,10061.0,US,2026-05-21,adzuna
drupal developer,drupal,Senior,5+ років,9140.0,9626.0,US,2026-05-21,adzuna
elixir developer,elixir,Middle,2-3 роки,,,US,2026-05-21,adzuna
elixir developer,elixir,Senior,5+ років,12917.0,15333.0,US,2026-05-21,adzuna
embedded software engineer,embedded,Middle,2-3 роки,10404.0,10404.0,US,2026-05-21,adzuna
embedded software engineer,embedded,Senior,5+ років,10598.0,10598.0,US,2026-05-21,adzuna
software engineering manager,engineering_manager,Middle,2-3 роки,14327.0,14327.0,US,2026-05-21,adzuna
software engineering manager,engineering_manager,Senior,5+ років,14341.0,14341.0,US,2026-05-21,adzuna
erp developer,erp_systems,Middle,2-3 роки,8174.0,8281.0,US,2026-05-21,adzuna
erp developer,erp_systems,Senior,5+ років,8367.0,8846.0,US,2026-05-21,adzuna
finance manager,finance_manager,Middle,2-3 роки,6436.0,6436.0,US,2026-05-21,adzuna
finance manager,finance_manager,Senior,5+ років,6436.0,6436.0,US,2026-05-21,adzuna
financial analyst,finances,Middle,2-3 роки,7917.0,9264.0,US,2026-05-21,adzuna
financial analyst,finances,Senior,5+ років,7917.0,9071.0,US,2026-05-21,adzuna
financial analyst,financial_analyst,Middle,2-3 роки,7917.0,9264.0,US,2026-05-21,adzuna
financial analyst,financial_analyst,Senior,5+ років,7917.0,9071.0,US,2026-05-21,adzuna
flutter developer,flutter,Middle,2-3 роки,,,US,2026-05-21,adzuna
flutter developer,flutter,Senior,5+ років,15501.0,15501.0,US,2026-05-21,adzuna
fullstack developer,fullstack,Middle,2-3 роки,8539.0,8539.0,US,2026-05-21,adzuna
fullstack developer,fullstack,Senior,5+ років,8690.0,8690.0,US,2026-05-21,adzuna
game designer,game_design,Middle,2-3 роки,6721.0,7810.0,US,2026-05-21,adzuna
game designer,game_design,Senior,5+ років,7116.0,7917.0,US,2026-05-21,adzuna
game developer,game_developer,Middle,2-3 роки,,,US,2026-05-21,adzuna
game developer,game_developer,Senior,5+ років,7425.0,8216.0,US,2026-05-21,adzuna
unity developer,gamedev,Middle,2-3 роки,7298.0,9044.0,US,2026-05-21,adzuna
unity developer,gamedev,Senior,5+ років,9227.0,10817.0,US,2026-05-21,adzuna
golang developer,golang,Middle,2-3 роки,9701.0,9701.0,US,2026-05-21,adzuna
golang developer,golang,Senior,5+ років,9854.0,9854.0,US,2026-05-21,adzuna
graphic designer,graphic_design,Middle,2-3 роки,,,US,2026-05-21,adzuna
graphic designer,graphic_design,Senior,5+ років,,,US,2026-05-21,adzuna
head of software engineering,head_chief,Middle,2-3 роки,,,US,2026-05-21,adzuna
head of software engineering,head_chief,Senior,5+ років,,,US,2026-05-21,adzuna
hr manager,hr,Middle,2-3 роки,,,US,2026-05-21,adzuna
hr manager,hr,Senior,5+ років,,,US,2026-05-21,adzuna
illustrator designer,illustrator,Middle,2-3 роки,,,US,2026-05-21,adzuna
illustrator designer,illustrator,Senior,5+ років,,,US,2026-05-21,adzuna
information security engineer,information_security,Middle,2-3 роки,9498.0,9498.0,US,2026-05-21,adzuna
information security engineer,information_security,Senior,5+ років,9600.0,9600.0,US,2026-05-21,adzuna
ios developer,ios,Middle,2-3 роки,10196.0,10196.0,US,2026-05-21,adzuna
ios developer,ios,Senior,5+ років,10338.0,10338.0,US,2026-05-21,adzuna
java developer,java,Middle,2-3 роки,8370.0,8370.0,US,2026-05-21,adzuna
java developer,java,Senior,5+ років,8370.0,8370.0,US,2026-05-21,adzuna
javascript developer,javascript,Middle,2-3 роки,9067.0,9648.0,US,2026-05-21,adzuna
javascript developer,javascript,Senior,5+ років,13125.0,13125.0,US,2026-05-21,adzuna
kotlin developer,kotlin,Middle,2-3 роки,10783.0,10783.0,US,2026-05-21,adzuna
kotlin developer,kotlin,Senior,5+ років,11337.0,11337.0,US,2026-05-21,adzuna
laravel developer,laravel,Middle,2-3 роки,9242.0,9530.0,US,2026-05-21,adzuna
laravel developer,laravel,Senior,5+ років,9326.0,10007.0,US,2026-05-21,adzuna
tech lead,lead,Middle,2-3 роки,,,US,2026-05-21,adzuna
tech lead,lead,Senior,5+ років,15555.0,15555.0,US,2026-05-21,adzuna
lead generation manager,lead_generation,Middle,2-3 роки,6176.0,6753.0,US,2026-05-21,adzuna
lead generation manager,lead_generation,Senior,5+ років,6483.0,6833.0,US,2026-05-21,adzuna
magento developer,magento,Middle,2-3 роки,8507.0,8799.0,US,2026-05-21,adzuna
magento developer,magento,Senior,5+ років,8797.0,9167.0,US,2026-05-21,adzuna
marketing manager,marketing,Middle,2-3 роки,8517.0,8517.0,US,2026-05-21,adzuna
marketing manager,marketing,Senior,5+ років,8534.0,8534.0,US,2026-05-21,adzuna
marketing analyst,marketing_analyst,Middle,2-3 роки,6218.0,6218.0,US,2026-05-21,adzuna
marketing analyst,marketing_analyst,Senior,5+ років,8920.0,8920.0,US,2026-05-21,adzuna
.net maui developer,maui,Middle,2-3 роки,7764.0,7764.0,US,2026-05-21,adzuna
.net maui developer,maui,Senior,5+ років,7888.0,7888.0,US,2026-05-21,adzuna
media buyer,media_buying,Middle,2-3 роки,5983.0,6250.0,US,2026-05-21,adzuna
media buyer,media_buying,Senior,5+ років,5833.0,6250.0,US,2026-05-21,adzuna
machine learning engineer,ml_ai,Middle,2-3 роки,7580.0,7580.0,US,2026-05-21,adzuna
machine learning engineer,ml_ai,Senior,5+ років,7719.0,7719.0,US,2026-05-21,adzuna
motion designer,motion_design,Middle,2-3 роки,7383.0,7991.0,US,2026-05-21,adzuna
motion designer,motion_design,Senior,5+ років,7807.0,8750.0,US,2026-05-21,adzuna
microsoft dynamics developer,ms_dynamics,Middle,2-3 роки,9031.0,9031.0,US,2026-05-21,adzuna
microsoft dynamics developer,ms_dynamics,Senior,5+ років,13133.0,13182.0,US,2026-05-21,adzuna
no code developer,nocode,Middle,2-3 роки,7199.0,7199.0,US,2026-05-21,adzuna
no code developer,nocode,Senior,5+ років,6965.0,6965.0,US,2026-05-21,adzuna
node.js developer,node_js,Middle,2-3 роки,9606.0,9606.0,US,2026-05-21,adzuna
node.js developer,node_js,Senior,5+ років,9577.0,9577.0,US,2026-05-21,adzuna
odoo developer,odoo,Middle,2-3 роки,,,US,2026-05-21,adzuna
odoo developer,odoo,Senior,5+ років,8261.0,10208.0,US,2026-05-21,adzuna
penetration tester,penetration_tester,Middle,2-3 роки,9992.0,10386.0,US,2026-05-21,adzuna
penetration tester,penetration_tester,Senior,5+ років,10697.0,10988.0,US,2026-05-21,adzuna
php developer,php,Middle,2-3 роки,6281.0,7201.0,US,2026-05-21,adzuna
php developer,php,Senior,5+ років,7784.0,8008.0,US,2026-05-21,adzuna
ppc specialist,ppc,Middle,2-3 роки,4728.0,4832.0,US,2026-05-21,adzuna
ppc specialist,ppc,Senior,5+ років,4794.0,4929.0,US,2026-05-21,adzuna
pr manager,pr_manager,Middle,2-3 роки,10419.0,11723.0,US,2026-05-21,adzuna
pr manager,pr_manager,Senior,5+ років,10419.0,11284.0,US,2026-05-21,adzuna
product designer,product_design,Middle,2-3 роки,9684.0,9684.0,US,2026-05-21,adzuna
product designer,product_design,Senior,5+ років,9746.0,9746.0,US,2026-05-21,adzuna
product manager,product_manager,Middle,2-3 роки,11067.0,11067.0,US,2026-05-21,adzuna
product manager,product_manager,Senior,5+ років,11421.0,11421.0,US,2026-05-21,adzuna
product owner,product_owner,Middle,2-3 роки,10125.0,10125.0,US,2026-05-21,adzuna
product owner,product_owner,Senior,5+ років,10017.0,10017.0,US,2026-05-21,adzuna
IT project manager software,project_manager,Middle,2-3 роки,8442.0,8727.0,US,2026-05-21,adzuna
IT project manager software,project_manager,Senior,5+ років,,,US,2026-05-21,adzuna
python developer,python,Middle,2-3 роки,9147.0,9147.0,US,2026-05-21,adzuna
python developer,python,Senior,5+ років,9132.0,9132.0,US,2026-05-21,adzuna
qa engineer,qa,Middle,2-3 роки,6592.0,6592.0,US,2026-05-21,adzuna
qa engineer,qa,Senior,5+ років,6987.0,6987.0,US,2026-05-21,adzuna
qa automation engineer,qa_automation,Middle,2-3 роки,8759.0,8759.0,US,2026-05-21,adzuna
qa automation engineer,qa_automation,Senior,5+ років,8924.0,8924.0,US,2026-05-21,adzuna
manual qa tester,qa_manual,Middle,2-3 роки,6324.0,7027.0,US,2026-05-21,adzuna
manual qa tester,qa_manual,Senior,5+ років,6359.0,7078.0,US,2026-05-21,adzuna
react developer,react,Middle,2-3 роки,9911.0,9975.0,US,2026-05-21,adzuna
react developer,react,Senior,5+ років,10228.0,10246.0,US,2026-05-21,adzuna
react native developer,react_native,Middle,2-3 роки,8662.0,8662.0,US,2026-05-21,adzuna
react native developer,react_native,Senior,5+ років,8688.0,8810.0,US,2026-05-21,adzuna
it recruiter,recruiter,Middle,2-3 роки,6542.0,6542.0,US,2026-05-21,adzuna
it recruiter,recruiter,Senior,5+ років,6730.0,6730.0,US,2026-05-21,adzuna
ruby developer,ruby,Middle,2-3 роки,9042.0,10703.0,US,2026-05-21,adzuna
ruby developer,ruby,Senior,5+ років,9445.0,10833.0,US,2026-05-21,adzuna
rust developer,rust,Middle,2-3 роки,12573.0,12573.0,US,2026-05-21,adzuna
rust developer,rust,Senior,5+ років,13093.0,13344.0,US,2026-05-21,adzuna
sales manager,sales,Middle,2-3 роки,6160.0,6250.0,US,2026-05-21,adzuna
sales manager,sales,Senior,5+ років,6160.0,6250.0,US,2026-05-21,adzuna
sales director,sales_leadership,Middle,2-3 роки,10308.0,10308.0,US,2026-05-21,adzuna
sales director,sales_leadership,Senior,5+ років,10308.0,10308.0,US,2026-05-21,adzuna
sales manager,sales_manager,Middle,2-3 роки,6160.0,6250.0,US,2026-05-21,adzuna
sales manager,sales_manager,Senior,5+ років,6160.0,6250.0,US,2026-05-21,adzuna
salesforce developer,salesforce,Middle,2-3 роки,9923.0,9923.0,US,2026-05-21,adzuna
salesforce developer,salesforce,Senior,5+ років,10622.0,10622.0,US,2026-05-21,adzuna
sap developer,sap,Middle,2-3 роки,9389.0,9389.0,US,2026-05-21,adzuna
sap developer,sap,Senior,5+ років,9753.0,9797.0,US,2026-05-21,adzuna
scala developer,scala,Middle,2-3 роки,9787.0,9931.0,US,2026-05-21,adzuna
scala developer,scala,Senior,5+ років,9411.0,9856.0,US,2026-05-21,adzuna
scrum master,scrum_master,Middle,2-3 роки,8821.0,8821.0,US,2026-05-21,adzuna
scrum master,scrum_master,Senior,5+ років,8925.0,8925.0,US,2026-05-21,adzuna
security engineer,security,Middle,2-3 роки,10583.0,12426.0,US,2026-05-21,adzuna
security engineer,security,Senior,5+ років,10583.0,12463.0,US,2026-05-21,adzuna
security analyst,security_analyst,Middle,2-3 роки,7893.0,7901.0,US,2026-05-21,adzuna
security analyst,security_analyst,Senior,5+ років,7901.0,7941.0,US,2026-05-21,adzuna
seo specialist,seo,Middle,2-3 роки,6554.0,6554.0,US,2026-05-21,adzuna
seo specialist,seo,Senior,5+ років,6636.0,6636.0,US,2026-05-21,adzuna
social media manager,social_media,Middle,2-3 роки,4930.0,4930.0,US,2026-05-21,adzuna
social media manager,social_media,Senior,5+ років,5130.0,5272.0,US,2026-05-21,adzuna
sql dba database administrator,sql_dba,Middle,2-3 роки,9229.0,9229.0,US,2026-05-21,adzuna
sql dba database administrator,sql_dba,Senior,5+ років,9319.0,9319.0,US,2026-05-21,adzuna
technical support engineer,support,Middle,2-3 роки,8030.0,8030.0,US,2026-05-21,adzuna
technical support engineer,support,Senior,5+ років,8253.0,8253.0,US,2026-05-21,adzuna
svelte developer,svelte,Middle,2-3 роки,7274.0,8512.0,US,2026-05-21,adzuna
svelte developer,svelte,Senior,5+ років,11008.0,12500.0,US,2026-05-21,adzuna
symfony developer,symfony,Middle,2-3 роки,9330.0,9418.0,US,2026-05-21,adzuna
symfony developer,symfony,Senior,5+ років,9330.0,10419.0,US,2026-05-21,adzuna
system administrator linux,sysadmin,Middle,2-3 роки,9757.0,10480.0,US,2026-05-21,adzuna
system administrator linux,sysadmin,Senior,5+ років,9883.0,11012.0,US,2026-05-21,adzuna
ux designer,ui_ux,Middle,2-3 роки,9879.0,9879.0,US,2026-05-21,adzuna
ux designer,ui_ux,Senior,5+ років,10136.0,10136.0,US,2026-05-21,adzuna
unity developer,unity,Middle,2-3 роки,7298.0,9044.0,US,2026-05-21,adzuna
unity developer,unity,Senior,5+ років,9227.0,10817.0,US,2026-05-21,adzuna
unreal engine developer,unreal,Middle,2-3 роки,11326.0,11623.0,US,2026-05-21,adzuna
unreal engine developer,unreal,Senior,5+ років,10164.0,11474.0,US,2026-05-21,adzuna
ux researcher,ux_research,Middle,2-3 роки,10510.0,10510.0,US,2026-05-21,adzuna
ux researcher,ux_research,Senior,5+ років,11079.0,11079.0,US,2026-05-21,adzuna
vue.js developer,vue,Middle,2-3 роки,8462.0,8462.0,US,2026-05-21,adzuna
vue.js developer,vue,Senior,5+ років,9363.0,9367.0,US,2026-05-21,adzuna
winforms developer,winforms,Middle,2-3 роки,7654.0,8608.0,US,2026-05-21,adzuna
winforms developer,winforms,Senior,5+ років,8537.0,9048.0,US,2026-05-21,adzuna
wordpress developer,wordpress,Middle,2-3 роки,4949.0,5072.0,US,2026-05-21,adzuna
wordpress developer,wordpress,Senior,5+ років,5000.0,5109.0,US,2026-05-21,adzuna
wpf developer,wpf,Middle,2-3 роки,9671.0,9710.0,US,2026-05-21,adzuna
wpf developer,wpf,Senior,5+ років,9767.0,9834.0,US,2026-05-21,adzuna
xamarin developer,xamarin,Middle,2-3 роки,6930.0,6930.0,US,2026-05-21,adzuna
xamarin developer,xamarin,Senior,5+ років,8166.0,8859.0,US,2026-05-21,adzuna
yii developer,yii,Middle,2-3 роки,,,US,2026-05-21,adzuna
yii developer,yii,Senior,5+ років,,,US,2026-05-21,adzuna
2d animator,2d_animation,Middle,2-3 роки,,,DE,2026-05-22,adzuna
2d animator,2d_animation,Senior,5+ років,,,DE,2026-05-22,adzuna
2d artist,2d_artist,Middle,2-3 роки,,,DE,2026-05-22,adzuna
2d artist,2d_artist,Senior,5+ років,,,DE,2026-05-22,adzuna
3d animator,3d_animation,Middle,2-3 роки,,,DE,2026-05-22,adzuna
3d animator,3d_animation,Senior,5+ років,,,DE,2026-05-22,adzuna
3d artist,3d_artist,Middle,2-3 роки,,,DE,2026-05-22,adzuna
3d artist,3d_artist,Senior,5+ років,,,DE,2026-05-22,adzuna
accountant finance,accountant,Middle,2-3 роки,,,DE,2026-05-22,adzuna
accountant finance,accountant,Senior,5+ років,,,DE,2026-05-22,adzuna
affiliate manager,affiliate_manager,Middle,2-3 роки,,,DE,2026-05-22,adzuna
affiliate manager,affiliate_manager,Senior,5+ років,,,DE,2026-05-22,adzuna
android developer,android,Middle,2-3 роки,,,DE,2026-05-22,adzuna
android developer,android,Senior,5+ років,,,DE,2026-05-22,adzuna
angular developer,angular,Middle,2-3 роки,,,DE,2026-05-22,adzuna
angular developer,angular,Senior,5+ років,,,DE,2026-05-22,adzuna
asp.net developer,asp_net,Middle,2-3 роки,,,DE,2026-05-22,adzuna
asp.net developer,asp_net,Senior,5+ років,,,DE,2026-05-22,adzuna
blazor developer,blazor,Middle,2-3 роки,,,DE,2026-05-22,adzuna
blazor developer,blazor,Senior,5+ років,,,DE,2026-05-22,adzuna
business analyst IT,business_analyst,Middle,2-3 роки,,,DE,2026-05-22,adzuna
business analyst IT,business_analyst,Senior,5+ років,,,DE,2026-05-22,adzuna
c programmer,c,Middle,2-3 роки,,,DE,2026-05-22,adzuna
c programmer,c,Senior,5+ років,,,DE,2026-05-22,adzuna
chief business development officer,cbdo,Middle,2-3 роки,,,DE,2026-05-22,adzuna
chief business development officer,cbdo,Senior,5+ років,,,DE,2026-05-22,adzuna
chief commercial officer,cco,Middle,2-3 роки,,,DE,2026-05-22,adzuna
chief commercial officer,cco,Senior,5+ років,,,DE,2026-05-22,adzuna
chief executive officer tech,ceo,Middle,2-3 роки,,,DE,2026-05-22,adzuna
chief executive officer tech,ceo,Senior,5+ років,,,DE,2026-05-22,adzuna
chief financial officer tech,cfo,Middle,2-3 роки,,,DE,2026-05-22,adzuna
chief financial officer tech,cfo,Senior,5+ років,,,DE,2026-05-22,adzuna
chief information officer,cio,Middle,2-3 роки,,,DE,2026-05-22,adzuna
chief information officer,cio,Senior,5+ років,,,DE,2026-05-22,adzuna
chief marketing officer tech,cmo,Middle,2-3 роки,,,DE,2026-05-22,adzuna
chief marketing officer tech,cmo,Senior,5+ років,,,DE,2026-05-22,adzuna
content designer,content_design,Middle,2-3 роки,,,DE,2026-05-22,adzuna
content designer,content_design,Senior,5+ років,,,DE,2026-05-22,adzuna
content manager,content_manager,Middle,2-3 роки,,,DE,2026-05-22,adzuna
content manager,content_manager,Senior,5+ років,,,DE,2026-05-22,adzuna
content marketing manager,content_marketing,Middle,2-3 роки,,,DE,2026-05-22,adzuna
content marketing manager,content_marketing,Senior,5+ років,,,DE,2026-05-22,adzuna
content writer,content_writing,Middle,2-3 роки,,,DE,2026-05-22,adzuna
content writer,content_writing,Senior,5+ років,,,DE,2026-05-22,adzuna
chief operating officer,coo,Middle,2-3 роки,,,DE,2026-05-22,adzuna
chief operating officer,coo,Senior,5+ років,,,DE,2026-05-22,adzuna
c++ developer,cplusplus,Middle,2-3 роки,,,DE,2026-05-22,adzuna
c++ developer,cplusplus,Senior,5+ років,6592.0,8475.0,DE,2026-05-22,adzuna
chief product officer,cpo,Middle,2-3 роки,,,DE,2026-05-22,adzuna
chief product officer,cpo,Senior,5+ років,,,DE,2026-05-22,adzuna
c++ developer,cpp,Middle,2-3 роки,,,DE,2026-05-22,adzuna
c++ developer,cpp,Senior,5+ років,6592.0,8475.0,DE,2026-05-22,adzuna
chief technology officer,cto,Middle,2-3 роки,,,DE,2026-05-22,adzuna
chief technology officer,cto,Senior,5+ років,9652.0,12477.0,DE,2026-05-22,adzuna
data analyst,data_analyst,Middle,2-3 роки,,,DE,2026-05-22,adzuna
data analyst,data_analyst,Senior,5+ років,,,DE,2026-05-22,adzuna
data engineer,data_engineer,Middle,2-3 роки,,,DE,2026-05-22,adzuna
data engineer,data_engineer,Senior,5+ років,,,DE,2026-05-22,adzuna
data scientist,data_science,Middle,2-3 роки,,,DE,2026-05-22,adzuna
data scientist,data_science,Senior,5+ років,7298.0,13183.0,DE,2026-05-22,adzuna
delivery manager agile IT,delivery_manager,Middle,2-3 роки,,,DE,2026-05-22,adzuna
delivery manager agile IT,delivery_manager,Senior,5+ років,,,DE,2026-05-22,adzuna
graphic designer,design,Middle,2-3 роки,,,DE,2026-05-22,adzuna
graphic designer,design,Senior,5+ років,,,DE,2026-05-22,adzuna
devops engineer,dev_ops,Middle,2-3 роки,,,DE,2026-05-22,adzuna
devops engineer,dev_ops,Senior,5+ років,,,DE,2026-05-22,adzuna
digital marketing,digital_marketing,Middle,2-3 роки,,,DE,2026-05-22,adzuna
digital marketing,digital_marketing,Senior,5+ років,,,DE,2026-05-22,adzuna
digital marketing manager,digital_marketing_manager,Middle,2-3 роки,,,DE,2026-05-22,adzuna
digital marketing manager,digital_marketing_manager,Senior,5+ років,,,DE,2026-05-22,adzuna
.net developer,dotnet,Middle,2-3 роки,6827.0,8710.0,DE,2026-05-22,adzuna
.net developer,dotnet,Senior,5+ років,6592.0,8475.0,DE,2026-05-22,adzuna
.net cloud developer,dotnet_cloud,Middle,2-3 роки,,,DE,2026-05-22,adzuna
.net cloud developer,dotnet_cloud,Senior,5+ років,,,DE,2026-05-22,adzuna
.net desktop developer,dotnet_desktop,Middle,2-3 роки,,,DE,2026-05-22,adzuna
.net desktop developer,dotnet_desktop,Senior,5+ років,,,DE,2026-05-22,adzuna
.net mobile developer,dotnet_mobile,Middle,2-3 роки,,,DE,2026-05-22,adzuna
.net mobile developer,dotnet_mobile,Senior,5+ років,,,DE,2026-05-22,adzuna
asp.net web developer,dotnet_web,Middle,2-3 роки,,,DE,2026-05-22,adzuna
asp.net web developer,dotnet_web,Senior,5+ років,,,DE,2026-05-22,adzuna
drupal developer,drupal,Middle,2-3 роки,,,DE,2026-05-22,adzuna
drupal developer,drupal,Senior,5+ років,,,DE,2026-05-22,adzuna
elixir developer,elixir,Middle,2-3 роки,,,DE,2026-05-22,adzuna
elixir developer,elixir,Senior,5+ років,,,DE,2026-05-22,adzuna
embedded software engineer,embedded,Middle,2-3 роки,,,DE,2026-05-22,adzuna
embedded software engineer,embedded,Senior,5+ років,,,DE,2026-05-22,adzuna
software engineering manager,engineering_manager,Middle,2-3 роки,,,DE,2026-05-22,adzuna
software engineering manager,engineering_manager,Senior,5+ років,,,DE,2026-05-22,adzuna
erp developer,erp_systems,Middle,2-3 роки,,,DE,2026-05-22,adzuna
erp developer,erp_systems,Senior,5+ років,,,DE,2026-05-22,adzuna
finance manager,finance_manager,Middle,2-3 роки,,,DE,2026-05-22,adzuna
finance manager,finance_manager,Senior,5+ років,,,DE,2026-05-22,adzuna
financial analyst,finances,Middle,2-3 роки,,,DE,2026-05-22,adzuna
financial analyst,finances,Senior,5+ років,5179.0,6121.0,DE,2026-05-22,adzuna
financial analyst,financial_analyst,Middle,2-3 роки,,,DE,2026-05-22,adzuna
financial analyst,financial_analyst,Senior,5+ років,5179.0,6121.0,DE,2026-05-22,adzuna
flutter developer,flutter,Middle,2-3 роки,,,DE,2026-05-22,adzuna
flutter developer,flutter,Senior,5+ років,,,DE,2026-05-22,adzuna
fullstack developer,fullstack,Middle,2-3 роки,,,DE,2026-05-22,adzuna
fullstack developer,fullstack,Senior,5+ років,,,DE,2026-05-22,adzuna
game designer,game_design,Middle,2-3 роки,,,DE,2026-05-22,adzuna
game designer,game_design,Senior,5+ років,,,DE,2026-05-22,adzuna
game developer,game_developer,Middle,2-3 роки,,,DE,2026-05-22,adzuna
game developer,game_developer,Senior,5+ років,,,DE,2026-05-22,adzuna
unity developer,gamedev,Middle,2-3 роки,,,DE,2026-05-22,adzuna
unity developer,gamedev,Senior,5+ років,,,DE,2026-05-22,adzuna
golang developer,golang,Middle,2-3 роки,,,DE,2026-05-22,adzuna
golang developer,golang,Senior,5+ років,,,DE,2026-05-22,adzuna
graphic designer,graphic_design,Middle,2-3 роки,,,DE,2026-05-22,adzuna
graphic designer,graphic_design,Senior,5+ років,,,DE,2026-05-22,adzuna
head of software engineering,head_chief,Middle,2-3 роки,,,DE,2026-05-22,adzuna
head of software engineering,head_chief,Senior,5+ років,,,DE,2026-05-22,adzuna
hr manager,hr,Middle,2-3 роки,,,DE,2026-05-22,adzuna
hr manager,hr,Senior,5+ років,,,DE,2026-05-22,adzuna
illustrator designer,illustrator,Middle,2-3 роки,,,DE,2026-05-22,adzuna
illustrator designer,illustrator,Senior,5+ років,,,DE,2026-05-22,adzuna
information security engineer,information_security,Middle,2-3 роки,,,DE,2026-05-22,adzuna
information security engineer,information_security,Senior,5+ років,,,DE,2026-05-22,adzuna
ios developer,ios,Middle,2-3 роки,,,DE,2026-05-22,adzuna
ios developer,ios,Senior,5+ років,,,DE,2026-05-22,adzuna
java developer,java,Middle,2-3 роки,,,DE,2026-05-22,adzuna
java developer,java,Senior,5+ років,,,DE,2026-05-22,adzuna
javascript developer,javascript,Middle,2-3 роки,,,DE,2026-05-22,adzuna
javascript developer,javascript,Senior,5+ років,,,DE,2026-05-22,adzuna
kotlin developer,kotlin,Middle,2-3 роки,,,DE,2026-05-22,adzuna
kotlin developer,kotlin,Senior,5+ років,,,DE,2026-05-22,adzuna
laravel developer,laravel,Middle,2-3 роки,,,DE,2026-05-22,adzuna
laravel developer,laravel,Senior,5+ років,,,DE,2026-05-22,adzuna
tech lead,lead,Middle,2-3 роки,,,DE,2026-05-22,adzuna
tech lead,lead,Senior,5+ років,,,DE,2026-05-22,adzuna
lead generation manager,lead_generation,Middle,2-3 роки,,,DE,2026-05-22,adzuna
lead generation manager,lead_generation,Senior,5+ років,,,DE,2026-05-22,adzuna
magento developer,magento,Middle,2-3 роки,,,DE,2026-05-22,adzuna
magento developer,magento,Senior,5+ років,,,DE,2026-05-22,adzuna
marketing manager,marketing,Middle,2-3 роки,,,DE,2026-05-22,adzuna
marketing manager,marketing,Senior,5+ років,,,DE,2026-05-22,adzuna
marketing analyst,marketing_analyst,Middle,2-3 роки,,,DE,2026-05-22,adzuna
marketing analyst,marketing_analyst,Senior,5+ років,,,DE,2026-05-22,adzuna
.net maui developer,maui,Middle,2-3 роки,,,DE,2026-05-22,adzuna
.net maui developer,maui,Senior,5+ років,,,DE,2026-05-22,adzuna
media buyer,media_buying,Middle,2-3 роки,,,DE,2026-05-22,adzuna
media buyer,media_buying,Senior,5+ років,,,DE,2026-05-22,adzuna
machine learning engineer,ml_ai,Middle,2-3 роки,,,DE,2026-05-22,adzuna
machine learning engineer,ml_ai,Senior,5+ років,,,DE,2026-05-22,adzuna
motion designer,motion_design,Middle,2-3 роки,,,DE,2026-05-22,adzuna
motion designer,motion_design,Senior,5+ років,,,DE,2026-05-22,adzuna
microsoft dynamics developer,ms_dynamics,Middle,2-3 роки,,,DE,2026-05-22,adzuna
microsoft dynamics developer,ms_dynamics,Senior,5+ років,,,DE,2026-05-22,adzuna
no code developer,nocode,Middle,2-3 роки,,,DE,2026-05-22,adzuna
no code developer,nocode,Senior,5+ років,,,DE,2026-05-22,adzuna
node.js developer,node_js,Middle,2-3 роки,,,DE,2026-05-22,adzuna
node.js developer,node_js,Senior,5+ років,,,DE,2026-05-22,adzuna
odoo developer,odoo,Middle,2-3 роки,,,DE,2026-05-22,adzuna
odoo developer,odoo,Senior,5+ років,,,DE,2026-05-22,adzuna
penetration tester,penetration_tester,Middle,2-3 роки,,,DE,2026-05-22,adzuna
penetration tester,penetration_tester,Senior,5+ років,,,DE,2026-05-22,adzuna
php developer,php,Middle,2-3 роки,,,DE,2026-05-22,adzuna
php developer,php,Senior,5+ років,,,DE,2026-05-22,adzuna
ppc specialist,ppc,Middle,2-3 роки,,,DE,2026-05-22,adzuna
ppc specialist,ppc,Senior,5+ років,,,DE,2026-05-22,adzuna
pr manager,pr_manager,Middle,2-3 роки,,,DE,2026-05-22,adzuna
pr manager,pr_manager,Senior,5+ років,,,DE,2026-05-22,adzuna
product designer,product_design,Middle,2-3 роки,,,DE,2026-05-22,adzuna
product designer,product_design,Senior,5+ років,,,DE,2026-05-22,adzuna
product manager,product_manager,Middle,2-3 роки,,,DE,2026-05-22,adzuna
product manager,product_manager,Senior,5+ років,,,DE,2026-05-22,adzuna
product owner,product_owner,Middle,2-3 роки,,,DE,2026-05-22,adzuna
product owner,product_owner,Senior,5+ років,,,DE,2026-05-22,adzuna
IT project manager software,project_manager,Middle,2-3 роки,,,DE,2026-05-22,adzuna
IT project manager software,project_manager,Senior,5+ років,,,DE,2026-05-22,adzuna
python developer,python,Middle,2-3 роки,,,DE,2026-05-22,adzuna
python developer,python,Senior,5+ років,,,DE,2026-05-22,adzuna
qa engineer,qa,Middle,2-3 роки,,,DE,2026-05-22,adzuna
qa engineer,qa,Senior,5+ років,,,DE,2026-05-22,adzuna
qa automation engineer,qa_automation,Middle,2-3 роки,,,DE,2026-05-22,adzuna
qa automation engineer,qa_automation,Senior,5+ років,,,DE,2026-05-22,adzuna
manual qa tester,qa_manual,Middle,2-3 роки,,,DE,2026-05-22,adzuna
manual qa tester,qa_manual,Senior,5+ років,,,DE,2026-05-22,adzuna
react developer,react,Middle,2-3 роки,,,DE,2026-05-22,adzuna
react developer,react,Senior,5+ років,,,DE,2026-05-22,adzuna
react native developer,react_native,Middle,2-3 роки,,,DE,2026-05-22,adzuna
react native developer,react_native,Senior,5+ років,,,DE,2026-05-22,adzuna
it recruiter,recruiter,Middle,2-3 роки,,,DE,2026-05-22,adzuna
it recruiter,recruiter,Senior,5+ років,,,DE,2026-05-22,adzuna
ruby developer,ruby,Middle,2-3 роки,,,DE,2026-05-22,adzuna
ruby developer,ruby,Senior,5+ років,,,DE,2026-05-22,adzuna
rust developer,rust,Middle,2-3 роки,,,DE,2026-05-22,adzuna
rust developer,rust,Senior,5+ років,,,DE,2026-05-22,adzuna
sales manager,sales,Middle,2-3 роки,,,DE,2026-05-22,adzuna
sales manager,sales,Senior,5+ років,,,DE,2026-05-22,adzuna
sales director,sales_leadership,Middle,2-3 роки,18833.0,23542.0,DE,2026-05-22,adzuna
sales director,sales_leadership,Senior,5+ років,18833.0,23542.0,DE,2026-05-22,adzuna
sales manager,sales_manager,Middle,2-3 роки,,,DE,2026-05-22,adzuna
sales manager,sales_manager,Senior,5+ років,,,DE,2026-05-22,adzuna
salesforce developer,salesforce,Middle,2-3 роки,,,DE,2026-05-22,adzuna
salesforce developer,salesforce,Senior,5+ років,,,DE,2026-05-22,adzuna
sap developer,sap,Middle,2-3 роки,5650.0,7062.0,DE,2026-05-22,adzuna
sap developer,sap,Senior,5+ років,5650.0,7062.0,DE,2026-05-22,adzuna
scala developer,scala,Middle,2-3 роки,,,DE,2026-05-22,adzuna
scala developer,scala,Senior,5+ років,,,DE,2026-05-22,adzuna
scrum master,scrum_master,Middle,2-3 роки,,,DE,2026-05-22,adzuna
scrum master,scrum_master,Senior,5+ років,,,DE,2026-05-22,adzuna
security engineer,security,Middle,2-3 роки,,,DE,2026-05-22,adzuna
security engineer,security,Senior,5+ років,,,DE,2026-05-22,adzuna
security analyst,security_analyst,Middle,2-3 роки,,,DE,2026-05-22,adzuna
security analyst,security_analyst,Senior,5+ років,,,DE,2026-05-22,adzuna
seo specialist,seo,Middle,2-3 роки,,,DE,2026-05-22,adzuna
seo specialist,seo,Senior,5+ років,,,DE,2026-05-22,adzuna
social media manager,social_media,Middle,2-3 роки,,,DE,2026-05-22,adzuna
social media manager,social_media,Senior,5+ років,,,DE,2026-05-22,adzuna
sql dba database administrator,sql_dba,Middle,2-3 роки,,,DE,2026-05-22,adzuna
sql dba database administrator,sql_dba,Senior,5+ років,,,DE,2026-05-22,adzuna
technical support engineer,support,Middle,2-3 роки,,,DE,2026-05-22,adzuna
technical support engineer,support,Senior,5+ років,,,DE,2026-05-22,adzuna
svelte developer,svelte,Middle,2-3 роки,,,DE,2026-05-22,adzuna
svelte developer,svelte,Senior,5+ років,,,DE,2026-05-22,adzuna
symfony developer,symfony,Middle,2-3 роки,,,DE,2026-05-22,adzuna
symfony developer,symfony,Senior,5+ років,,,DE,2026-05-22,adzuna
system administrator linux,sysadmin,Middle,2-3 роки,,,DE,2026-05-22,adzuna
system administrator linux,sysadmin,Senior,5+ років,,,DE,2026-05-22,adzuna
ux designer,ui_ux,Middle,2-3 роки,,,DE,2026-05-22,adzuna
ux designer,ui_ux,Senior,5+ років,,,DE,2026-05-22,adzuna
unity developer,unity,Middle,2-3 роки,,,DE,2026-05-22,adzuna
unity developer,unity,Senior,5+ років,,,DE,2026-05-22,adzuna
unreal engine developer,unreal,Middle,2-3 роки,,,DE,2026-05-22,adzuna
unreal engine developer,unreal,Senior,5+ років,,,DE,2026-05-22,adzuna
ux researcher,ux_research,Middle,2-3 роки,,,DE,2026-05-22,adzuna
ux researcher,ux_research,Senior,5+ років,,,DE,2026-05-22,adzuna
vue.js developer,vue,Middle,2-3 роки,7062.0,8946.0,DE,2026-05-22,adzuna
vue.js developer,vue,Senior,5+ років,7062.0,8946.0,DE,2026-05-22,adzuna
winforms developer,winforms,Middle,2-3 роки,,,DE,2026-05-22,adzuna
winforms developer,winforms,Senior,5+ років,,,DE,2026-05-22,adzuna
wordpress developer,wordpress,Middle,2-3 роки,,,DE,2026-05-22,adzuna
wordpress developer,wordpress,Senior,5+ років,,,DE,2026-05-22,adzuna
wpf developer,wpf,Middle,2-3 роки,,,DE,2026-05-22,adzuna
wpf developer,wpf,Senior,5+ років,,,DE,2026-05-22,adzuna
xamarin developer,xamarin,Middle,2-3 роки,,,DE,2026-05-22,adzuna
xamarin developer,xamarin,Senior,5+ років,,,DE,2026-05-22,adzuna
yii developer,yii,Middle,2-3 роки,,,DE,2026-05-22,adzuna
yii developer,yii,Senior,5+ років,,,DE,2026-05-22,adzuna
2d animator,2d_animation,Middle,2-3 роки,,,NL,2026-05-22,adzuna
2d animator,2d_animation,Senior,5+ років,,,NL,2026-05-22,adzuna
2d artist,2d_artist,Middle,2-3 роки,,,NL,2026-05-22,adzuna
2d artist,2d_artist,Senior,5+ років,,,NL,2026-05-22,adzuna
3d animator,3d_animation,Middle,2-3 роки,,,NL,2026-05-22,adzuna
3d animator,3d_animation,Senior,5+ років,,,NL,2026-05-22,adzuna
3d artist,3d_artist,Middle,2-3 роки,,,NL,2026-05-22,adzuna
3d artist,3d_artist,Senior,5+ років,,,NL,2026-05-22,adzuna
accountant finance,accountant,Middle,2-3 роки,3249.0,5650.0,NL,2026-05-22,adzuna
accountant finance,accountant,Senior,5+ років,3390.0,5650.0,NL,2026-05-22,adzuna
affiliate manager,affiliate_manager,Middle,2-3 роки,,,NL,2026-05-22,adzuna
affiliate manager,affiliate_manager,Senior,5+ років,,,NL,2026-05-22,adzuna
android developer,android,Middle,2-3 роки,,,NL,2026-05-22,adzuna
android developer,android,Senior,5+ років,,,NL,2026-05-22,adzuna
angular developer,angular,Middle,2-3 роки,,,NL,2026-05-22,adzuna
angular developer,angular,Senior,5+ років,,,NL,2026-05-22,adzuna
asp.net developer,asp_net,Middle,2-3 роки,,,NL,2026-05-22,adzuna
asp.net developer,asp_net,Senior,5+ років,,,NL,2026-05-22,adzuna
blazor developer,blazor,Middle,2-3 роки,,,NL,2026-05-22,adzuna
blazor developer,blazor,Senior,5+ років,,,NL,2026-05-22,adzuna
business analyst IT,business_analyst,Middle,2-3 роки,,,NL,2026-05-22,adzuna
business analyst IT,business_analyst,Senior,5+ років,,,NL,2026-05-22,adzuna
c programmer,c,Middle,2-3 роки,,,NL,2026-05-22,adzuna
c programmer,c,Senior,5+ років,,,NL,2026-05-22,adzuna
chief business development officer,cbdo,Middle,2-3 роки,,,NL,2026-05-22,adzuna
chief business development officer,cbdo,Senior,5+ років,,,NL,2026-05-22,adzuna
chief commercial officer,cco,Middle,2-3 роки,,,NL,2026-05-22,adzuna
chief commercial officer,cco,Senior,5+ років,,,NL,2026-05-22,adzuna
chief executive officer tech,ceo,Middle,2-3 роки,,,NL,2026-05-22,adzuna
chief executive officer tech,ceo,Senior,5+ років,,,NL,2026-05-22,adzuna
chief financial officer tech,cfo,Middle,2-3 роки,,,NL,2026-05-22,adzuna
chief financial officer tech,cfo,Senior,5+ років,,,NL,2026-05-22,adzuna
chief information officer,cio,Middle,2-3 роки,,,NL,2026-05-22,adzuna
chief information officer,cio,Senior,5+ років,,,NL,2026-05-22,adzuna
chief marketing officer tech,cmo,Middle,2-3 роки,,,NL,2026-05-22,adzuna
chief marketing officer tech,cmo,Senior,5+ років,,,NL,2026-05-22,adzuna
content designer,content_design,Middle,2-3 роки,,,NL,2026-05-22,adzuna
content designer,content_design,Senior,5+ років,,,NL,2026-05-22,adzuna
content manager,content_manager,Middle,2-3 роки,,,NL,2026-05-22,adzuna
content manager,content_manager,Senior,5+ років,,,NL,2026-05-22,adzuna
content marketing manager,content_marketing,Middle,2-3 роки,,,NL,2026-05-22,adzuna
content marketing manager,content_marketing,Senior,5+ років,,,NL,2026-05-22,adzuna
content writer,content_writing,Middle,2-3 роки,,,NL,2026-05-22,adzuna
content writer,content_writing,Senior,5+ років,,,NL,2026-05-22,adzuna
chief operating officer,coo,Middle,2-3 роки,,,NL,2026-05-22,adzuna
chief operating officer,coo,Senior,5+ років,,,NL,2026-05-22,adzuna
c++ developer,cplusplus,Middle,2-3 роки,,,NL,2026-05-22,adzuna
c++ developer,cplusplus,Senior,5+ років,,,NL,2026-05-22,adzuna
chief product officer,cpo,Middle,2-3 роки,,,NL,2026-05-22,adzuna
chief product officer,cpo,Senior,5+ років,,,NL,2026-05-22,adzuna
c++ developer,cpp,Middle,2-3 роки,,,NL,2026-05-22,adzuna
c++ developer,cpp,Senior,5+ років,,,NL,2026-05-22,adzuna
chief technology officer,cto,Middle,2-3 роки,,,NL,2026-05-22,adzuna
chief technology officer,cto,Senior,5+ років,,,NL,2026-05-22,adzuna
data analyst,data_analyst,Middle,2-3 роки,,,NL,2026-05-22,adzuna
data analyst,data_analyst,Senior,5+ років,4520.0,6215.0,NL,2026-05-22,adzuna
data engineer,data_engineer,Middle,2-3 роки,5085.0,6309.0,NL,2026-05-22,adzuna
data engineer,data_engineer,Senior,5+ років,5085.0,6309.0,NL,2026-05-22,adzuna
data scientist,data_science,Middle,2-3 роки,,,NL,2026-05-22,adzuna
data scientist,data_science,Senior,5+ років,,,NL,2026-05-22,adzuna
delivery manager agile IT,delivery_manager,Middle,2-3 роки,,,NL,2026-05-22,adzuna
delivery manager agile IT,delivery_manager,Senior,5+ років,,,NL,2026-05-22,adzuna
graphic designer,design,Middle,2-3 роки,,,NL,2026-05-22,adzuna
graphic designer,design,Senior,5+ років,,,NL,2026-05-22,adzuna
devops engineer,dev_ops,Middle,2-3 роки,,,NL,2026-05-22,adzuna
devops engineer,dev_ops,Senior,5+ років,6121.0,7062.0,NL,2026-05-22,adzuna
digital marketing,digital_marketing,Middle,2-3 роки,,,NL,2026-05-22,adzuna
digital marketing,digital_marketing,Senior,5+ років,,,NL,2026-05-22,adzuna
digital marketing manager,digital_marketing_manager,Middle,2-3 роки,,,NL,2026-05-22,adzuna
digital marketing manager,digital_marketing_manager,Senior,5+ років,,,NL,2026-05-22,adzuna
.net developer,dotnet,Middle,2-3 роки,,,NL,2026-05-22,adzuna
.net developer,dotnet,Senior,5+ років,,,NL,2026-05-22,adzuna
.net cloud developer,dotnet_cloud,Middle,2-3 роки,,,NL,2026-05-22,adzuna
.net cloud developer,dotnet_cloud,Senior,5+ років,,,NL,2026-05-22,adzuna
.net desktop developer,dotnet_desktop,Middle,2-3 роки,,,NL,2026-05-22,adzuna
.net desktop developer,dotnet_desktop,Senior,5+ років,,,NL,2026-05-22,adzuna
.net mobile developer,dotnet_mobile,Middle,2-3 роки,,,NL,2026-05-22,adzuna
.net mobile developer,dotnet_mobile,Senior,5+ років,,,NL,2026-05-22,adzuna
asp.net web developer,dotnet_web,Middle,2-3 роки,,,NL,2026-05-22,adzuna
asp.net web developer,dotnet_web,Senior,5+ років,,,NL,2026-05-22,adzuna
drupal developer,drupal,Middle,2-3 роки,,,NL,2026-05-22,adzuna
drupal developer,drupal,Senior,5+ років,,,NL,2026-05-22,adzuna
elixir developer,elixir,Middle,2-3 роки,,,NL,2026-05-22,adzuna
elixir developer,elixir,Senior,5+ років,,,NL,2026-05-22,adzuna
embedded software engineer,embedded,Middle,2-3 роки,3729.0,4520.0,NL,2026-05-22,adzuna
embedded software engineer,embedded,Senior,5+ років,3729.0,4520.0,NL,2026-05-22,adzuna
software engineering manager,engineering_manager,Middle,2-3 роки,,,NL,2026-05-22,adzuna
software engineering manager,engineering_manager,Senior,5+ років,,,NL,2026-05-22,adzuna
erp developer,erp_systems,Middle,2-3 роки,,,NL,2026-05-22,adzuna
erp developer,erp_systems,Senior,5+ років,,,NL,2026-05-22,adzuna
finance manager,finance_manager,Middle,2-3 роки,,,NL,2026-05-22,adzuna
finance manager,finance_manager,Senior,5+ років,6215.0,7910.0,NL,2026-05-22,adzuna
financial analyst,finances,Middle,2-3 роки,3785.0,5847.0,NL,2026-05-22,adzuna
financial analyst,finances,Senior,5+ років,3955.0,6043.0,NL,2026-05-22,adzuna
financial analyst,financial_analyst,Middle,2-3 роки,3785.0,5847.0,NL,2026-05-22,adzuna
financial analyst,financial_analyst,Senior,5+ років,3955.0,6043.0,NL,2026-05-22,adzuna
flutter developer,flutter,Middle,2-3 роки,,,NL,2026-05-22,adzuna
flutter developer,flutter,Senior,5+ років,,,NL,2026-05-22,adzuna
fullstack developer,fullstack,Middle,2-3 роки,3390.0,5085.0,NL,2026-05-22,adzuna
fullstack developer,fullstack,Senior,5+ років,4143.0,5876.0,NL,2026-05-22,adzuna
game designer,game_design,Middle,2-3 роки,3720.0,5038.0,NL,2026-05-22,adzuna
game designer,game_design,Senior,5+ років,4473.0,5885.0,NL,2026-05-22,adzuna
game developer,game_developer,Middle,2-3 роки,,,NL,2026-05-22,adzuna
game developer,game_developer,Senior,5+ років,,,NL,2026-05-22,adzuna
unity developer,gamedev,Middle,2-3 роки,,,NL,2026-05-22,adzuna
unity developer,gamedev,Senior,5+ років,,,NL,2026-05-22,adzuna
golang developer,golang,Middle,2-3 роки,,,NL,2026-05-22,adzuna
golang developer,golang,Senior,5+ років,,,NL,2026-05-22,adzuna
graphic designer,graphic_design,Middle,2-3 роки,,,NL,2026-05-22,adzuna
graphic designer,graphic_design,Senior,5+ років,,,NL,2026-05-22,adzuna
head of software engineering,head_chief,Middle,2-3 роки,,,NL,2026-05-22,adzuna
head of software engineering,head_chief,Senior,5+ років,,,NL,2026-05-22,adzuna
hr manager,hr,Middle,2-3 роки,4859.0,5932.0,NL,2026-05-22,adzuna
hr manager,hr,Senior,5+ років,4859.0,5932.0,NL,2026-05-22,adzuna
illustrator designer,illustrator,Middle,2-3 роки,,,NL,2026-05-22,adzuna
illustrator designer,illustrator,Senior,5+ років,,,NL,2026-05-22,adzuna
information security engineer,information_security,Middle,2-3 роки,,,NL,2026-05-22,adzuna
information security engineer,information_security,Senior,5+ років,,,NL,2026-05-22,adzuna
ios developer,ios,Middle,2-3 роки,,,NL,2026-05-22,adzuna
ios developer,ios,Senior,5+ років,,,NL,2026-05-22,adzuna
java developer,java,Middle,2-3 роки,5650.0,7062.0,NL,2026-05-22,adzuna
java developer,java,Senior,5+ років,6121.0,7345.0,NL,2026-05-22,adzuna
javascript developer,javascript,Middle,2-3 роки,,,NL,2026-05-22,adzuna
javascript developer,javascript,Senior,5+ років,3814.0,5085.0,NL,2026-05-22,adzuna
kotlin developer,kotlin,Middle,2-3 роки,6121.0,7533.0,NL,2026-05-22,adzuna
kotlin developer,kotlin,Senior,5+ років,6121.0,7533.0,NL,2026-05-22,adzuna
laravel developer,laravel,Middle,2-3 роки,,,NL,2026-05-22,adzuna
laravel developer,laravel,Senior,5+ років,,,NL,2026-05-22,adzuna
tech lead,lead,Middle,2-3 роки,,,NL,2026-05-22,adzuna
tech lead,lead,Senior,5+ років,7062.0,8475.0,NL,2026-05-22,adzuna
lead generation manager,lead_generation,Middle,2-3 роки,,,NL,2026-05-22,adzuna
lead generation manager,lead_generation,Senior,5+ років,,,NL,2026-05-22,adzuna
magento developer,magento,Middle,2-3 роки,,,NL,2026-05-22,adzuna
magento developer,magento,Senior,5+ років,,,NL,2026-05-22,adzuna
marketing manager,marketing,Middle,2-3 роки,,,NL,2026-05-22,adzuna
marketing manager,marketing,Senior,5+ років,4520.0,5650.0,NL,2026-05-22,adzuna
marketing analyst,marketing_analyst,Middle,2-3 роки,6827.0,7200.0,NL,2026-05-22,adzuna
marketing analyst,marketing_analyst,Senior,5+ років,6592.0,6729.0,NL,2026-05-22,adzuna
.net maui developer,maui,Middle,2-3 роки,,,NL,2026-05-22,adzuna
.net maui developer,maui,Senior,5+ років,,,NL,2026-05-22,adzuna
media buyer,media_buying,Middle,2-3 роки,,,NL,2026-05-22,adzuna
media buyer,media_buying,Senior,5+ років,,,NL,2026-05-22,adzuna
machine learning engineer,ml_ai,Middle,2-3 роки,,,NL,2026-05-22,adzuna
machine learning engineer,ml_ai,Senior,5+ років,,,NL,2026-05-22,adzuna
motion designer,motion_design,Middle,2-3 роки,,,NL,2026-05-22,adzuna
motion designer,motion_design,Senior,5+ років,,,NL,2026-05-22,adzuna
microsoft dynamics developer,ms_dynamics,Middle,2-3 роки,,,NL,2026-05-22,adzuna
microsoft dynamics developer,ms_dynamics,Senior,5+ років,,,NL,2026-05-22,adzuna
no code developer,nocode,Middle,2-3 роки,,,NL,2026-05-22,adzuna
no code developer,nocode,Senior,5+ років,,,NL,2026-05-22,adzuna
node.js developer,node_js,Middle,2-3 роки,,,NL,2026-05-22,adzuna
node.js developer,node_js,Senior,5+ років,,,NL,2026-05-22,adzuna
odoo developer,odoo,Middle,2-3 роки,,,NL,2026-05-22,adzuna
odoo developer,odoo,Senior,5+ років,,,NL,2026-05-22,adzuna
penetration tester,penetration_tester,Middle,2-3 роки,,,NL,2026-05-22,adzuna
penetration tester,penetration_tester,Senior,5+ років,,,NL,2026-05-22,adzuna
php developer,php,Middle,2-3 роки,,,NL,2026-05-22,adzuna
php developer,php,Senior,5+ років,,,NL,2026-05-22,adzuna
ppc specialist,ppc,Middle,2-3 роки,,,NL,2026-05-22,adzuna
ppc specialist,ppc,Senior,5+ років,,,NL,2026-05-22,adzuna
pr manager,pr_manager,Middle,2-3 роки,,,NL,2026-05-22,adzuna
pr manager,pr_manager,Senior,5+ років,,,NL,2026-05-22,adzuna
product designer,product_design,Middle,2-3 роки,,,NL,2026-05-22,adzuna
product designer,product_design,Senior,5+ років,,,NL,2026-05-22,adzuna
product manager,product_manager,Middle,2-3 роки,5424.0,6102.0,NL,2026-05-22,adzuna
product manager,product_manager,Senior,5+ років,5424.0,6554.0,NL,2026-05-22,adzuna
product owner,product_owner,Middle,2-3 роки,5548.0,7211.0,NL,2026-05-22,adzuna
product owner,product_owner,Senior,5+ років,5548.0,7211.0,NL,2026-05-22,adzuna
IT project manager software,project_manager,Middle,2-3 роки,,,NL,2026-05-22,adzuna
IT project manager software,project_manager,Senior,5+ років,,,NL,2026-05-22,adzuna
python developer,python,Middle,2-3 роки,3990.0,5952.0,NL,2026-05-22,adzuna
python developer,python,Senior,5+ років,5650.0,7533.0,NL,2026-05-22,adzuna
qa engineer,qa,Middle,2-3 роки,,,NL,2026-05-22,adzuna
qa engineer,qa,Senior,5+ років,4426.0,5556.0,NL,2026-05-22,adzuna
qa automation engineer,qa_automation,Middle,2-3 роки,,,NL,2026-05-22,adzuna
qa automation engineer,qa_automation,Senior,5+ років,,,NL,2026-05-22,adzuna
manual qa tester,qa_manual,Middle,2-3 роки,,,NL,2026-05-22,adzuna
manual qa tester,qa_manual,Senior,5+ років,,,NL,2026-05-22,adzuna
react developer,react,Middle,2-3 роки,,,NL,2026-05-22,adzuna
react developer,react,Senior,5+ років,,,NL,2026-05-22,adzuna
react native developer,react_native,Middle,2-3 роки,,,NL,2026-05-22,adzuna
react native developer,react_native,Senior,5+ років,,,NL,2026-05-22,adzuna
it recruiter,recruiter,Middle,2-3 роки,,,NL,2026-05-22,adzuna
it recruiter,recruiter,Senior,5+ років,5179.0,6592.0,NL,2026-05-22,adzuna
ruby developer,ruby,Middle,2-3 роки,,,NL,2026-05-22,adzuna
ruby developer,ruby,Senior,5+ років,,,NL,2026-05-22,adzuna
rust developer,rust,Middle,2-3 роки,,,NL,2026-05-22,adzuna
rust developer,rust,Senior,5+ років,,,NL,2026-05-22,adzuna
sales manager,sales,Middle,2-3 роки,5085.0,6441.0,NL,2026-05-22,adzuna
sales manager,sales,Senior,5+ років,5085.0,6215.0,NL,2026-05-22,adzuna
sales director,sales_leadership,Middle,2-3 роки,,,NL,2026-05-22,adzuna
sales director,sales_leadership,Senior,5+ років,,,NL,2026-05-22,adzuna
sales manager,sales_manager,Middle,2-3 роки,,,NL,2026-05-22,adzuna
sales manager,sales_manager,Senior,5+ років,,,NL,2026-05-22,adzuna
salesforce developer,salesforce,Middle,2-3 роки,,,NL,2026-05-22,adzuna
salesforce developer,salesforce,Senior,5+ років,,,NL,2026-05-22,adzuna
sap developer,sap,Middle,2-3 роки,,,NL,2026-05-22,adzuna
sap developer,sap,Senior,5+ років,,,NL,2026-05-22,adzuna
scala developer,scala,Middle,2-3 роки,,,NL,2026-05-22,adzuna
scala developer,scala,Senior,5+ років,,,NL,2026-05-22,adzuna
scrum master,scrum_master,Middle,2-3 роки,5367.0,6780.0,NL,2026-05-22,adzuna
scrum master,scrum_master,Senior,5+ років,,,NL,2026-05-22,adzuna
security engineer,security,Middle,2-3 роки,4379.0,6215.0,NL,2026-05-22,adzuna
security engineer,security,Senior,5+ років,4944.0,6497.0,NL,2026-05-22,adzuna
security analyst,security_analyst,Middle,2-3 роки,,,NL,2026-05-22,adzuna
security analyst,security_analyst,Senior,5+ років,,,NL,2026-05-22,adzuna
seo specialist,seo,Middle,2-3 роки,4238.0,5085.0,NL,2026-05-22,adzuna
seo specialist,seo,Senior,5+ років,4238.0,5132.0,NL,2026-05-22,adzuna
social media manager,social_media,Middle,2-3 роки,5179.0,5179.0,NL,2026-05-22,adzuna
social media manager,social_media,Senior,5+ років,5650.0,5650.0,NL,2026-05-22,adzuna
sql dba database administrator,sql_dba,Middle,2-3 роки,,,NL,2026-05-22,adzuna
sql dba database administrator,sql_dba,Senior,5+ років,,,NL,2026-05-22,adzuna
technical support engineer,support,Middle,2-3 роки,,,NL,2026-05-22,adzuna
technical support engineer,support,Senior,5+ років,,,NL,2026-05-22,adzuna
svelte developer,svelte,Middle,2-3 роки,,,NL,2026-05-22,adzuna
svelte developer,svelte,Senior,5+ років,,,NL,2026-05-22,adzuna
symfony developer,symfony,Middle,2-3 роки,,,NL,2026-05-22,adzuna
symfony developer,symfony,Senior,5+ років,,,NL,2026-05-22,adzuna
system administrator linux,sysadmin,Middle,2-3 роки,,,NL,2026-05-22,adzuna
system administrator linux,sysadmin,Senior,5+ років,,,NL,2026-05-22,adzuna
ux designer,ui_ux,Middle,2-3 роки,,,NL,2026-05-22,adzuna
ux designer,ui_ux,Senior,5+ років,5084.0,6121.0,NL,2026-05-22,adzuna
unity developer,unity,Middle,2-3 роки,,,NL,2026-05-22,adzuna
unity developer,unity,Senior,5+ років,,,NL,2026-05-22,adzuna
unreal engine developer,unreal,Middle,2-3 роки,,,NL,2026-05-22,adzuna
unreal engine developer,unreal,Senior,5+ років,,,NL,2026-05-22,adzuna
ux researcher,ux_research,Middle,2-3 роки,,,NL,2026-05-22,adzuna
ux researcher,ux_research,Senior,5+ років,,,NL,2026-05-22,adzuna
vue.js developer,vue,Middle,2-3 роки,,,NL,2026-05-22,adzuna
vue.js developer,vue,Senior,5+ років,,,NL,2026-05-22,adzuna
winforms developer,winforms,Middle,2-3 роки,,,NL,2026-05-22,adzuna
winforms developer,winforms,Senior,5+ років,,,NL,2026-05-22,adzuna
wordpress developer,wordpress,Middle,2-3 роки,,,NL,2026-05-22,adzuna
wordpress developer,wordpress,Senior,5+ років,,,NL,2026-05-22,adzuna
wpf developer,wpf,Middle,2-3 роки,,,NL,2026-05-22,adzuna
wpf developer,wpf,Senior,5+ років,,,NL,2026-05-22,adzuna
xamarin developer,xamarin,Middle,2-3 роки,,,NL,2026-05-22,adzuna
xamarin developer,xamarin,Senior,5+ років,,,NL,2026-05-22,adzuna
yii developer,yii,Middle,2-3 роки,,,NL,2026-05-22,adzuna
yii developer,yii,Senior,5+ років,,,NL,2026-05-22,adzuna
2d animator,2d_animation,Middle,2-3 роки,,,PL,2026-05-22,adzuna
2d animator,2d_animation,Senior,5+ років,,,PL,2026-05-22,adzuna
2d artist,2d_artist,Middle,2-3 роки,,,PL,2026-05-22,adzuna
2d artist,2d_artist,Senior,5+ років,,,PL,2026-05-22,adzuna
3d animator,3d_animation,Middle,2-3 роки,,,PL,2026-05-22,adzuna
3d animator,3d_animation,Senior,5+ років,,,PL,2026-05-22,adzuna
3d artist,3d_artist,Middle,2-3 роки,,,PL,2026-05-22,adzuna
3d artist,3d_artist,Senior,5+ років,,,PL,2026-05-22,adzuna
accountant finance,accountant,Middle,2-3 роки,,,PL,2026-05-22,adzuna
accountant finance,accountant,Senior,5+ років,,,PL,2026-05-22,adzuna
affiliate manager,affiliate_manager,Middle,2-3 роки,3060.0,3825.0,PL,2026-05-22,adzuna
affiliate manager,affiliate_manager,Senior,5+ років,3060.0,3825.0,PL,2026-05-22,adzuna
android developer,android,Middle,2-3 роки,3856.0,5100.0,PL,2026-05-22,adzuna
android developer,android,Senior,5+ років,5355.0,6426.0,PL,2026-05-22,adzuna
angular developer,angular,Middle,2-3 роки,4284.0,5998.0,PL,2026-05-22,adzuna
angular developer,angular,Senior,5+ років,4712.0,5998.0,PL,2026-05-22,adzuna
asp.net developer,asp_net,Middle,2-3 роки,,,PL,2026-05-22,adzuna
asp.net developer,asp_net,Senior,5+ років,3442.0,4972.0,PL,2026-05-22,adzuna
blazor developer,blazor,Middle,2-3 роки,,,PL,2026-05-22,adzuna
blazor developer,blazor,Senior,5+ років,4080.0,5141.0,PL,2026-05-22,adzuna
business analyst IT,business_analyst,Middle,2-3 роки,5462.0,6319.0,PL,2026-05-22,adzuna
business analyst IT,business_analyst,Senior,5+ років,5462.0,6212.0,PL,2026-05-22,adzuna
c programmer,c,Middle,2-3 роки,,,PL,2026-05-22,adzuna
c programmer,c,Senior,5+ років,,,PL,2026-05-22,adzuna
chief business development officer,cbdo,Middle,2-3 роки,,,PL,2026-05-22,adzuna
chief business development officer,cbdo,Senior,5+ років,,,PL,2026-05-22,adzuna
chief commercial officer,cco,Middle,2-3 роки,7650.0,9180.0,PL,2026-05-22,adzuna
chief commercial officer,cco,Senior,5+ років,7650.0,9180.0,PL,2026-05-22,adzuna
chief executive officer tech,ceo,Middle,2-3 роки,,,PL,2026-05-22,adzuna
chief executive officer tech,ceo,Senior,5+ років,,,PL,2026-05-22,adzuna
chief financial officer tech,cfo,Middle,2-3 роки,,,PL,2026-05-22,adzuna
chief financial officer tech,cfo,Senior,5+ років,,,PL,2026-05-22,adzuna
chief information officer,cio,Middle,2-3 роки,6375.0,7650.0,PL,2026-05-22,adzuna
chief information officer,cio,Senior,5+ років,6375.0,7650.0,PL,2026-05-22,adzuna
chief marketing officer tech,cmo,Middle,2-3 роки,,,PL,2026-05-22,adzuna
chief marketing officer tech,cmo,Senior,5+ років,,,PL,2026-05-22,adzuna
content designer,content_design,Middle,2-3 роки,2295.0,3442.0,PL,2026-05-22,adzuna
content designer,content_design,Senior,5+ років,3290.0,4506.0,PL,2026-05-22,adzuna
content manager,content_manager,Middle,2-3 роки,2295.0,2843.0,PL,2026-05-22,adzuna
content manager,content_manager,Senior,5+ років,2040.0,2805.0,PL,2026-05-22,adzuna
content marketing manager,content_marketing,Middle,2-3 роки,,,PL,2026-05-22,adzuna
content marketing manager,content_marketing,Senior,5+ років,,,PL,2026-05-22,adzuna
content writer,content_writing,Middle,2-3 роки,,,PL,2026-05-22,adzuna
content writer,content_writing,Senior,5+ років,4284.0,5998.0,PL,2026-05-22,adzuna
chief operating officer,coo,Middle,2-3 роки,,,PL,2026-05-22,adzuna
chief operating officer,coo,Senior,5+ років,,,PL,2026-05-22,adzuna
c++ developer,cplusplus,Middle,2-3 роки,,,PL,2026-05-22,adzuna
c++ developer,cplusplus,Senior,5+ років,5141.0,6212.0,PL,2026-05-22,adzuna
chief product officer,cpo,Middle,2-3 роки,3060.0,3825.0,PL,2026-05-22,adzuna
chief product officer,cpo,Senior,5+ років,6375.0,7650.0,PL,2026-05-22,adzuna
c++ developer,cpp,Middle,2-3 роки,,,PL,2026-05-22,adzuna
c++ developer,cpp,Senior,5+ років,5141.0,6212.0,PL,2026-05-22,adzuna
chief technology officer,cto,Middle,2-3 роки,2550.0,3825.0,PL,2026-05-22,adzuna
chief technology officer,cto,Senior,5+ років,2550.0,3825.0,PL,2026-05-22,adzuna
data analyst,data_analyst,Middle,2-3 роки,5783.0,6212.0,PL,2026-05-22,adzuna
data analyst,data_analyst,Senior,5+ років,6120.0,6375.0,PL,2026-05-22,adzuna
data engineer,data_engineer,Middle,2-3 роки,3856.0,5355.0,PL,2026-05-22,adzuna
data engineer,data_engineer,Senior,5+ років,5355.0,7283.0,PL,2026-05-22,adzuna
data scientist,data_science,Middle,2-3 роки,6212.0,7596.0,PL,2026-05-22,adzuna
data scientist,data_science,Senior,5+ років,5365.0,7061.0,PL,2026-05-22,adzuna
delivery manager agile IT,delivery_manager,Middle,2-3 роки,,,PL,2026-05-22,adzuna
delivery manager agile IT,delivery_manager,Senior,5+ років,,,PL,2026-05-22,adzuna
graphic designer,design,Middle,2-3 роки,,,PL,2026-05-22,adzuna
graphic designer,design,Senior,5+ років,1658.0,2678.0,PL,2026-05-22,adzuna
devops engineer,dev_ops,Middle,2-3 роки,4335.0,6375.0,PL,2026-05-22,adzuna
devops engineer,dev_ops,Senior,5+ років,5610.0,7395.0,PL,2026-05-22,adzuna
digital marketing,digital_marketing,Middle,2-3 роки,,,PL,2026-05-22,adzuna
digital marketing,digital_marketing,Senior,5+ років,2932.0,3570.0,PL,2026-05-22,adzuna
digital marketing manager,digital_marketing_manager,Middle,2-3 роки,4080.0,6630.0,PL,2026-05-22,adzuna
digital marketing manager,digital_marketing_manager,Senior,5+ років,4080.0,6630.0,PL,2026-05-22,adzuna
.net developer,dotnet,Middle,2-3 роки,4712.0,5569.0,PL,2026-05-22,adzuna
.net developer,dotnet,Senior,5+ років,4779.0,5998.0,PL,2026-05-22,adzuna
.net cloud developer,dotnet_cloud,Middle,2-3 роки,5998.0,6854.0,PL,2026-05-22,adzuna
.net cloud developer,dotnet_cloud,Senior,5+ років,,,PL,2026-05-22,adzuna
.net desktop developer,dotnet_desktop,Middle,2-3 роки,,,PL,2026-05-22,adzuna
.net desktop developer,dotnet_desktop,Senior,5+ років,,,PL,2026-05-22,adzuna
.net mobile developer,dotnet_mobile,Middle,2-3 роки,5731.0,6522.0,PL,2026-05-22,adzuna
.net mobile developer,dotnet_mobile,Senior,5+ років,5731.0,6522.0,PL,2026-05-22,adzuna
asp.net web developer,dotnet_web,Middle,2-3 роки,,,PL,2026-05-22,adzuna
asp.net web developer,dotnet_web,Senior,5+ років,,,PL,2026-05-22,adzuna
drupal developer,drupal,Middle,2-3 роки,,,PL,2026-05-22,adzuna
drupal developer,drupal,Senior,5+ років,5100.0,6854.0,PL,2026-05-22,adzuna
elixir developer,elixir,Middle,2-3 роки,,,PL,2026-05-22,adzuna
elixir developer,elixir,Senior,5+ років,,,PL,2026-05-22,adzuna
embedded software engineer,embedded,Middle,2-3 роки,,,PL,2026-05-22,adzuna
embedded software engineer,embedded,Senior,5+ років,5228.0,6248.0,PL,2026-05-22,adzuna
software engineering manager,engineering_manager,Middle,2-3 роки,,,PL,2026-05-22,adzuna
software engineering manager,engineering_manager,Senior,5+ років,,,PL,2026-05-22,adzuna
erp developer,erp_systems,Middle,2-3 роки,,,PL,2026-05-22,adzuna
erp developer,erp_systems,Senior,5+ років,,,PL,2026-05-22,adzuna
finance manager,finance_manager,Middle,2-3 роки,,,PL,2026-05-22,adzuna
finance manager,finance_manager,Senior,5+ років,,,PL,2026-05-22,adzuna
financial analyst,finances,Middle,2-3 роки,,,PL,2026-05-22,adzuna
financial analyst,finances,Senior,5+ років,,,PL,2026-05-22,adzuna
financial analyst,financial_analyst,Middle,2-3 роки,,,PL,2026-05-22,adzuna
financial analyst,financial_analyst,Senior,5+ років,,,PL,2026-05-22,adzuna
flutter developer,flutter,Middle,2-3 роки,3825.0,4845.0,PL,2026-05-22,adzuna
flutter developer,flutter,Senior,5+ років,3856.0,5141.0,PL,2026-05-22,adzuna
fullstack developer,fullstack,Middle,2-3 роки,3825.0,5661.0,PL,2026-05-22,adzuna
fullstack developer,fullstack,Senior,5+ років,4080.0,6630.0,PL,2026-05-22,adzuna
game designer,game_design,Middle,2-3 роки,,,PL,2026-05-22,adzuna
game designer,game_design,Senior,5+ років,,,PL,2026-05-22,adzuna
game developer,game_developer,Middle,2-3 роки,,,PL,2026-05-22,adzuna
game developer,game_developer,Senior,5+ років,,,PL,2026-05-22,adzuna
unity developer,gamedev,Middle,2-3 роки,,,PL,2026-05-22,adzuna
unity developer,gamedev,Senior,5+ років,,,PL,2026-05-22,adzuna
golang developer,golang,Middle,2-3 роки,6426.0,6854.0,PL,2026-05-22,adzuna
golang developer,golang,Senior,5+ років,1457.0,1457.0,PL,2026-05-22,adzuna
graphic designer,graphic_design,Middle,2-3 роки,2040.0,2550.0,PL,2026-05-22,adzuna
graphic designer,graphic_design,Senior,5+ років,1658.0,2678.0,PL,2026-05-22,adzuna
head of software engineering,head_chief,Middle,2-3 роки,,,PL,2026-05-22,adzuna
head of software engineering,head_chief,Senior,5+ років,,,PL,2026-05-22,adzuna
hr manager,hr,Middle,2-3 роки,3060.0,3825.0,PL,2026-05-22,adzuna
hr manager,hr,Senior,5+ років,3825.0,4845.0,PL,2026-05-22,adzuna
illustrator designer,illustrator,Middle,2-3 роки,,,PL,2026-05-22,adzuna
illustrator designer,illustrator,Senior,5+ років,,,PL,2026-05-22,adzuna
information security engineer,information_security,Middle,2-3 роки,5151.0,7420.0,PL,2026-05-22,adzuna
information security engineer,information_security,Senior,5+ років,5151.0,7420.0,PL,2026-05-22,adzuna
ios developer,ios,Middle,2-3 роки,4284.0,5141.0,PL,2026-05-22,adzuna
ios developer,ios,Senior,5+ років,4284.0,5141.0,PL,2026-05-22,adzuna
java developer,java,Middle,2-3 роки,,,PL,2026-05-22,adzuna
java developer,java,Senior,5+ років,3902.0,5610.0,PL,2026-05-22,adzuna
javascript developer,javascript,Middle,2-3 роки,2678.0,4590.0,PL,2026-05-22,adzuna
javascript developer,javascript,Senior,5+ років,4845.0,5738.0,PL,2026-05-22,adzuna
kotlin developer,kotlin,Middle,2-3 роки,857.0,1928.0,PL,2026-05-22,adzuna
kotlin developer,kotlin,Senior,5+ років,4712.0,6426.0,PL,2026-05-22,adzuna
laravel developer,laravel,Middle,2-3 роки,2422.0,3442.0,PL,2026-05-22,adzuna
laravel developer,laravel,Senior,5+ років,2550.0,3570.0,PL,2026-05-22,adzuna
tech lead,lead,Middle,2-3 роки,,,PL,2026-05-22,adzuna
tech lead,lead,Senior,5+ років,6630.0,7778.0,PL,2026-05-22,adzuna
lead generation manager,lead_generation,Middle,2-3 роки,,,PL,2026-05-22,adzuna
lead generation manager,lead_generation,Senior,5+ років,2805.0,4080.0,PL,2026-05-22,adzuna
magento developer,magento,Middle,2-3 роки,4080.0,4845.0,PL,2026-05-22,adzuna
magento developer,magento,Senior,5+ років,4080.0,5355.0,PL,2026-05-22,adzuna
marketing manager,marketing,Middle,2-3 роки,2805.0,3825.0,PL,2026-05-22,adzuna
marketing manager,marketing,Senior,5+ років,2805.0,3825.0,PL,2026-05-22,adzuna
marketing analyst,marketing_analyst,Middle,2-3 роки,,,PL,2026-05-22,adzuna
marketing analyst,marketing_analyst,Senior,5+ років,,,PL,2026-05-22,adzuna
.net maui developer,maui,Middle,2-3 роки,5731.0,6522.0,PL,2026-05-22,adzuna
.net maui developer,maui,Senior,5+ років,5731.0,6522.0,PL,2026-05-22,adzuna
media buyer,media_buying,Middle,2-3 роки,,,PL,2026-05-22,adzuna
media buyer,media_buying,Senior,5+ років,,,PL,2026-05-22,adzuna
machine learning engineer,ml_ai,Middle,2-3 роки,5998.0,7140.0,PL,2026-05-22,adzuna
machine learning engineer,ml_ai,Senior,5+ років,5697.0,7140.0,PL,2026-05-22,adzuna
motion designer,motion_design,Middle,2-3 роки,,,PL,2026-05-22,adzuna
motion designer,motion_design,Senior,5+ років,,,PL,2026-05-22,adzuna
microsoft dynamics developer,ms_dynamics,Middle,2-3 роки,7283.0,8568.0,PL,2026-05-22,adzuna
microsoft dynamics developer,ms_dynamics,Senior,5+ років,6854.0,8836.0,PL,2026-05-22,adzuna
no code developer,nocode,Middle,2-3 роки,,,PL,2026-05-22,adzuna
no code developer,nocode,Senior,5+ років,,,PL,2026-05-22,adzuna
node.js developer,node_js,Middle,2-3 роки,3968.0,4779.0,PL,2026-05-22,adzuna
node.js developer,node_js,Senior,5+ років,4654.0,6400.0,PL,2026-05-22,adzuna
odoo developer,odoo,Middle,2-3 роки,,,PL,2026-05-22,adzuna
odoo developer,odoo,Senior,5+ років,,,PL,2026-05-22,adzuna
penetration tester,penetration_tester,Middle,2-3 роки,,,PL,2026-05-22,adzuna
penetration tester,penetration_tester,Senior,5+ років,5569.0,6426.0,PL,2026-05-22,adzuna
php developer,php,Middle,2-3 роки,3570.0,4080.0,PL,2026-05-22,adzuna
php developer,php,Senior,5+ років,3315.0,5865.0,PL,2026-05-22,adzuna
ppc specialist,ppc,Middle,2-3 роки,,,PL,2026-05-22,adzuna
ppc specialist,ppc,Senior,5+ років,1658.0,2805.0,PL,2026-05-22,adzuna
pr manager,pr_manager,Middle,2-3 роки,,,PL,2026-05-22,adzuna
pr manager,pr_manager,Senior,5+ років,,,PL,2026-05-22,adzuna
product designer,product_design,Middle,2-3 роки,3570.0,5100.0,PL,2026-05-22,adzuna
product designer,product_design,Senior,5+ років,4845.0,6854.0,PL,2026-05-22,adzuna
product manager,product_manager,Middle,2-3 роки,3685.0,4896.0,PL,2026-05-22,adzuna
product manager,product_manager,Senior,5+ років,3570.0,4692.0,PL,2026-05-22,adzuna
product owner,product_owner,Middle,2-3 роки,4738.0,6564.0,PL,2026-05-22,adzuna
product owner,product_owner,Senior,5+ років,4590.0,6273.0,PL,2026-05-22,adzuna
IT project manager software,project_manager,Middle,2-3 роки,4284.0,5569.0,PL,2026-05-22,adzuna
IT project manager software,project_manager,Senior,5+ років,4284.0,5569.0,PL,2026-05-22,adzuna
python developer,python,Middle,2-3 роки,,,PL,2026-05-22,adzuna
python developer,python,Senior,5+ років,4845.0,6854.0,PL,2026-05-22,adzuna
qa engineer,qa,Middle,2-3 роки,2837.0,3442.0,PL,2026-05-22,adzuna
qa engineer,qa,Senior,5+ років,3825.0,5100.0,PL,2026-05-22,adzuna
qa automation engineer,qa_automation,Middle,2-3 роки,4054.0,4738.0,PL,2026-05-22,adzuna
qa automation engineer,qa_automation,Senior,5+ років,4284.0,5141.0,PL,2026-05-22,adzuna
manual qa tester,qa_manual,Middle,2-3 роки,2570.0,3825.0,PL,2026-05-22,adzuna
manual qa tester,qa_manual,Senior,5+ років,2570.0,3825.0,PL,2026-05-22,adzuna
react developer,react,Middle,2-3 роки,4080.0,5569.0,PL,2026-05-22,adzuna
react developer,react,Senior,5+ років,5141.0,6630.0,PL,2026-05-22,adzuna
react native developer,react_native,Middle,2-3 роки,4712.0,5998.0,PL,2026-05-22,adzuna
react native developer,react_native,Senior,5+ років,5141.0,6923.0,PL,2026-05-22,adzuna
it recruiter,recruiter,Middle,2-3 роки,1530.0,2295.0,PL,2026-05-22,adzuna
it recruiter,recruiter,Senior,5+ років,1912.0,2550.0,PL,2026-05-22,adzuna
ruby developer,ruby,Middle,2-3 роки,3570.0,4845.0,PL,2026-05-22,adzuna
ruby developer,ruby,Senior,5+ років,3570.0,5355.0,PL,2026-05-22,adzuna
rust developer,rust,Middle,2-3 роки,3825.0,6375.0,PL,2026-05-22,adzuna
rust developer,rust,Senior,5+ років,3825.0,6375.0,PL,2026-05-22,adzuna
sales manager,sales,Middle,2-3 роки,,,PL,2026-05-22,adzuna
sales manager,sales,Senior,5+ років,,,PL,2026-05-22,adzuna
sales director,sales_leadership,Middle,2-3 роки,3536.0,5610.0,PL,2026-05-22,adzuna
sales director,sales_leadership,Senior,5+ років,3536.0,5610.0,PL,2026-05-22,adzuna
sales manager,sales_manager,Middle,2-3 роки,,,PL,2026-05-22,adzuna
sales manager,sales_manager,Senior,5+ років,,,PL,2026-05-22,adzuna
salesforce developer,salesforce,Middle,2-3 роки,3435.0,5610.0,PL,2026-05-22,adzuna
salesforce developer,salesforce,Senior,5+ років,3435.0,5610.0,PL,2026-05-22,adzuna
sap developer,sap,Middle,2-3 роки,5569.0,6311.0,PL,2026-05-22,adzuna
sap developer,sap,Senior,5+ років,5569.0,6583.0,PL,2026-05-22,adzuna
scala developer,scala,Middle,2-3 роки,,,PL,2026-05-22,adzuna
scala developer,scala,Senior,5+ років,6854.0,8140.0,PL,2026-05-22,adzuna
scrum master,scrum_master,Middle,2-3 роки,4080.0,5521.0,PL,2026-05-22,adzuna
scrum master,scrum_master,Senior,5+ років,4080.0,5559.0,PL,2026-05-22,adzuna
security engineer,security,Middle,2-3 роки,5100.0,7650.0,PL,2026-05-22,adzuna
security engineer,security,Senior,5+ років,5100.0,7140.0,PL,2026-05-22,adzuna
security analyst,security_analyst,Middle,2-3 роки,,,PL,2026-05-22,adzuna
security analyst,security_analyst,Senior,5+ років,4284.0,5546.0,PL,2026-05-22,adzuna
seo specialist,seo,Middle,2-3 роки,,,PL,2026-05-22,adzuna
seo specialist,seo,Senior,5+ років,1989.0,3060.0,PL,2026-05-22,adzuna
social media manager,social_media,Middle,2-3 роки,,,PL,2026-05-22,adzuna
social media manager,social_media,Senior,5+ років,,,PL,2026-05-22,adzuna
sql dba database administrator,sql_dba,Middle,2-3 роки,,,PL,2026-05-22,adzuna
sql dba database administrator,sql_dba,Senior,5+ років,,,PL,2026-05-22,adzuna
technical support engineer,support,Middle,2-3 роки,3427.0,4080.0,PL,2026-05-22,adzuna
technical support engineer,support,Senior,5+ років,3427.0,4080.0,PL,2026-05-22,adzuna
svelte developer,svelte,Middle,2-3 роки,3672.0,6936.0,PL,2026-05-22,adzuna
svelte developer,svelte,Senior,5+ років,3672.0,6936.0,PL,2026-05-22,adzuna
symfony developer,symfony,Middle,2-3 роки,3188.0,4080.0,PL,2026-05-22,adzuna
symfony developer,symfony,Senior,5+ років,3427.0,4080.0,PL,2026-05-22,adzuna
system administrator linux,sysadmin,Middle,2-3 роки,,,PL,2026-05-22,adzuna
system administrator linux,sysadmin,Senior,5+ років,,,PL,2026-05-22,adzuna
ux designer,ui_ux,Middle,2-3 роки,3968.0,5100.0,PL,2026-05-22,adzuna
ux designer,ui_ux,Senior,5+ років,4080.0,5141.0,PL,2026-05-22,adzuna
unity developer,unity,Middle,2-3 роки,,,PL,2026-05-22,adzuna
unity developer,unity,Senior,5+ років,,,PL,2026-05-22,adzuna
unreal engine developer,unreal,Middle,2-3 роки,,,PL,2026-05-22,adzuna
unreal engine developer,unreal,Senior,5+ років,,,PL,2026-05-22,adzuna
ux researcher,ux_research,Middle,2-3 роки,,,PL,2026-05-22,adzuna
ux researcher,ux_research,Senior,5+ років,,,PL,2026-05-22,adzuna
vue.js developer,vue,Middle,2-3 роки,,,PL,2026-05-22,adzuna
vue.js developer,vue,Senior,5+ років,6426.0,7497.0,PL,2026-05-22,adzuna
winforms developer,winforms,Middle,2-3 роки,,,PL,2026-05-22,adzuna
winforms developer,winforms,Senior,5+ років,,,PL,2026-05-22,adzuna
wordpress developer,wordpress,Middle,2-3 роки,,,PL,2026-05-22,adzuna
wordpress developer,wordpress,Senior,5+ років,2295.0,4284.0,PL,2026-05-22,adzuna
wpf developer,wpf,Middle,2-3 роки,,,PL,2026-05-22,adzuna
wpf developer,wpf,Senior,5+ років,3825.0,4972.0,PL,2026-05-22,adzuna
xamarin developer,xamarin,Middle,2-3 роки,,,PL,2026-05-22,adzuna
xamarin developer,xamarin,Senior,5+ років,,,PL,2026-05-22,adzuna
yii developer,yii,Middle,2-3 роки,,,PL,2026-05-22,adzuna
yii developer,yii,Senior,5+ років,,,PL,2026-05-22,adzuna
2d animator,2d_animation,Middle,2-3 роки,4137.0,4137.0,UK,2026-05-22,adzuna
2d animator,2d_animation,Senior,5+ років,4162.0,4162.0,UK,2026-05-22,adzuna
2d artist,2d_artist,Middle,2-3 роки,4423.0,4423.0,UK,2026-05-22,adzuna
2d artist,2d_artist,Senior,5+ років,4423.0,4423.0,UK,2026-05-22,adzuna
3d animator,3d_animation,Middle,2-3 роки,3764.0,4615.0,UK,2026-05-22,adzuna
3d animator,3d_animation,Senior,5+ років,4137.0,4762.0,UK,2026-05-22,adzuna
3d artist,3d_artist,Middle,2-3 роки,4502.0,4687.0,UK,2026-05-22,adzuna
3d artist,3d_artist,Senior,5+ років,4676.0,4725.0,UK,2026-05-22,adzuna
accountant finance,accountant,Middle,2-3 роки,5830.0,5830.0,UK,2026-05-22,adzuna
accountant finance,accountant,Senior,5+ років,6022.0,6022.0,UK,2026-05-22,adzuna
affiliate manager,affiliate_manager,Middle,2-3 роки,4306.0,4589.0,UK,2026-05-22,adzuna
affiliate manager,affiliate_manager,Senior,5+ років,4308.0,4521.0,UK,2026-05-22,adzuna
android developer,android,Middle,2-3 роки,5168.0,5910.0,UK,2026-05-22,adzuna
android developer,android,Senior,5+ років,6197.0,6554.0,UK,2026-05-22,adzuna
angular developer,angular,Middle,2-3 роки,5241.0,5292.0,UK,2026-05-22,adzuna
angular developer,angular,Senior,5+ років,,,UK,2026-05-22,adzuna
asp.net developer,asp_net,Middle,2-3 роки,5398.0,6879.0,UK,2026-05-22,adzuna
asp.net developer,asp_net,Senior,5+ років,5763.0,6879.0,UK,2026-05-22,adzuna
blazor developer,blazor,Middle,2-3 роки,5292.0,6350.0,UK,2026-05-22,adzuna
blazor developer,blazor,Senior,5+ років,5292.0,6350.0,UK,2026-05-22,adzuna
business analyst IT,business_analyst,Middle,2-3 роки,5821.0,5821.0,UK,2026-05-22,adzuna
business analyst IT,business_analyst,Senior,5+ років,5821.0,5821.0,UK,2026-05-22,adzuna
c programmer,c,Middle,2-3 роки,4233.0,4403.0,UK,2026-05-22,adzuna
c programmer,c,Senior,5+ років,4403.0,5292.0,UK,2026-05-22,adzuna
chief business development officer,cbdo,Middle,2-3 роки,3851.0,3851.0,UK,2026-05-22,adzuna
chief business development officer,cbdo,Senior,5+ років,3851.0,3851.0,UK,2026-05-22,adzuna
chief commercial officer,cco,Middle,2-3 роки,6100.0,6350.0,UK,2026-05-22,adzuna
chief commercial officer,cco,Senior,5+ років,6127.0,6350.0,UK,2026-05-22,adzuna
chief executive officer tech,ceo,Middle,2-3 роки,,,UK,2026-05-22,adzuna
chief executive officer tech,ceo,Senior,5+ років,,,UK,2026-05-22,adzuna
chief financial officer tech,cfo,Middle,2-3 роки,,,UK,2026-05-22,adzuna
chief financial officer tech,cfo,Senior,5+ років,,,UK,2026-05-22,adzuna
chief information officer,cio,Middle,2-3 роки,7436.0,7436.0,UK,2026-05-22,adzuna
chief information officer,cio,Senior,5+ років,7436.0,7436.0,UK,2026-05-22,adzuna
chief marketing officer tech,cmo,Middle,2-3 роки,,,UK,2026-05-22,adzuna
chief marketing officer tech,cmo,Senior,5+ років,,,UK,2026-05-22,adzuna
content designer,content_design,Middle,2-3 роки,5300.0,5766.0,UK,2026-05-22,adzuna
content designer,content_design,Senior,5+ років,5395.0,5623.0,UK,2026-05-22,adzuna
content manager,content_manager,Middle,2-3 роки,4290.0,4389.0,UK,2026-05-22,adzuna
content manager,content_manager,Senior,5+ років,4417.0,4597.0,UK,2026-05-22,adzuna
content marketing manager,content_marketing,Middle,2-3 роки,4233.0,4241.0,UK,2026-05-22,adzuna
content marketing manager,content_marketing,Senior,5+ років,4275.0,4310.0,UK,2026-05-22,adzuna
content writer,content_writing,Middle,2-3 роки,3700.0,3704.0,UK,2026-05-22,adzuna
content writer,content_writing,Senior,5+ років,3704.0,3787.0,UK,2026-05-22,adzuna
chief operating officer,coo,Middle,2-3 роки,6956.0,7438.0,UK,2026-05-22,adzuna
chief operating officer,coo,Senior,5+ років,6956.0,7438.0,UK,2026-05-22,adzuna
c++ developer,cplusplus,Middle,2-3 роки,6172.0,6842.0,UK,2026-05-22,adzuna
c++ developer,cplusplus,Senior,5+ років,6906.0,6992.0,UK,2026-05-22,adzuna
chief product officer,cpo,Middle,2-3 роки,7764.0,8138.0,UK,2026-05-22,adzuna
chief product officer,cpo,Senior,5+ років,7649.0,7933.0,UK,2026-05-22,adzuna
c++ developer,cpp,Middle,2-3 роки,6172.0,6842.0,UK,2026-05-22,adzuna
c++ developer,cpp,Senior,5+ років,6906.0,6992.0,UK,2026-05-22,adzuna
chief technology officer,cto,Middle,2-3 роки,8467.0,9050.0,UK,2026-05-22,adzuna
chief technology officer,cto,Senior,5+ років,7814.0,8172.0,UK,2026-05-22,adzuna
data analyst,data_analyst,Middle,2-3 роки,3175.0,5292.0,UK,2026-05-22,adzuna
data analyst,data_analyst,Senior,5+ років,3175.0,5292.0,UK,2026-05-22,adzuna
data engineer,data_engineer,Middle,2-3 роки,6223.0,7069.0,UK,2026-05-22,adzuna
data engineer,data_engineer,Senior,5+ років,6485.0,7408.0,UK,2026-05-22,adzuna
data scientist,data_science,Middle,2-3 роки,2646.0,4762.0,UK,2026-05-22,adzuna
data scientist,data_science,Senior,5+ років,2646.0,4762.0,UK,2026-05-22,adzuna
delivery manager agile IT,delivery_manager,Middle,2-3 роки,,,UK,2026-05-22,adzuna
delivery manager agile IT,delivery_manager,Senior,5+ років,,,UK,2026-05-22,adzuna
graphic designer,design,Middle,2-3 роки,3203.0,3492.0,UK,2026-05-22,adzuna
graphic designer,design,Senior,5+ років,3231.0,3598.0,UK,2026-05-22,adzuna
devops engineer,dev_ops,Middle,2-3 роки,7067.0,7408.0,UK,2026-05-22,adzuna
devops engineer,dev_ops,Senior,5+ років,7408.0,7739.0,UK,2026-05-22,adzuna
digital marketing,digital_marketing,Middle,2-3 роки,4233.0,4233.0,UK,2026-05-22,adzuna
digital marketing,digital_marketing,Senior,5+ років,4233.0,4233.0,UK,2026-05-22,adzuna
digital marketing manager,digital_marketing_manager,Middle,2-3 роки,4852.0,5507.0,UK,2026-05-22,adzuna
digital marketing manager,digital_marketing_manager,Senior,5+ років,4852.0,5507.0,UK,2026-05-22,adzuna
.net developer,dotnet,Middle,2-3 роки,5027.0,7144.0,UK,2026-05-22,adzuna
.net developer,dotnet,Senior,5+ років,5027.0,7144.0,UK,2026-05-22,adzuna
.net cloud developer,dotnet_cloud,Middle,2-3 роки,4088.0,4088.0,UK,2026-05-22,adzuna
.net cloud developer,dotnet_cloud,Senior,5+ років,5492.0,5492.0,UK,2026-05-22,adzuna
.net desktop developer,dotnet_desktop,Middle,2-3 роки,,,UK,2026-05-22,adzuna
.net desktop developer,dotnet_desktop,Senior,5+ років,6879.0,8467.0,UK,2026-05-22,adzuna
.net mobile developer,dotnet_mobile,Middle,2-3 роки,,,UK,2026-05-22,adzuna
.net mobile developer,dotnet_mobile,Senior,5+ років,,,UK,2026-05-22,adzuna
asp.net web developer,dotnet_web,Middle,2-3 роки,7938.0,8467.0,UK,2026-05-22,adzuna
asp.net web developer,dotnet_web,Senior,5+ років,7408.0,7938.0,UK,2026-05-22,adzuna
drupal developer,drupal,Middle,2-3 роки,,,UK,2026-05-22,adzuna
drupal developer,drupal,Senior,5+ років,,,UK,2026-05-22,adzuna
elixir developer,elixir,Middle,2-3 роки,,,UK,2026-05-22,adzuna
elixir developer,elixir,Senior,5+ років,,,UK,2026-05-22,adzuna
embedded software engineer,embedded,Middle,2-3 роки,5292.0,5940.0,UK,2026-05-22,adzuna
embedded software engineer,embedded,Senior,5+ років,5821.0,6350.0,UK,2026-05-22,adzuna
software engineering manager,engineering_manager,Middle,2-3 роки,7594.0,7783.0,UK,2026-05-22,adzuna
software engineering manager,engineering_manager,Senior,5+ років,7419.0,7605.0,UK,2026-05-22,adzuna
erp developer,erp_systems,Middle,2-3 роки,5230.0,6041.0,UK,2026-05-22,adzuna
erp developer,erp_systems,Senior,5+ років,5292.0,6350.0,UK,2026-05-22,adzuna
finance manager,finance_manager,Middle,2-3 роки,5713.0,5713.0,UK,2026-05-22,adzuna
finance manager,finance_manager,Senior,5+ років,5771.0,5771.0,UK,2026-05-22,adzuna
financial analyst,finances,Middle,2-3 роки,4829.0,4897.0,UK,2026-05-22,adzuna
financial analyst,finances,Senior,5+ років,5292.0,5292.0,UK,2026-05-22,adzuna
financial analyst,financial_analyst,Middle,2-3 роки,4829.0,4897.0,UK,2026-05-22,adzuna
financial analyst,financial_analyst,Senior,5+ років,5292.0,5292.0,UK,2026-05-22,adzuna
flutter developer,flutter,Middle,2-3 роки,5292.0,5292.0,UK,2026-05-22,adzuna
flutter developer,flutter,Senior,5+ років,5292.0,5550.0,UK,2026-05-22,adzuna
fullstack developer,fullstack,Middle,2-3 роки,5794.0,6025.0,UK,2026-05-22,adzuna
fullstack developer,fullstack,Senior,5+ років,7110.0,7309.0,UK,2026-05-22,adzuna
game designer,game_design,Middle,2-3 роки,4171.0,4781.0,UK,2026-05-22,adzuna
game designer,game_design,Senior,5+ років,4472.0,4762.0,UK,2026-05-22,adzuna
game developer,game_developer,Middle,2-3 роки,4196.0,4562.0,UK,2026-05-22,adzuna
game developer,game_developer,Senior,5+ років,4138.0,4517.0,UK,2026-05-22,adzuna
unity developer,gamedev,Middle,2-3 роки,4037.0,4121.0,UK,2026-05-22,adzuna
unity developer,gamedev,Senior,5+ років,4076.0,4096.0,UK,2026-05-22,adzuna
golang developer,golang,Middle,2-3 роки,6350.0,7119.0,UK,2026-05-22,adzuna
golang developer,golang,Senior,5+ років,6041.0,7197.0,UK,2026-05-22,adzuna
graphic designer,graphic_design,Middle,2-3 роки,3203.0,3492.0,UK,2026-05-22,adzuna
graphic designer,graphic_design,Senior,5+ років,3231.0,3598.0,UK,2026-05-22,adzuna
head of software engineering,head_chief,Middle,2-3 роки,7938.0,10583.0,UK,2026-05-22,adzuna
head of software engineering,head_chief,Senior,5+ років,8340.0,9026.0,UK,2026-05-22,adzuna
hr manager,hr,Middle,2-3 роки,4515.0,4801.0,UK,2026-05-22,adzuna
hr manager,hr,Senior,5+ років,4515.0,4801.0,UK,2026-05-22,adzuna
illustrator designer,illustrator,Middle,2-3 роки,3743.0,3845.0,UK,2026-05-22,adzuna
illustrator designer,illustrator,Senior,5+ років,3988.0,4127.0,UK,2026-05-22,adzuna
information security engineer,information_security,Middle,2-3 роки,5895.0,6897.0,UK,2026-05-22,adzuna
information security engineer,information_security,Senior,5+ років,6970.0,7095.0,UK,2026-05-22,adzuna
ios developer,ios,Middle,2-3 роки,5922.0,5976.0,UK,2026-05-22,adzuna
ios developer,ios,Senior,5+ років,6302.0,6562.0,UK,2026-05-22,adzuna
java developer,java,Middle,2-3 роки,6321.0,6879.0,UK,2026-05-22,adzuna
java developer,java,Senior,5+ років,6350.0,6879.0,UK,2026-05-22,adzuna
javascript developer,javascript,Middle,2-3 роки,5292.0,5299.0,UK,2026-05-22,adzuna
javascript developer,javascript,Senior,5+ років,5509.0,6186.0,UK,2026-05-22,adzuna
kotlin developer,kotlin,Middle,2-3 роки,6501.0,6981.0,UK,2026-05-22,adzuna
kotlin developer,kotlin,Senior,5+ років,6969.0,7201.0,UK,2026-05-22,adzuna
laravel developer,laravel,Middle,2-3 роки,4762.0,5292.0,UK,2026-05-22,adzuna
laravel developer,laravel,Senior,5+ років,5292.0,5731.0,UK,2026-05-22,adzuna
tech lead,lead,Middle,2-3 роки,,,UK,2026-05-22,adzuna
tech lead,lead,Senior,5+ років,7857.0,7932.0,UK,2026-05-22,adzuna
lead generation manager,lead_generation,Middle,2-3 роки,4233.0,4762.0,UK,2026-05-22,adzuna
lead generation manager,lead_generation,Senior,5+ років,4233.0,4762.0,UK,2026-05-22,adzuna
magento developer,magento,Middle,2-3 роки,,,UK,2026-05-22,adzuna
magento developer,magento,Senior,5+ років,3650.0,3650.0,UK,2026-05-22,adzuna
marketing manager,marketing,Middle,2-3 роки,5216.0,5216.0,UK,2026-05-22,adzuna
marketing manager,marketing,Senior,5+ років,,,UK,2026-05-22,adzuna
marketing analyst,marketing_analyst,Middle,2-3 роки,4810.0,4879.0,UK,2026-05-22,adzuna
marketing analyst,marketing_analyst,Senior,5+ років,5234.0,5345.0,UK,2026-05-22,adzuna
.net maui developer,maui,Middle,2-3 роки,,,UK,2026-05-22,adzuna
.net maui developer,maui,Senior,5+ років,4836.0,4836.0,UK,2026-05-22,adzuna
media buyer,media_buying,Middle,2-3 роки,4471.0,5292.0,UK,2026-05-22,adzuna
media buyer,media_buying,Senior,5+ років,4487.0,5244.0,UK,2026-05-22,adzuna
machine learning engineer,ml_ai,Middle,2-3 роки,6526.0,6592.0,UK,2026-05-22,adzuna
machine learning engineer,ml_ai,Senior,5+ років,6701.0,6791.0,UK,2026-05-22,adzuna
motion designer,motion_design,Middle,2-3 роки,,,UK,2026-05-22,adzuna
motion designer,motion_design,Senior,5+ років,4649.0,4762.0,UK,2026-05-22,adzuna
microsoft dynamics developer,ms_dynamics,Middle,2-3 роки,6073.0,6576.0,UK,2026-05-22,adzuna
microsoft dynamics developer,ms_dynamics,Senior,5+ років,,,UK,2026-05-22,adzuna
no code developer,nocode,Middle,2-3 роки,5372.0,5583.0,UK,2026-05-22,adzuna
no code developer,nocode,Senior,5+ років,5583.0,5821.0,UK,2026-05-22,adzuna
node.js developer,node_js,Middle,2-3 роки,6865.0,6897.0,UK,2026-05-22,adzuna
node.js developer,node_js,Senior,5+ років,6879.0,6922.0,UK,2026-05-22,adzuna
odoo developer,odoo,Middle,2-3 роки,,,UK,2026-05-22,adzuna
odoo developer,odoo,Senior,5+ років,,,UK,2026-05-22,adzuna
penetration tester,penetration_tester,Middle,2-3 роки,4945.0,5292.0,UK,2026-05-22,adzuna
penetration tester,penetration_tester,Senior,5+ років,5790.0,6069.0,UK,2026-05-22,adzuna
php developer,php,Middle,2-3 роки,4233.0,4762.0,UK,2026-05-22,adzuna
php developer,php,Senior,5+ років,5292.0,5821.0,UK,2026-05-22,adzuna
ppc specialist,ppc,Middle,2-3 роки,4030.0,4620.0,UK,2026-05-22,adzuna
ppc specialist,ppc,Senior,5+ років,4030.0,4620.0,UK,2026-05-22,adzuna
pr manager,pr_manager,Middle,2-3 роки,4089.0,4233.0,UK,2026-05-22,adzuna
pr manager,pr_manager,Senior,5+ років,4122.0,4362.0,UK,2026-05-22,adzuna
product designer,product_design,Middle,2-3 роки,4868.0,5347.0,UK,2026-05-22,adzuna
product designer,product_design,Senior,5+ років,5466.0,5472.0,UK,2026-05-22,adzuna
product manager,product_manager,Middle,2-3 роки,6350.0,6879.0,UK,2026-05-22,adzuna
product manager,product_manager,Senior,5+ років,6483.0,6879.0,UK,2026-05-22,adzuna
product owner,product_owner,Middle,2-3 роки,6369.0,6672.0,UK,2026-05-22,adzuna
product owner,product_owner,Senior,5+ років,6388.0,6879.0,UK,2026-05-22,adzuna
IT project manager software,project_manager,Middle,2-3 роки,5292.0,5910.0,UK,2026-05-22,adzuna
IT project manager software,project_manager,Senior,5+ років,5292.0,6198.0,UK,2026-05-22,adzuna
python developer,python,Middle,2-3 роки,7923.0,7950.0,UK,2026-05-22,adzuna
python developer,python,Senior,5+ років,7911.0,7938.0,UK,2026-05-22,adzuna
qa engineer,qa,Middle,2-3 роки,4980.0,5292.0,UK,2026-05-22,adzuna
qa engineer,qa,Senior,5+ років,5019.0,5553.0,UK,2026-05-22,adzuna
qa automation engineer,qa_automation,Middle,2-3 роки,6229.0,6284.0,UK,2026-05-22,adzuna
qa automation engineer,qa_automation,Senior,5+ років,6196.0,6291.0,UK,2026-05-22,adzuna
manual qa tester,qa_manual,Middle,2-3 роки,4580.0,4762.0,UK,2026-05-22,adzuna
manual qa tester,qa_manual,Senior,5+ років,4927.0,4980.0,UK,2026-05-22,adzuna
react developer,react,Middle,2-3 роки,5940.0,6161.0,UK,2026-05-22,adzuna
react developer,react,Senior,5+ років,6706.0,6879.0,UK,2026-05-22,adzuna
react native developer,react_native,Middle,2-3 роки,5659.0,5765.0,UK,2026-05-22,adzuna
react native developer,react_native,Senior,5+ років,5856.0,5909.0,UK,2026-05-22,adzuna
it recruiter,recruiter,Middle,2-3 роки,4233.0,5292.0,UK,2026-05-22,adzuna
it recruiter,recruiter,Senior,5+ років,5292.0,5351.0,UK,2026-05-22,adzuna
ruby developer,ruby,Middle,2-3 роки,7414.0,7938.0,UK,2026-05-22,adzuna
ruby developer,ruby,Senior,5+ років,,,UK,2026-05-22,adzuna
rust developer,rust,Middle,2-3 роки,6982.0,6982.0,UK,2026-05-22,adzuna
rust developer,rust,Senior,5+ років,7960.0,7960.0,UK,2026-05-22,adzuna
sales manager,sales,Middle,2-3 роки,5292.0,5292.0,UK,2026-05-22,adzuna
sales manager,sales,Senior,5+ років,5570.0,5570.0,UK,2026-05-22,adzuna
sales director,sales_leadership,Middle,2-3 роки,8417.0,8586.0,UK,2026-05-22,adzuna
sales director,sales_leadership,Senior,5+ років,8417.0,8586.0,UK,2026-05-22,adzuna
sales manager,sales_manager,Middle,2-3 роки,5292.0,5292.0,UK,2026-05-22,adzuna
sales manager,sales_manager,Senior,5+ років,5570.0,5570.0,UK,2026-05-22,adzuna
salesforce developer,salesforce,Middle,2-3 роки,6879.0,6879.0,UK,2026-05-22,adzuna
salesforce developer,salesforce,Senior,5+ років,7155.0,7155.0,UK,2026-05-22,adzuna
sap developer,sap,Middle,2-3 роки,5609.0,5642.0,UK,2026-05-22,adzuna
sap developer,sap,Senior,5+ років,5647.0,5720.0,UK,2026-05-22,adzuna
scala developer,scala,Middle,2-3 роки,7190.0,7190.0,UK,2026-05-22,adzuna
scala developer,scala,Senior,5+ років,7176.0,7176.0,UK,2026-05-22,adzuna
scrum master,scrum_master,Middle,2-3 роки,5836.0,5902.0,UK,2026-05-22,adzuna
scrum master,scrum_master,Senior,5+ років,5902.0,5961.0,UK,2026-05-22,adzuna
security engineer,security,Middle,2-3 роки,4762.0,4762.0,UK,2026-05-22,adzuna
security engineer,security,Senior,5+ років,4762.0,4762.0,UK,2026-05-22,adzuna
security analyst,security_analyst,Middle,2-3 роки,4846.0,5483.0,UK,2026-05-22,adzuna
security analyst,security_analyst,Senior,5+ років,,,UK,2026-05-22,adzuna
seo specialist,seo,Middle,2-3 роки,4022.0,4762.0,UK,2026-05-22,adzuna
seo specialist,seo,Senior,5+ років,4022.0,4762.0,UK,2026-05-22,adzuna
social media manager,social_media,Middle,2-3 роки,3730.0,4233.0,UK,2026-05-22,adzuna
social media manager,social_media,Senior,5+ років,3926.0,4233.0,UK,2026-05-22,adzuna
sql dba database administrator,sql_dba,Middle,2-3 роки,4233.0,4762.0,UK,2026-05-22,adzuna
sql dba database administrator,sql_dba,Senior,5+ років,4233.0,4762.0,UK,2026-05-22,adzuna
technical support engineer,support,Middle,2-3 роки,4002.0,4377.0,UK,2026-05-22,adzuna
technical support engineer,support,Senior,5+ років,4002.0,4377.0,UK,2026-05-22,adzuna
svelte developer,svelte,Middle,2-3 роки,,,UK,2026-05-22,adzuna
svelte developer,svelte,Senior,5+ років,,,UK,2026-05-22,adzuna
symfony developer,symfony,Middle,2-3 роки,4224.0,4762.0,UK,2026-05-22,adzuna
symfony developer,symfony,Senior,5+ років,6350.0,6350.0,UK,2026-05-22,adzuna
system administrator linux,sysadmin,Middle,2-3 роки,5310.0,6350.0,UK,2026-05-22,adzuna
system administrator linux,sysadmin,Senior,5+ років,5490.0,6471.0,UK,2026-05-22,adzuna
ux designer,ui_ux,Middle,2-3 роки,5004.0,5005.0,UK,2026-05-22,adzuna
ux designer,ui_ux,Senior,5+ років,5534.0,5534.0,UK,2026-05-22,adzuna
unity developer,unity,Middle,2-3 роки,4037.0,4121.0,UK,2026-05-22,adzuna
unity developer,unity,Senior,5+ років,4076.0,4096.0,UK,2026-05-22,adzuna
unreal engine developer,unreal,Middle,2-3 роки,4215.0,4562.0,UK,2026-05-22,adzuna
unreal engine developer,unreal,Senior,5+ років,5015.0,5778.0,UK,2026-05-22,adzuna
ux researcher,ux_research,Middle,2-3 роки,5637.0,5637.0,UK,2026-05-22,adzuna
ux researcher,ux_research,Senior,5+ років,6510.0,6564.0,UK,2026-05-22,adzuna
vue.js developer,vue,Middle,2-3 роки,6277.0,6277.0,UK,2026-05-22,adzuna
vue.js developer,vue,Senior,5+ років,6631.0,8255.0,UK,2026-05-22,adzuna
winforms developer,winforms,Middle,2-3 роки,5383.0,7144.0,UK,2026-05-22,adzuna
winforms developer,winforms,Senior,5+ років,6879.0,8467.0,UK,2026-05-22,adzuna
wordpress developer,wordpress,Middle,2-3 роки,3699.0,3928.0,UK,2026-05-22,adzuna
wordpress developer,wordpress,Senior,5+ років,3729.0,3968.0,UK,2026-05-22,adzuna
wpf developer,wpf,Middle,2-3 роки,5027.0,6350.0,UK,2026-05-22,adzuna
wpf developer,wpf,Senior,5+ років,6350.0,6879.0,UK,2026-05-22,adzuna
xamarin developer,xamarin,Middle,2-3 роки,4346.0,4346.0,UK,2026-05-22,adzuna
xamarin developer,xamarin,Senior,5+ років,4346.0,4346.0,UK,2026-05-22,adzuna
yii developer,yii,Middle,2-3 роки,,,UK,2026-05-22,adzuna
yii developer,yii,Senior,5+ років,,,UK,2026-05-22,adzuna
2d animator,2d_animation,Middle,2-3 роки,6643.0,6742.0,US,2026-05-22,adzuna
2d animator,2d_animation,Senior,5+ років,6742.0,6863.0,US,2026-05-22,adzuna
2d artist,2d_artist,Middle,2-3 роки,7553.0,8333.0,US,2026-05-22,adzuna
2d artist,2d_artist,Senior,5+ років,7350.0,8448.0,US,2026-05-22,adzuna
3d animator,3d_animation,Middle,2-3 роки,6626.0,6663.0,US,2026-05-22,adzuna
3d animator,3d_animation,Senior,5+ років,6655.0,6667.0,US,2026-05-22,adzuna
3d artist,3d_artist,Middle,2-3 роки,6425.0,6722.0,US,2026-05-22,adzuna
3d artist,3d_artist,Senior,5+ років,6722.0,7083.0,US,2026-05-22,adzuna
accountant finance,accountant,Middle,2-3 роки,6065.0,6333.0,US,2026-05-22,adzuna
accountant finance,accountant,Senior,5+ років,6571.0,7095.0,US,2026-05-22,adzuna
affiliate manager,affiliate_manager,Middle,2-3 роки,6516.0,7130.0,US,2026-05-22,adzuna
affiliate manager,affiliate_manager,Senior,5+ років,6667.0,7222.0,US,2026-05-22,adzuna
android developer,android,Middle,2-3 роки,10764.0,10764.0,US,2026-05-22,adzuna
android developer,android,Senior,5+ років,10764.0,10764.0,US,2026-05-22,adzuna
angular developer,angular,Middle,2-3 роки,9017.0,9017.0,US,2026-05-22,adzuna
angular developer,angular,Senior,5+ років,9168.0,9168.0,US,2026-05-22,adzuna
asp.net developer,asp_net,Middle,2-3 роки,7772.0,7858.0,US,2026-05-22,adzuna
asp.net developer,asp_net,Senior,5+ років,7969.0,8076.0,US,2026-05-22,adzuna
blazor developer,blazor,Middle,2-3 роки,7002.0,7002.0,US,2026-05-22,adzuna
blazor developer,blazor,Senior,5+ років,7083.0,7192.0,US,2026-05-22,adzuna
business analyst IT,business_analyst,Middle,2-3 роки,4260.0,4260.0,US,2026-05-22,adzuna
business analyst IT,business_analyst,Senior,5+ років,,,US,2026-05-22,adzuna
c programmer,c,Middle,2-3 роки,8901.0,8901.0,US,2026-05-22,adzuna
c programmer,c,Senior,5+ років,9183.0,9214.0,US,2026-05-22,adzuna
chief business development officer,cbdo,Middle,2-3 роки,10277.0,10579.0,US,2026-05-22,adzuna
chief business development officer,cbdo,Senior,5+ років,10428.0,10600.0,US,2026-05-22,adzuna
chief commercial officer,cco,Middle,2-3 роки,15584.0,15801.0,US,2026-05-22,adzuna
chief commercial officer,cco,Senior,5+ років,16942.0,17891.0,US,2026-05-22,adzuna
chief executive officer tech,ceo,Middle,2-3 роки,,,US,2026-05-22,adzuna
chief executive officer tech,ceo,Senior,5+ років,,,US,2026-05-22,adzuna
chief financial officer tech,cfo,Middle,2-3 роки,,,US,2026-05-22,adzuna
chief financial officer tech,cfo,Senior,5+ років,,,US,2026-05-22,adzuna
chief information officer,cio,Middle,2-3 роки,13410.0,14075.0,US,2026-05-22,adzuna
chief information officer,cio,Senior,5+ років,14075.0,14276.0,US,2026-05-22,adzuna
chief marketing officer tech,cmo,Middle,2-3 роки,,,US,2026-05-22,adzuna
chief marketing officer tech,cmo,Senior,5+ років,,,US,2026-05-22,adzuna
content designer,content_design,Middle,2-3 роки,12497.0,12497.0,US,2026-05-22,adzuna
content designer,content_design,Senior,5+ років,12497.0,12497.0,US,2026-05-22,adzuna
content manager,content_manager,Middle,2-3 роки,5328.0,5328.0,US,2026-05-22,adzuna
content manager,content_manager,Senior,5+ років,8339.0,8339.0,US,2026-05-22,adzuna
content marketing manager,content_marketing,Middle,2-3 роки,,,US,2026-05-22,adzuna
content marketing manager,content_marketing,Senior,5+ років,9173.0,9173.0,US,2026-05-22,adzuna
content writer,content_writing,Middle,2-3 роки,5378.0,5882.0,US,2026-05-22,adzuna
content writer,content_writing,Senior,5+ років,5378.0,5882.0,US,2026-05-22,adzuna
chief operating officer,coo,Middle,2-3 роки,11219.0,11703.0,US,2026-05-22,adzuna
chief operating officer,coo,Senior,5+ років,11373.0,11676.0,US,2026-05-22,adzuna
c++ developer,cplusplus,Middle,2-3 роки,9678.0,9726.0,US,2026-05-22,adzuna
c++ developer,cplusplus,Senior,5+ років,9872.0,10091.0,US,2026-05-22,adzuna
chief product officer,cpo,Middle,2-3 роки,13111.0,13328.0,US,2026-05-22,adzuna
chief product officer,cpo,Senior,5+ років,14032.0,14167.0,US,2026-05-22,adzuna
c++ developer,cpp,Middle,2-3 роки,9678.0,9726.0,US,2026-05-22,adzuna
c++ developer,cpp,Senior,5+ років,9872.0,10091.0,US,2026-05-22,adzuna
chief technology officer,cto,Middle,2-3 роки,14541.0,15362.0,US,2026-05-22,adzuna
chief technology officer,cto,Senior,5+ років,14446.0,15025.0,US,2026-05-22,adzuna
data analyst,data_analyst,Middle,2-3 роки,7808.0,7808.0,US,2026-05-22,adzuna
data analyst,data_analyst,Senior,5+ років,7808.0,7808.0,US,2026-05-22,adzuna
data engineer,data_engineer,Middle,2-3 роки,10842.0,10887.0,US,2026-05-22,adzuna
data engineer,data_engineer,Senior,5+ років,10887.0,10924.0,US,2026-05-22,adzuna
data scientist,data_science,Middle,2-3 роки,12231.0,12340.0,US,2026-05-22,adzuna
data scientist,data_science,Senior,5+ років,12036.0,12316.0,US,2026-05-22,adzuna
delivery manager agile IT,delivery_manager,Middle,2-3 роки,,,US,2026-05-22,adzuna
delivery manager agile IT,delivery_manager,Senior,5+ років,,,US,2026-05-22,adzuna
graphic designer,design,Middle,2-3 роки,5755.0,5755.0,US,2026-05-22,adzuna
graphic designer,design,Senior,5+ років,5999.0,5999.0,US,2026-05-22,adzuna
devops engineer,dev_ops,Middle,2-3 роки,9633.0,9832.0,US,2026-05-22,adzuna
devops engineer,dev_ops,Senior,5+ років,9633.0,9832.0,US,2026-05-22,adzuna
digital marketing,digital_marketing,Middle,2-3 роки,7800.0,7800.0,US,2026-05-22,adzuna
digital marketing,digital_marketing,Senior,5+ років,7861.0,7861.0,US,2026-05-22,adzuna
digital marketing manager,digital_marketing_manager,Middle,2-3 роки,6186.0,6322.0,US,2026-05-22,adzuna
digital marketing manager,digital_marketing_manager,Senior,5+ років,6186.0,6322.0,US,2026-05-22,adzuna
.net developer,dotnet,Middle,2-3 роки,7805.0,7805.0,US,2026-05-22,adzuna
.net developer,dotnet,Senior,5+ років,7910.0,7910.0,US,2026-05-22,adzuna
.net cloud developer,dotnet_cloud,Middle,2-3 роки,10076.0,10076.0,US,2026-05-22,adzuna
.net cloud developer,dotnet_cloud,Senior,5+ років,10431.0,10962.0,US,2026-05-22,adzuna
.net desktop developer,dotnet_desktop,Middle,2-3 роки,9595.0,10571.0,US,2026-05-22,adzuna
.net desktop developer,dotnet_desktop,Senior,5+ років,9825.0,10458.0,US,2026-05-22,adzuna
.net mobile developer,dotnet_mobile,Middle,2-3 роки,8051.0,8051.0,US,2026-05-22,adzuna
.net mobile developer,dotnet_mobile,Senior,5+ років,9512.0,9512.0,US,2026-05-22,adzuna
asp.net web developer,dotnet_web,Middle,2-3 роки,8256.0,8256.0,US,2026-05-22,adzuna
asp.net web developer,dotnet_web,Senior,5+ років,8250.0,8250.0,US,2026-05-22,adzuna
drupal developer,drupal,Middle,2-3 роки,9140.0,10062.0,US,2026-05-22,adzuna
drupal developer,drupal,Senior,5+ років,9140.0,10061.0,US,2026-05-22,adzuna
elixir developer,elixir,Middle,2-3 роки,,,US,2026-05-22,adzuna
elixir developer,elixir,Senior,5+ років,12917.0,15336.0,US,2026-05-22,adzuna
embedded software engineer,embedded,Middle,2-3 роки,10411.0,10411.0,US,2026-05-22,adzuna
embedded software engineer,embedded,Senior,5+ років,11102.0,11102.0,US,2026-05-22,adzuna
software engineering manager,engineering_manager,Middle,2-3 роки,14327.0,14327.0,US,2026-05-22,adzuna
software engineering manager,engineering_manager,Senior,5+ років,14341.0,14341.0,US,2026-05-22,adzuna
erp developer,erp_systems,Middle,2-3 роки,8200.0,8307.0,US,2026-05-22,adzuna
erp developer,erp_systems,Senior,5+ років,8427.0,8846.0,US,2026-05-22,adzuna
finance manager,finance_manager,Middle,2-3 роки,8333.0,12083.0,US,2026-05-22,adzuna
finance manager,finance_manager,Senior,5+ років,8333.0,12083.0,US,2026-05-22,adzuna
financial analyst,finances,Middle,2-3 роки,7814.0,8146.0,US,2026-05-22,adzuna
financial analyst,finances,Senior,5+ років,7917.0,8595.0,US,2026-05-22,adzuna
financial analyst,financial_analyst,Middle,2-3 роки,7814.0,8146.0,US,2026-05-22,adzuna
financial analyst,financial_analyst,Senior,5+ років,7917.0,8595.0,US,2026-05-22,adzuna
flutter developer,flutter,Middle,2-3 роки,,,US,2026-05-22,adzuna
flutter developer,flutter,Senior,5+ років,15501.0,15501.0,US,2026-05-22,adzuna
fullstack developer,fullstack,Middle,2-3 роки,8364.0,8364.0,US,2026-05-22,adzuna
fullstack developer,fullstack,Senior,5+ років,8503.0,8503.0,US,2026-05-22,adzuna
game designer,game_design,Middle,2-3 роки,6968.0,7791.0,US,2026-05-22,adzuna
game designer,game_design,Senior,5+ років,7620.0,7905.0,US,2026-05-22,adzuna
game developer,game_developer,Middle,2-3 роки,7106.0,8471.0,US,2026-05-22,adzuna
game developer,game_developer,Senior,5+ років,8032.0,8796.0,US,2026-05-22,adzuna
unity developer,gamedev,Middle,2-3 роки,7298.0,9044.0,US,2026-05-22,adzuna
unity developer,gamedev,Senior,5+ років,9197.0,10410.0,US,2026-05-22,adzuna
golang developer,golang,Middle,2-3 роки,9701.0,9701.0,US,2026-05-22,adzuna
golang developer,golang,Senior,5+ років,9854.0,9854.0,US,2026-05-22,adzuna
graphic designer,graphic_design,Middle,2-3 роки,5755.0,5755.0,US,2026-05-22,adzuna
graphic designer,graphic_design,Senior,5+ років,5999.0,5999.0,US,2026-05-22,adzuna
head of software engineering,head_chief,Middle,2-3 роки,6787.0,6787.0,US,2026-05-22,adzuna
head of software engineering,head_chief,Senior,5+ років,7040.0,7040.0,US,2026-05-22,adzuna
hr manager,hr,Middle,2-3 роки,7990.0,7990.0,US,2026-05-22,adzuna
hr manager,hr,Senior,5+ років,8056.0,8056.0,US,2026-05-22,adzuna
illustrator designer,illustrator,Middle,2-3 роки,5899.0,6116.0,US,2026-05-22,adzuna
illustrator designer,illustrator,Senior,5+ років,6023.0,6155.0,US,2026-05-22,adzuna
information security engineer,information_security,Middle,2-3 роки,9497.0,9497.0,US,2026-05-22,adzuna
information security engineer,information_security,Senior,5+ років,9498.0,9498.0,US,2026-05-22,adzuna
ios developer,ios,Middle,2-3 роки,10173.0,10173.0,US,2026-05-22,adzuna
ios developer,ios,Senior,5+ років,10219.0,10219.0,US,2026-05-22,adzuna
java developer,java,Middle,2-3 роки,8463.0,8463.0,US,2026-05-22,adzuna
java developer,java,Senior,5+ років,8463.0,8463.0,US,2026-05-22,adzuna
javascript developer,javascript,Middle,2-3 роки,8869.0,9365.0,US,2026-05-22,adzuna
javascript developer,javascript,Senior,5+ років,12987.0,13044.0,US,2026-05-22,adzuna
kotlin developer,kotlin,Middle,2-3 роки,10721.0,10721.0,US,2026-05-22,adzuna
kotlin developer,kotlin,Senior,5+ років,11230.0,11230.0,US,2026-05-22,adzuna
laravel developer,laravel,Middle,2-3 роки,9159.0,9326.0,US,2026-05-22,adzuna
laravel developer,laravel,Senior,5+ років,9476.0,10003.0,US,2026-05-22,adzuna
tech lead,lead,Middle,2-3 роки,,,US,2026-05-22,adzuna
tech lead,lead,Senior,5+ років,15362.0,15362.0,US,2026-05-22,adzuna
lead generation manager,lead_generation,Middle,2-3 роки,6519.0,6991.0,US,2026-05-22,adzuna
lead generation manager,lead_generation,Senior,5+ років,6599.0,7326.0,US,2026-05-22,adzuna
magento developer,magento,Middle,2-3 роки,8545.0,8955.0,US,2026-05-22,adzuna
magento developer,magento,Senior,5+ років,8829.0,9203.0,US,2026-05-22,adzuna
marketing manager,marketing,Middle,2-3 роки,7758.0,7758.0,US,2026-05-22,adzuna
marketing manager,marketing,Senior,5+ років,7857.0,7857.0,US,2026-05-22,adzuna
marketing analyst,marketing_analyst,Middle,2-3 роки,6868.0,6868.0,US,2026-05-22,adzuna
marketing analyst,marketing_analyst,Senior,5+ років,8960.0,8960.0,US,2026-05-22,adzuna
.net maui developer,maui,Middle,2-3 роки,7764.0,7764.0,US,2026-05-22,adzuna
.net maui developer,maui,Senior,5+ років,7888.0,7888.0,US,2026-05-22,adzuna
media buyer,media_buying,Middle,2-3 роки,5983.0,6250.0,US,2026-05-22,adzuna
media buyer,media_buying,Senior,5+ років,5833.0,6250.0,US,2026-05-22,adzuna
machine learning engineer,ml_ai,Middle,2-3 роки,7431.0,7431.0,US,2026-05-22,adzuna
machine learning engineer,ml_ai,Senior,5+ років,7607.0,7607.0,US,2026-05-22,adzuna
motion designer,motion_design,Middle,2-3 роки,7383.0,8389.0,US,2026-05-22,adzuna
motion designer,motion_design,Senior,5+ років,7955.0,8947.0,US,2026-05-22,adzuna
microsoft dynamics developer,ms_dynamics,Middle,2-3 роки,9166.0,9166.0,US,2026-05-22,adzuna
microsoft dynamics developer,ms_dynamics,Senior,5+ років,13286.0,13903.0,US,2026-05-22,adzuna
no code developer,nocode,Middle,2-3 роки,7478.0,7478.0,US,2026-05-22,adzuna
no code developer,nocode,Senior,5+ років,6983.0,6983.0,US,2026-05-22,adzuna
node.js developer,node_js,Middle,2-3 роки,9549.0,9549.0,US,2026-05-22,adzuna
node.js developer,node_js,Senior,5+ років,9298.0,9298.0,US,2026-05-22,adzuna
odoo developer,odoo,Middle,2-3 роки,,,US,2026-05-22,adzuna
odoo developer,odoo,Senior,5+ років,7356.0,9167.0,US,2026-05-22,adzuna
penetration tester,penetration_tester,Middle,2-3 роки,9873.0,10201.0,US,2026-05-22,adzuna
penetration tester,penetration_tester,Senior,5+ років,10588.0,10903.0,US,2026-05-22,adzuna
php developer,php,Middle,2-3 роки,6722.0,7383.0,US,2026-05-22,adzuna
php developer,php,Senior,5+ років,7784.0,7817.0,US,2026-05-22,adzuna
ppc specialist,ppc,Middle,2-3 роки,4674.0,4858.0,US,2026-05-22,adzuna
ppc specialist,ppc,Senior,5+ років,4781.0,5000.0,US,2026-05-22,adzuna
pr manager,pr_manager,Middle,2-3 роки,10430.0,11988.0,US,2026-05-22,adzuna
pr manager,pr_manager,Senior,5+ років,10770.0,11723.0,US,2026-05-22,adzuna
product designer,product_design,Middle,2-3 роки,9768.0,9768.0,US,2026-05-22,adzuna
product designer,product_design,Senior,5+ років,9889.0,9889.0,US,2026-05-22,adzuna
product manager,product_manager,Middle,2-3 роки,8466.0,8466.0,US,2026-05-22,adzuna
product manager,product_manager,Senior,5+ років,8495.0,8495.0,US,2026-05-22,adzuna
product owner,product_owner,Middle,2-3 роки,9688.0,9688.0,US,2026-05-22,adzuna
product owner,product_owner,Senior,5+ років,9800.0,9800.0,US,2026-05-22,adzuna
IT project manager software,project_manager,Middle,2-3 роки,8520.0,8904.0,US,2026-05-22,adzuna
IT project manager software,project_manager,Senior,5+ років,8985.0,9162.0,US,2026-05-22,adzuna
python developer,python,Middle,2-3 роки,9685.0,9685.0,US,2026-05-22,adzuna
python developer,python,Senior,5+ років,9685.0,9685.0,US,2026-05-22,adzuna
qa engineer,qa,Middle,2-3 роки,6353.0,6353.0,US,2026-05-22,adzuna
qa engineer,qa,Senior,5+ років,6487.0,6487.0,US,2026-05-22,adzuna
qa automation engineer,qa_automation,Middle,2-3 роки,8716.0,8716.0,US,2026-05-22,adzuna
qa automation engineer,qa_automation,Senior,5+ років,8436.0,8436.0,US,2026-05-22,adzuna
manual qa tester,qa_manual,Middle,2-3 роки,6568.0,7078.0,US,2026-05-22,adzuna
manual qa tester,qa_manual,Senior,5+ років,6607.0,7095.0,US,2026-05-22,adzuna
react developer,react,Middle,2-3 роки,9703.0,9703.0,US,2026-05-22,adzuna
react developer,react,Senior,5+ років,9911.0,9911.0,US,2026-05-22,adzuna
react native developer,react_native,Middle,2-3 роки,8975.0,8975.0,US,2026-05-22,adzuna
react native developer,react_native,Senior,5+ років,9180.0,9325.0,US,2026-05-22,adzuna
it recruiter,recruiter,Middle,2-3 роки,6636.0,6636.0,US,2026-05-22,adzuna
it recruiter,recruiter,Senior,5+ років,6745.0,6745.0,US,2026-05-22,adzuna
ruby developer,ruby,Middle,2-3 роки,9042.0,10703.0,US,2026-05-22,adzuna
ruby developer,ruby,Senior,5+ років,9583.0,10833.0,US,2026-05-22,adzuna
rust developer,rust,Middle,2-3 роки,12636.0,12636.0,US,2026-05-22,adzuna
rust developer,rust,Senior,5+ років,12985.0,13093.0,US,2026-05-22,adzuna
sales manager,sales,Middle,2-3 роки,8011.0,8509.0,US,2026-05-22,adzuna
sales manager,sales,Senior,5+ років,8011.0,8509.0,US,2026-05-22,adzuna
sales director,sales_leadership,Middle,2-3 роки,10268.0,10308.0,US,2026-05-22,adzuna
sales director,sales_leadership,Senior,5+ років,10268.0,10308.0,US,2026-05-22,adzuna
sales manager,sales_manager,Middle,2-3 роки,8011.0,8509.0,US,2026-05-22,adzuna
sales manager,sales_manager,Senior,5+ років,8011.0,8509.0,US,2026-05-22,adzuna
salesforce developer,salesforce,Middle,2-3 роки,9913.0,9913.0,US,2026-05-22,adzuna
salesforce developer,salesforce,Senior,5+ років,10669.0,10669.0,US,2026-05-22,adzuna
sap developer,sap,Middle,2-3 роки,9753.0,9753.0,US,2026-05-22,adzuna
sap developer,sap,Senior,5+ років,9775.0,9775.0,US,2026-05-22,adzuna
scala developer,scala,Middle,2-3 роки,9787.0,9931.0,US,2026-05-22,adzuna
scala developer,scala,Senior,5+ років,9618.0,9902.0,US,2026-05-22,adzuna
scrum master,scrum_master,Middle,2-3 роки,8870.0,8870.0,US,2026-05-22,adzuna
scrum master,scrum_master,Senior,5+ років,8897.0,8897.0,US,2026-05-22,adzuna
security engineer,security,Middle,2-3 роки,10766.0,10934.0,US,2026-05-22,adzuna
security engineer,security,Senior,5+ років,10850.0,11819.0,US,2026-05-22,adzuna
security analyst,security_analyst,Middle,2-3 роки,7843.0,7893.0,US,2026-05-22,adzuna
security analyst,security_analyst,Senior,5+ років,7893.0,7901.0,US,2026-05-22,adzuna
seo specialist,seo,Middle,2-3 роки,7068.0,7068.0,US,2026-05-22,adzuna
seo specialist,seo,Senior,5+ років,7124.0,7124.0,US,2026-05-22,adzuna
social media manager,social_media,Middle,2-3 роки,5127.0,5272.0,US,2026-05-22,adzuna
social media manager,social_media,Senior,5+ років,5786.0,5841.0,US,2026-05-22,adzuna
sql dba database administrator,sql_dba,Middle,2-3 роки,9147.0,9147.0,US,2026-05-22,adzuna
sql dba database administrator,sql_dba,Senior,5+ років,9132.0,9132.0,US,2026-05-22,adzuna
technical support engineer,support,Middle,2-3 роки,8030.0,8030.0,US,2026-05-22,adzuna
technical support engineer,support,Senior,5+ років,8253.0,8253.0,US,2026-05-22,adzuna
svelte developer,svelte,Middle,2-3 роки,8023.0,9000.0,US,2026-05-22,adzuna
svelte developer,svelte,Senior,5+ років,11008.0,12102.0,US,2026-05-22,adzuna
symfony developer,symfony,Middle,2-3 роки,9328.0,9374.0,US,2026-05-22,adzuna
symfony developer,symfony,Senior,5+ років,9328.0,10085.0,US,2026-05-22,adzuna
system administrator linux,sysadmin,Middle,2-3 роки,9718.0,10480.0,US,2026-05-22,adzuna
system administrator linux,sysadmin,Senior,5+ років,9812.0,10750.0,US,2026-05-22,adzuna
ux designer,ui_ux,Middle,2-3 роки,9879.0,9879.0,US,2026-05-22,adzuna
ux designer,ui_ux,Senior,5+ років,9995.0,9995.0,US,2026-05-22,adzuna
unity developer,unity,Middle,2-3 роки,7298.0,9044.0,US,2026-05-22,adzuna
unity developer,unity,Senior,5+ років,9197.0,10410.0,US,2026-05-22,adzuna
unreal engine developer,unreal,Middle,2-3 роки,11474.0,11679.0,US,2026-05-22,adzuna
unreal engine developer,unreal,Senior,5+ років,10559.0,11679.0,US,2026-05-22,adzuna
ux researcher,ux_research,Middle,2-3 роки,11079.0,11079.0,US,2026-05-22,adzuna
ux researcher,ux_research,Senior,5+ років,11193.0,11193.0,US,2026-05-22,adzuna
vue.js developer,vue,Middle,2-3 роки,8512.0,8512.0,US,2026-05-22,adzuna
vue.js developer,vue,Senior,5+ років,9513.0,9528.0,US,2026-05-22,adzuna
winforms developer,winforms,Middle,2-3 роки,7417.0,8344.0,US,2026-05-22,adzuna
winforms developer,winforms,Senior,5+ років,8344.0,8860.0,US,2026-05-22,adzuna
wordpress developer,wordpress,Middle,2-3 роки,5072.0,5178.0,US,2026-05-22,adzuna
wordpress developer,wordpress,Senior,5+ років,5036.0,5246.0,US,2026-05-22,adzuna
wpf developer,wpf,Middle,2-3 роки,9371.0,9625.0,US,2026-05-22,adzuna
wpf developer,wpf,Senior,5+ років,9530.0,9648.0,US,2026-05-22,adzuna
xamarin developer,xamarin,Middle,2-3 роки,6930.0,6930.0,US,2026-05-22,adzuna
xamarin developer,xamarin,Senior,5+ років,8182.0,8814.0,US,2026-05-22,adzuna
yii developer,yii,Middle,2-3 роки,,,US,2026-05-22,adzuna
yii developer,yii,Senior,5+ років,,,US,2026-05-22,adzuna
