category_original,category_djinni,experience_original,experience_label,salary_min,salary_max,country,scrape_date,source
android developer,android,Middle,2-3 роки,5847.0,6879.0,UK,2026-05-19,itjobswatch
android developer,android,Senior,5+ років,6191.0,7567.0,UK,2026-05-19,itjobswatch
angular developer,angular,Middle,2-3 роки,5398.0,6350.0,UK,2026-05-19,itjobswatch
angular developer,angular,Senior,5+ років,,,UK,2026-05-19,itjobswatch
asp.net developer,asp_net,Middle,2-3 роки,5532.0,6509.0,UK,2026-05-19,itjobswatch
asp.net developer,asp_net,Senior,5+ років,5858.0,7160.0,UK,2026-05-19,itjobswatch
blazor developer,blazor,Middle,2-3 роки,5173.0,6085.0,UK,2026-05-19,itjobswatch
blazor developer,blazor,Senior,5+ років,,,UK,2026-05-19,itjobswatch
business analyst,business_analyst,Middle,2-3 роки,4948.0,5821.0,UK,2026-05-19,itjobswatch
business analyst,business_analyst,Senior,5+ років,6191.0,7567.0,UK,2026-05-19,itjobswatch
c programmer,c,Middle,2-3 роки,,,UK,2026-05-19,itjobswatch
c programmer,c,Senior,5+ років,,,UK,2026-05-19,itjobswatch
chief information officer,cio,Middle,2-3 роки,12594.0,14817.0,UK,2026-05-19,itjobswatch
chief information officer,cio,Senior,5+ років,,,UK,2026-05-19,itjobswatch
c++ developer,cplusplus,Middle,2-3 роки,5173.0,6085.0,UK,2026-05-19,itjobswatch
c++ developer,cplusplus,Senior,5+ років,6191.0,7567.0,UK,2026-05-19,itjobswatch
chief product officer,cpo,Middle,2-3 роки,11245.0,13229.0,UK,2026-05-19,itjobswatch
chief product officer,cpo,Senior,5+ років,,,UK,2026-05-19,itjobswatch
c++ developer,cpp,Middle,2-3 роки,5173.0,6085.0,UK,2026-05-19,itjobswatch
c++ developer,cpp,Senior,5+ років,6191.0,7567.0,UK,2026-05-19,itjobswatch
chief technology officer,cto,Middle,2-3 роки,7871.0,9260.0,UK,2026-05-19,itjobswatch
chief technology officer,cto,Senior,5+ років,,,UK,2026-05-19,itjobswatch
data analyst,data_analyst,Middle,2-3 роки,4048.0,4762.0,UK,2026-05-19,itjobswatch
data analyst,data_analyst,Senior,5+ років,5477.0,6694.0,UK,2026-05-19,itjobswatch
data engineer,data_engineer,Middle,2-3 роки,5847.0,6879.0,UK,2026-05-19,itjobswatch
data engineer,data_engineer,Senior,5+ років,6906.0,8440.0,UK,2026-05-19,itjobswatch
data scientist,data_science,Middle,2-3 роки,6297.0,7408.0,UK,2026-05-19,itjobswatch
data scientist,data_science,Senior,5+ років,7620.0,9313.0,UK,2026-05-19,itjobswatch
delivery manager,delivery_manager,Middle,2-3 роки,5173.0,6085.0,UK,2026-05-19,itjobswatch
delivery manager,delivery_manager,Senior,5+ років,6509.0,7956.0,UK,2026-05-19,itjobswatch
devops engineer,dev_ops,Middle,2-3 роки,6297.0,7408.0,UK,2026-05-19,itjobswatch
devops engineer,dev_ops,Senior,5+ років,7430.0,9080.0,UK,2026-05-19,itjobswatch
.net developer,dotnet,Middle,2-3 роки,5398.0,6350.0,UK,2026-05-19,itjobswatch
.net developer,dotnet,Senior,5+ років,6001.0,7334.0,UK,2026-05-19,itjobswatch
.net developer,dotnet_cloud,Middle,2-3 роки,5398.0,6350.0,UK,2026-05-19,itjobswatch
.net developer,dotnet_cloud,Senior,5+ років,6001.0,7334.0,UK,2026-05-19,itjobswatch
.net developer,dotnet_desktop,Middle,2-3 роки,5398.0,6350.0,UK,2026-05-19,itjobswatch
.net developer,dotnet_desktop,Senior,5+ років,6001.0,7334.0,UK,2026-05-19,itjobswatch
xamarin developer,dotnet_mobile,Middle,2-3 роки,4835.0,5689.0,UK,2026-05-19,itjobswatch
xamarin developer,dotnet_mobile,Senior,5+ років,6310.0,7713.0,UK,2026-05-19,itjobswatch
asp.net developer,dotnet_web,Middle,2-3 роки,5532.0,6509.0,UK,2026-05-19,itjobswatch
asp.net developer,dotnet_web,Senior,5+ років,5858.0,7160.0,UK,2026-05-19,itjobswatch
drupal developer,drupal,Middle,2-3 роки,5847.0,6879.0,UK,2026-05-19,itjobswatch
drupal developer,drupal,Senior,5+ років,5715.0,6985.0,UK,2026-05-19,itjobswatch
elixir developer,elixir,Middle,2-3 роки,8096.0,9525.0,UK,2026-05-19,itjobswatch
elixir developer,elixir,Senior,5+ років,,,UK,2026-05-19,itjobswatch
embedded software engineer,embedded,Middle,2-3 роки,4948.0,5821.0,UK,2026-05-19,itjobswatch
embedded software engineer,embedded,Senior,5+ років,5715.0,6985.0,UK,2026-05-19,itjobswatch
engineering manager,engineering_manager,Middle,2-3 роки,6972.0,8202.0,UK,2026-05-19,itjobswatch
engineering manager,engineering_manager,Senior,5+ років,,,UK,2026-05-19,itjobswatch
erp developer,erp_systems,Middle,2-3 роки,5398.0,6350.0,UK,2026-05-19,itjobswatch
erp developer,erp_systems,Senior,5+ років,,,UK,2026-05-19,itjobswatch
flutter developer,flutter,Middle,2-3 роки,5398.0,6350.0,UK,2026-05-19,itjobswatch
flutter developer,flutter,Senior,5+ років,,,UK,2026-05-19,itjobswatch
full stack developer,fullstack,Middle,2-3 роки,5398.0,6350.0,UK,2026-05-19,itjobswatch
full stack developer,fullstack,Senior,5+ років,6429.0,7858.0,UK,2026-05-19,itjobswatch
game designer,game_design,Middle,2-3 роки,,,UK,2026-05-19,itjobswatch
game designer,game_design,Senior,5+ років,,,UK,2026-05-19,itjobswatch
game developer,game_developer,Middle,2-3 роки,,,UK,2026-05-19,itjobswatch
game developer,game_developer,Senior,5+ років,,,UK,2026-05-19,itjobswatch
unity developer,gamedev,Middle,2-3 роки,,,UK,2026-05-19,itjobswatch
unity developer,gamedev,Senior,5+ років,,,UK,2026-05-19,itjobswatch
golang developer,golang,Middle,2-3 роки,,,UK,2026-05-19,itjobswatch
golang developer,golang,Senior,5+ років,,,UK,2026-05-19,itjobswatch
head of engineering,head_chief,Middle,2-3 роки,9221.0,10848.0,UK,2026-05-19,itjobswatch
head of engineering,head_chief,Senior,5+ років,,,UK,2026-05-19,itjobswatch
information security engineer,information_security,Middle,2-3 роки,6410.0,7541.0,UK,2026-05-19,itjobswatch
information security engineer,information_security,Senior,5+ років,6906.0,8440.0,UK,2026-05-19,itjobswatch
ios developer,ios,Middle,2-3 роки,5398.0,6350.0,UK,2026-05-19,itjobswatch
ios developer,ios,Senior,5+ років,6239.0,7625.0,UK,2026-05-19,itjobswatch
java developer,java,Middle,2-3 роки,6747.0,7938.0,UK,2026-05-19,itjobswatch
java developer,java,Senior,5+ років,7858.0,9604.0,UK,2026-05-19,itjobswatch
javascript developer,javascript,Middle,2-3 роки,5398.0,6350.0,UK,2026-05-19,itjobswatch
javascript developer,javascript,Senior,5+ років,6810.0,8324.0,UK,2026-05-19,itjobswatch
kotlin developer,kotlin,Middle,2-3 роки,,,UK,2026-05-19,itjobswatch
kotlin developer,kotlin,Senior,5+ років,,,UK,2026-05-19,itjobswatch
laravel developer,laravel,Middle,2-3 роки,,,UK,2026-05-19,itjobswatch
laravel developer,laravel,Senior,5+ років,,,UK,2026-05-19,itjobswatch
tech lead,lead,Middle,2-3 роки,,,UK,2026-05-19,itjobswatch
tech lead,lead,Senior,5+ років,,,UK,2026-05-19,itjobswatch
magento developer,magento,Middle,2-3 роки,3936.0,4630.0,UK,2026-05-19,itjobswatch
magento developer,magento,Senior,5+ років,4286.0,5239.0,UK,2026-05-19,itjobswatch
maui developer,maui,Middle,2-3 роки,,,UK,2026-05-19,itjobswatch
maui developer,maui,Senior,5+ років,,,UK,2026-05-19,itjobswatch
machine learning engineer,ml_ai,Middle,2-3 роки,7534.0,8864.0,UK,2026-05-19,itjobswatch
machine learning engineer,ml_ai,Senior,5+ років,,,UK,2026-05-19,itjobswatch
ms dynamics developer,ms_dynamics,Middle,2-3 роки,,,UK,2026-05-19,itjobswatch
ms dynamics developer,ms_dynamics,Senior,5+ років,,,UK,2026-05-19,itjobswatch
no code developer,nocode,Middle,2-3 роки,,,UK,2026-05-19,itjobswatch
no code developer,nocode,Senior,5+ років,,,UK,2026-05-19,itjobswatch
node.js developer,node_js,Middle,2-3 роки,5398.0,6350.0,UK,2026-05-19,itjobswatch
node.js developer,node_js,Senior,5+ років,,,UK,2026-05-19,itjobswatch
odoo developer,odoo,Middle,2-3 роки,,,UK,2026-05-19,itjobswatch
odoo developer,odoo,Senior,5+ років,,,UK,2026-05-19,itjobswatch
penetration tester,penetration_tester,Middle,2-3 роки,5847.0,6879.0,UK,2026-05-19,itjobswatch
penetration tester,penetration_tester,Senior,5+ років,6668.0,8149.0,UK,2026-05-19,itjobswatch
php developer,php,Middle,2-3 роки,4048.0,4762.0,UK,2026-05-19,itjobswatch
php developer,php,Senior,5+ років,5239.0,6403.0,UK,2026-05-19,itjobswatch
product designer,product_design,Middle,2-3 роки,6297.0,7408.0,UK,2026-05-19,itjobswatch
product designer,product_design,Senior,5+ років,7620.0,9313.0,UK,2026-05-19,itjobswatch
product manager,product_manager,Middle,2-3 роки,6148.0,7232.0,UK,2026-05-19,itjobswatch
product manager,product_manager,Senior,5+ років,7030.0,8592.0,UK,2026-05-19,itjobswatch
product owner,product_owner,Middle,2-3 роки,5847.0,6879.0,UK,2026-05-19,itjobswatch
product owner,product_owner,Senior,5+ років,5980.0,7309.0,UK,2026-05-19,itjobswatch
it project manager,project_manager,Middle,2-3 роки,4723.0,5556.0,UK,2026-05-19,itjobswatch
it project manager,project_manager,Senior,5+ років,5715.0,6985.0,UK,2026-05-19,itjobswatch
python developer,python,Middle,2-3 роки,8096.0,9525.0,UK,2026-05-19,itjobswatch
python developer,python,Senior,5+ років,8096.0,9895.0,UK,2026-05-19,itjobswatch
qa engineer,qa,Middle,2-3 роки,4498.0,5292.0,UK,2026-05-19,itjobswatch
qa engineer,qa,Senior,5+ років,6191.0,7567.0,UK,2026-05-19,itjobswatch
qa automation engineer,qa_automation,Middle,2-3 роки,4948.0,5821.0,UK,2026-05-19,itjobswatch
qa automation engineer,qa_automation,Senior,5+ років,,,UK,2026-05-19,itjobswatch
manual tester,qa_manual,Middle,2-3 роки,4498.0,5292.0,UK,2026-05-19,itjobswatch
manual tester,qa_manual,Senior,5+ років,4762.0,5821.0,UK,2026-05-19,itjobswatch
react developer,react,Middle,2-3 роки,6297.0,7408.0,UK,2026-05-19,itjobswatch
react developer,react,Senior,5+ років,6191.0,7567.0,UK,2026-05-19,itjobswatch
react native developer,react_native,Middle,2-3 роки,,,UK,2026-05-19,itjobswatch
react native developer,react_native,Senior,5+ років,,,UK,2026-05-19,itjobswatch
it recruiter,recruiter,Middle,2-3 роки,,,UK,2026-05-19,itjobswatch
it recruiter,recruiter,Senior,5+ років,,,UK,2026-05-19,itjobswatch
ruby developer,ruby,Middle,2-3 роки,6297.0,7408.0,UK,2026-05-19,itjobswatch
ruby developer,ruby,Senior,5+ років,7382.0,9022.0,UK,2026-05-19,itjobswatch
rust developer,rust,Middle,2-3 роки,9895.0,11642.0,UK,2026-05-19,itjobswatch
rust developer,rust,Senior,5+ років,,,UK,2026-05-19,itjobswatch
salesforce developer,salesforce,Middle,2-3 роки,5622.0,6615.0,UK,2026-05-19,itjobswatch
salesforce developer,salesforce,Senior,5+ років,6191.0,7567.0,UK,2026-05-19,itjobswatch
sap developer,sap,Middle,2-3 роки,6072.0,7144.0,UK,2026-05-19,itjobswatch
sap developer,sap,Senior,5+ років,5001.0,6112.0,UK,2026-05-19,itjobswatch
scala developer,scala,Middle,2-3 роки,5398.0,6350.0,UK,2026-05-19,itjobswatch
scala developer,scala,Senior,5+ років,7620.0,9313.0,UK,2026-05-19,itjobswatch
scrum master,scrum_master,Middle,2-3 роки,,,UK,2026-05-19,itjobswatch
scrum master,scrum_master,Senior,5+ років,,,UK,2026-05-19,itjobswatch
security engineer,security,Middle,2-3 роки,5398.0,6350.0,UK,2026-05-19,itjobswatch
security engineer,security,Senior,5+ років,6674.0,8158.0,UK,2026-05-19,itjobswatch
security analyst,security_analyst,Middle,2-3 роки,4723.0,5556.0,UK,2026-05-19,itjobswatch
security analyst,security_analyst,Senior,5+ років,6668.0,8149.0,UK,2026-05-19,itjobswatch
sql dba,sql_dba,Middle,2-3 роки,5173.0,6085.0,UK,2026-05-19,itjobswatch
sql dba,sql_dba,Senior,5+ років,5834.0,7131.0,UK,2026-05-19,itjobswatch
technical support engineer,support,Middle,2-3 роки,3149.0,3704.0,UK,2026-05-19,itjobswatch
technical support engineer,support,Senior,5+ років,5001.0,6112.0,UK,2026-05-19,itjobswatch
svelte developer,svelte,Middle,2-3 роки,,,UK,2026-05-19,itjobswatch
svelte developer,svelte,Senior,5+ років,,,UK,2026-05-19,itjobswatch
symfony developer,symfony,Middle,2-3 роки,3598.0,4233.0,UK,2026-05-19,itjobswatch
symfony developer,symfony,Senior,5+ років,,,UK,2026-05-19,itjobswatch
systems administrator,sysadmin,Middle,2-3 роки,3634.0,4276.0,UK,2026-05-19,itjobswatch
systems administrator,sysadmin,Senior,5+ років,4891.0,5978.0,UK,2026-05-19,itjobswatch
ux designer,ui_ux,Middle,2-3 роки,4498.0,5292.0,UK,2026-05-19,itjobswatch
ux designer,ui_ux,Senior,5+ років,5715.0,6985.0,UK,2026-05-19,itjobswatch
unity developer,unity,Middle,2-3 роки,,,UK,2026-05-19,itjobswatch
unity developer,unity,Senior,5+ років,,,UK,2026-05-19,itjobswatch
unreal engine developer,unreal,Middle,2-3 роки,,,UK,2026-05-19,itjobswatch
unreal engine developer,unreal,Senior,5+ років,,,UK,2026-05-19,itjobswatch
ux researcher,ux_research,Middle,2-3 роки,,,UK,2026-05-19,itjobswatch
ux researcher,ux_research,Senior,5+ років,,,UK,2026-05-19,itjobswatch
vue.js developer,vue,Middle,2-3 роки,,,UK,2026-05-19,itjobswatch
vue.js developer,vue,Senior,5+ років,,,UK,2026-05-19,itjobswatch
wordpress developer,wordpress,Middle,2-3 роки,3373.0,3969.0,UK,2026-05-19,itjobswatch
wordpress developer,wordpress,Senior,5+ років,6429.0,7858.0,UK,2026-05-19,itjobswatch
wpf developer,wpf,Middle,2-3 роки,4498.0,5292.0,UK,2026-05-19,itjobswatch
wpf developer,wpf,Senior,5+ років,5715.0,6985.0,UK,2026-05-19,itjobswatch
xamarin developer,xamarin,Middle,2-3 роки,4835.0,5689.0,UK,2026-05-19,itjobswatch
xamarin developer,xamarin,Senior,5+ років,6310.0,7713.0,UK,2026-05-19,itjobswatch
android developer,android,Middle,2-3 роки,5847.0,6879.0,UK,2026-05-20,itjobswatch
android developer,android,Senior,5+ років,6191.0,7567.0,UK,2026-05-20,itjobswatch
angular developer,angular,Middle,2-3 роки,5398.0,6350.0,UK,2026-05-20,itjobswatch
angular developer,angular,Senior,5+ років,,,UK,2026-05-20,itjobswatch
asp.net developer,asp_net,Middle,2-3 роки,5532.0,6509.0,UK,2026-05-20,itjobswatch
asp.net developer,asp_net,Senior,5+ років,5858.0,7160.0,UK,2026-05-20,itjobswatch
blazor developer,blazor,Middle,2-3 роки,5173.0,6085.0,UK,2026-05-20,itjobswatch
blazor developer,blazor,Senior,5+ років,,,UK,2026-05-20,itjobswatch
business analyst,business_analyst,Middle,2-3 роки,4948.0,5821.0,UK,2026-05-20,itjobswatch
business analyst,business_analyst,Senior,5+ років,6191.0,7567.0,UK,2026-05-20,itjobswatch
c programmer,c,Middle,2-3 роки,,,UK,2026-05-20,itjobswatch
c programmer,c,Senior,5+ років,,,UK,2026-05-20,itjobswatch
chief information officer,cio,Middle,2-3 роки,12594.0,14817.0,UK,2026-05-20,itjobswatch
chief information officer,cio,Senior,5+ років,,,UK,2026-05-20,itjobswatch
c++ developer,cplusplus,Middle,2-3 роки,5173.0,6085.0,UK,2026-05-20,itjobswatch
c++ developer,cplusplus,Senior,5+ років,6191.0,7567.0,UK,2026-05-20,itjobswatch
chief product officer,cpo,Middle,2-3 роки,11245.0,13229.0,UK,2026-05-20,itjobswatch
chief product officer,cpo,Senior,5+ років,,,UK,2026-05-20,itjobswatch
c++ developer,cpp,Middle,2-3 роки,5173.0,6085.0,UK,2026-05-20,itjobswatch
c++ developer,cpp,Senior,5+ років,6191.0,7567.0,UK,2026-05-20,itjobswatch
chief technology officer,cto,Middle,2-3 роки,7871.0,9260.0,UK,2026-05-20,itjobswatch
chief technology officer,cto,Senior,5+ років,,,UK,2026-05-20,itjobswatch
data analyst,data_analyst,Middle,2-3 роки,4048.0,4762.0,UK,2026-05-20,itjobswatch
data analyst,data_analyst,Senior,5+ років,5477.0,6694.0,UK,2026-05-20,itjobswatch
data engineer,data_engineer,Middle,2-3 роки,5847.0,6879.0,UK,2026-05-20,itjobswatch
data engineer,data_engineer,Senior,5+ років,6906.0,8440.0,UK,2026-05-20,itjobswatch
data scientist,data_science,Middle,2-3 роки,6297.0,7408.0,UK,2026-05-20,itjobswatch
data scientist,data_science,Senior,5+ років,7620.0,9313.0,UK,2026-05-20,itjobswatch
delivery manager,delivery_manager,Middle,2-3 роки,5173.0,6085.0,UK,2026-05-20,itjobswatch
delivery manager,delivery_manager,Senior,5+ років,6509.0,7956.0,UK,2026-05-20,itjobswatch
devops engineer,dev_ops,Middle,2-3 роки,6297.0,7408.0,UK,2026-05-20,itjobswatch
devops engineer,dev_ops,Senior,5+ років,7430.0,9080.0,UK,2026-05-20,itjobswatch
.net developer,dotnet,Middle,2-3 роки,5398.0,6350.0,UK,2026-05-20,itjobswatch
.net developer,dotnet,Senior,5+ років,6001.0,7334.0,UK,2026-05-20,itjobswatch
.net developer,dotnet_cloud,Middle,2-3 роки,5398.0,6350.0,UK,2026-05-20,itjobswatch
.net developer,dotnet_cloud,Senior,5+ років,6001.0,7334.0,UK,2026-05-20,itjobswatch
.net developer,dotnet_desktop,Middle,2-3 роки,5398.0,6350.0,UK,2026-05-20,itjobswatch
.net developer,dotnet_desktop,Senior,5+ років,6001.0,7334.0,UK,2026-05-20,itjobswatch
xamarin developer,dotnet_mobile,Middle,2-3 роки,4835.0,5689.0,UK,2026-05-20,itjobswatch
xamarin developer,dotnet_mobile,Senior,5+ років,6310.0,7713.0,UK,2026-05-20,itjobswatch
asp.net developer,dotnet_web,Middle,2-3 роки,5532.0,6509.0,UK,2026-05-20,itjobswatch
asp.net developer,dotnet_web,Senior,5+ років,5858.0,7160.0,UK,2026-05-20,itjobswatch
drupal developer,drupal,Middle,2-3 роки,5847.0,6879.0,UK,2026-05-20,itjobswatch
drupal developer,drupal,Senior,5+ років,5715.0,6985.0,UK,2026-05-20,itjobswatch
elixir developer,elixir,Middle,2-3 роки,8096.0,9525.0,UK,2026-05-20,itjobswatch
elixir developer,elixir,Senior,5+ років,,,UK,2026-05-20,itjobswatch
embedded software engineer,embedded,Middle,2-3 роки,4948.0,5821.0,UK,2026-05-20,itjobswatch
embedded software engineer,embedded,Senior,5+ років,5715.0,6985.0,UK,2026-05-20,itjobswatch
engineering manager,engineering_manager,Middle,2-3 роки,6972.0,8202.0,UK,2026-05-20,itjobswatch
engineering manager,engineering_manager,Senior,5+ років,,,UK,2026-05-20,itjobswatch
erp developer,erp_systems,Middle,2-3 роки,5398.0,6350.0,UK,2026-05-20,itjobswatch
erp developer,erp_systems,Senior,5+ років,,,UK,2026-05-20,itjobswatch
flutter developer,flutter,Middle,2-3 роки,5398.0,6350.0,UK,2026-05-20,itjobswatch
flutter developer,flutter,Senior,5+ років,,,UK,2026-05-20,itjobswatch
full stack developer,fullstack,Middle,2-3 роки,5398.0,6350.0,UK,2026-05-20,itjobswatch
full stack developer,fullstack,Senior,5+ років,6429.0,7858.0,UK,2026-05-20,itjobswatch
game designer,game_design,Middle,2-3 роки,,,UK,2026-05-20,itjobswatch
game designer,game_design,Senior,5+ років,,,UK,2026-05-20,itjobswatch
game developer,game_developer,Middle,2-3 роки,,,UK,2026-05-20,itjobswatch
game developer,game_developer,Senior,5+ років,,,UK,2026-05-20,itjobswatch
unity developer,gamedev,Middle,2-3 роки,,,UK,2026-05-20,itjobswatch
unity developer,gamedev,Senior,5+ років,,,UK,2026-05-20,itjobswatch
golang developer,golang,Middle,2-3 роки,,,UK,2026-05-20,itjobswatch
golang developer,golang,Senior,5+ років,,,UK,2026-05-20,itjobswatch
head of engineering,head_chief,Middle,2-3 роки,9221.0,10848.0,UK,2026-05-20,itjobswatch
head of engineering,head_chief,Senior,5+ років,,,UK,2026-05-20,itjobswatch
information security engineer,information_security,Middle,2-3 роки,6410.0,7541.0,UK,2026-05-20,itjobswatch
information security engineer,information_security,Senior,5+ років,6906.0,8440.0,UK,2026-05-20,itjobswatch
ios developer,ios,Middle,2-3 роки,5398.0,6350.0,UK,2026-05-20,itjobswatch
ios developer,ios,Senior,5+ років,6239.0,7625.0,UK,2026-05-20,itjobswatch
java developer,java,Middle,2-3 роки,6747.0,7938.0,UK,2026-05-20,itjobswatch
java developer,java,Senior,5+ років,7858.0,9604.0,UK,2026-05-20,itjobswatch
javascript developer,javascript,Middle,2-3 роки,5398.0,6350.0,UK,2026-05-20,itjobswatch
javascript developer,javascript,Senior,5+ років,6810.0,8324.0,UK,2026-05-20,itjobswatch
kotlin developer,kotlin,Middle,2-3 роки,,,UK,2026-05-20,itjobswatch
kotlin developer,kotlin,Senior,5+ років,,,UK,2026-05-20,itjobswatch
laravel developer,laravel,Middle,2-3 роки,,,UK,2026-05-20,itjobswatch
laravel developer,laravel,Senior,5+ років,,,UK,2026-05-20,itjobswatch
tech lead,lead,Middle,2-3 роки,,,UK,2026-05-20,itjobswatch
tech lead,lead,Senior,5+ років,,,UK,2026-05-20,itjobswatch
magento developer,magento,Middle,2-3 роки,3936.0,4630.0,UK,2026-05-20,itjobswatch
magento developer,magento,Senior,5+ років,4286.0,5239.0,UK,2026-05-20,itjobswatch
maui developer,maui,Middle,2-3 роки,,,UK,2026-05-20,itjobswatch
maui developer,maui,Senior,5+ років,,,UK,2026-05-20,itjobswatch
machine learning engineer,ml_ai,Middle,2-3 роки,7534.0,8864.0,UK,2026-05-20,itjobswatch
machine learning engineer,ml_ai,Senior,5+ років,,,UK,2026-05-20,itjobswatch
ms dynamics developer,ms_dynamics,Middle,2-3 роки,,,UK,2026-05-20,itjobswatch
ms dynamics developer,ms_dynamics,Senior,5+ років,,,UK,2026-05-20,itjobswatch
no code developer,nocode,Middle,2-3 роки,,,UK,2026-05-20,itjobswatch
no code developer,nocode,Senior,5+ років,,,UK,2026-05-20,itjobswatch
node.js developer,node_js,Middle,2-3 роки,5398.0,6350.0,UK,2026-05-20,itjobswatch
node.js developer,node_js,Senior,5+ років,,,UK,2026-05-20,itjobswatch
odoo developer,odoo,Middle,2-3 роки,,,UK,2026-05-20,itjobswatch
odoo developer,odoo,Senior,5+ років,,,UK,2026-05-20,itjobswatch
penetration tester,penetration_tester,Middle,2-3 роки,5847.0,6879.0,UK,2026-05-20,itjobswatch
penetration tester,penetration_tester,Senior,5+ років,6668.0,8149.0,UK,2026-05-20,itjobswatch
php developer,php,Middle,2-3 роки,4048.0,4762.0,UK,2026-05-20,itjobswatch
php developer,php,Senior,5+ років,5239.0,6403.0,UK,2026-05-20,itjobswatch
product designer,product_design,Middle,2-3 роки,6297.0,7408.0,UK,2026-05-20,itjobswatch
product designer,product_design,Senior,5+ років,7620.0,9313.0,UK,2026-05-20,itjobswatch
product manager,product_manager,Middle,2-3 роки,6148.0,7232.0,UK,2026-05-20,itjobswatch
product manager,product_manager,Senior,5+ років,7030.0,8592.0,UK,2026-05-20,itjobswatch
product owner,product_owner,Middle,2-3 роки,5847.0,6879.0,UK,2026-05-20,itjobswatch
product owner,product_owner,Senior,5+ років,5980.0,7309.0,UK,2026-05-20,itjobswatch
it project manager,project_manager,Middle,2-3 роки,4723.0,5556.0,UK,2026-05-20,itjobswatch
it project manager,project_manager,Senior,5+ років,5715.0,6985.0,UK,2026-05-20,itjobswatch
python developer,python,Middle,2-3 роки,8096.0,9525.0,UK,2026-05-20,itjobswatch
python developer,python,Senior,5+ років,8096.0,9895.0,UK,2026-05-20,itjobswatch
qa engineer,qa,Middle,2-3 роки,4498.0,5292.0,UK,2026-05-20,itjobswatch
qa engineer,qa,Senior,5+ років,6191.0,7567.0,UK,2026-05-20,itjobswatch
qa automation engineer,qa_automation,Middle,2-3 роки,4948.0,5821.0,UK,2026-05-20,itjobswatch
qa automation engineer,qa_automation,Senior,5+ років,,,UK,2026-05-20,itjobswatch
manual tester,qa_manual,Middle,2-3 роки,4498.0,5292.0,UK,2026-05-20,itjobswatch
manual tester,qa_manual,Senior,5+ років,4762.0,5821.0,UK,2026-05-20,itjobswatch
react developer,react,Middle,2-3 роки,6297.0,7408.0,UK,2026-05-20,itjobswatch
react developer,react,Senior,5+ років,6191.0,7567.0,UK,2026-05-20,itjobswatch
react native developer,react_native,Middle,2-3 роки,,,UK,2026-05-20,itjobswatch
react native developer,react_native,Senior,5+ років,,,UK,2026-05-20,itjobswatch
it recruiter,recruiter,Middle,2-3 роки,,,UK,2026-05-20,itjobswatch
it recruiter,recruiter,Senior,5+ років,,,UK,2026-05-20,itjobswatch
ruby developer,ruby,Middle,2-3 роки,6297.0,7408.0,UK,2026-05-20,itjobswatch
ruby developer,ruby,Senior,5+ років,7382.0,9022.0,UK,2026-05-20,itjobswatch
rust developer,rust,Middle,2-3 роки,9895.0,11642.0,UK,2026-05-20,itjobswatch
rust developer,rust,Senior,5+ років,,,UK,2026-05-20,itjobswatch
salesforce developer,salesforce,Middle,2-3 роки,5622.0,6615.0,UK,2026-05-20,itjobswatch
salesforce developer,salesforce,Senior,5+ років,6191.0,7567.0,UK,2026-05-20,itjobswatch
sap developer,sap,Middle,2-3 роки,6072.0,7144.0,UK,2026-05-20,itjobswatch
sap developer,sap,Senior,5+ років,5001.0,6112.0,UK,2026-05-20,itjobswatch
scala developer,scala,Middle,2-3 роки,5398.0,6350.0,UK,2026-05-20,itjobswatch
scala developer,scala,Senior,5+ років,7620.0,9313.0,UK,2026-05-20,itjobswatch
scrum master,scrum_master,Middle,2-3 роки,,,UK,2026-05-20,itjobswatch
scrum master,scrum_master,Senior,5+ років,,,UK,2026-05-20,itjobswatch
security engineer,security,Middle,2-3 роки,5398.0,6350.0,UK,2026-05-20,itjobswatch
security engineer,security,Senior,5+ років,6674.0,8158.0,UK,2026-05-20,itjobswatch
security analyst,security_analyst,Middle,2-3 роки,4723.0,5556.0,UK,2026-05-20,itjobswatch
security analyst,security_analyst,Senior,5+ років,6668.0,8149.0,UK,2026-05-20,itjobswatch
sql dba,sql_dba,Middle,2-3 роки,5173.0,6085.0,UK,2026-05-20,itjobswatch
sql dba,sql_dba,Senior,5+ років,5834.0,7131.0,UK,2026-05-20,itjobswatch
technical support engineer,support,Middle,2-3 роки,3149.0,3704.0,UK,2026-05-20,itjobswatch
technical support engineer,support,Senior,5+ років,5001.0,6112.0,UK,2026-05-20,itjobswatch
svelte developer,svelte,Middle,2-3 роки,,,UK,2026-05-20,itjobswatch
svelte developer,svelte,Senior,5+ років,,,UK,2026-05-20,itjobswatch
symfony developer,symfony,Middle,2-3 роки,3598.0,4233.0,UK,2026-05-20,itjobswatch
symfony developer,symfony,Senior,5+ років,,,UK,2026-05-20,itjobswatch
systems administrator,sysadmin,Middle,2-3 роки,3634.0,4276.0,UK,2026-05-20,itjobswatch
systems administrator,sysadmin,Senior,5+ років,4891.0,5978.0,UK,2026-05-20,itjobswatch
ux designer,ui_ux,Middle,2-3 роки,4498.0,5292.0,UK,2026-05-20,itjobswatch
ux designer,ui_ux,Senior,5+ років,5715.0,6985.0,UK,2026-05-20,itjobswatch
unity developer,unity,Middle,2-3 роки,,,UK,2026-05-20,itjobswatch
unity developer,unity,Senior,5+ років,,,UK,2026-05-20,itjobswatch
unreal engine developer,unreal,Middle,2-3 роки,,,UK,2026-05-20,itjobswatch
unreal engine developer,unreal,Senior,5+ років,,,UK,2026-05-20,itjobswatch
ux researcher,ux_research,Middle,2-3 роки,,,UK,2026-05-20,itjobswatch
ux researcher,ux_research,Senior,5+ років,,,UK,2026-05-20,itjobswatch
vue.js developer,vue,Middle,2-3 роки,,,UK,2026-05-20,itjobswatch
vue.js developer,vue,Senior,5+ років,,,UK,2026-05-20,itjobswatch
wordpress developer,wordpress,Middle,2-3 роки,3373.0,3969.0,UK,2026-05-20,itjobswatch
wordpress developer,wordpress,Senior,5+ років,6429.0,7858.0,UK,2026-05-20,itjobswatch
wpf developer,wpf,Middle,2-3 роки,4498.0,5292.0,UK,2026-05-20,itjobswatch
wpf developer,wpf,Senior,5+ років,5715.0,6985.0,UK,2026-05-20,itjobswatch
xamarin developer,xamarin,Middle,2-3 роки,4835.0,5689.0,UK,2026-05-20,itjobswatch
xamarin developer,xamarin,Senior,5+ років,6310.0,7713.0,UK,2026-05-20,itjobswatch
android developer,android,Middle,2-3 роки,5847.0,6879.0,UK,2026-05-21,itjobswatch
android developer,android,Senior,5+ років,6191.0,7567.0,UK,2026-05-21,itjobswatch
angular developer,angular,Middle,2-3 роки,5398.0,6350.0,UK,2026-05-21,itjobswatch
angular developer,angular,Senior,5+ років,,,UK,2026-05-21,itjobswatch
asp.net developer,asp_net,Middle,2-3 роки,5532.0,6509.0,UK,2026-05-21,itjobswatch
asp.net developer,asp_net,Senior,5+ років,5858.0,7160.0,UK,2026-05-21,itjobswatch
blazor developer,blazor,Middle,2-3 роки,5398.0,6350.0,UK,2026-05-21,itjobswatch
blazor developer,blazor,Senior,5+ років,,,UK,2026-05-21,itjobswatch
business analyst,business_analyst,Middle,2-3 роки,4948.0,5821.0,UK,2026-05-21,itjobswatch
business analyst,business_analyst,Senior,5+ років,6191.0,7567.0,UK,2026-05-21,itjobswatch
c programmer,c,Middle,2-3 роки,,,UK,2026-05-21,itjobswatch
c programmer,c,Senior,5+ років,,,UK,2026-05-21,itjobswatch
chief information officer,cio,Middle,2-3 роки,12594.0,14817.0,UK,2026-05-21,itjobswatch
chief information officer,cio,Senior,5+ років,,,UK,2026-05-21,itjobswatch
c++ developer,cplusplus,Middle,2-3 роки,5173.0,6085.0,UK,2026-05-21,itjobswatch
c++ developer,cplusplus,Senior,5+ років,6668.0,8149.0,UK,2026-05-21,itjobswatch
chief product officer,cpo,Middle,2-3 роки,11245.0,13229.0,UK,2026-05-21,itjobswatch
chief product officer,cpo,Senior,5+ років,,,UK,2026-05-21,itjobswatch
c++ developer,cpp,Middle,2-3 роки,5173.0,6085.0,UK,2026-05-21,itjobswatch
c++ developer,cpp,Senior,5+ років,6668.0,8149.0,UK,2026-05-21,itjobswatch
chief technology officer,cto,Middle,2-3 роки,8209.0,9657.0,UK,2026-05-21,itjobswatch
chief technology officer,cto,Senior,5+ років,,,UK,2026-05-21,itjobswatch
data analyst,data_analyst,Middle,2-3 роки,4048.0,4762.0,UK,2026-05-21,itjobswatch
data analyst,data_analyst,Senior,5+ років,5477.0,6694.0,UK,2026-05-21,itjobswatch
data engineer,data_engineer,Middle,2-3 роки,5847.0,6879.0,UK,2026-05-21,itjobswatch
data engineer,data_engineer,Senior,5+ років,6906.0,8440.0,UK,2026-05-21,itjobswatch
data scientist,data_science,Middle,2-3 роки,6297.0,7408.0,UK,2026-05-21,itjobswatch
data scientist,data_science,Senior,5+ років,7620.0,9313.0,UK,2026-05-21,itjobswatch
delivery manager,delivery_manager,Middle,2-3 роки,5173.0,6085.0,UK,2026-05-21,itjobswatch
delivery manager,delivery_manager,Senior,5+ років,6509.0,7956.0,UK,2026-05-21,itjobswatch
devops engineer,dev_ops,Middle,2-3 роки,6297.0,7408.0,UK,2026-05-21,itjobswatch
devops engineer,dev_ops,Senior,5+ років,7430.0,9080.0,UK,2026-05-21,itjobswatch
.net developer,dotnet,Middle,2-3 роки,5398.0,6350.0,UK,2026-05-21,itjobswatch
.net developer,dotnet,Senior,5+ років,5953.0,7276.0,UK,2026-05-21,itjobswatch
.net developer,dotnet_cloud,Middle,2-3 роки,5398.0,6350.0,UK,2026-05-21,itjobswatch
.net developer,dotnet_cloud,Senior,5+ років,5953.0,7276.0,UK,2026-05-21,itjobswatch
.net developer,dotnet_desktop,Middle,2-3 роки,5398.0,6350.0,UK,2026-05-21,itjobswatch
.net developer,dotnet_desktop,Senior,5+ років,5953.0,7276.0,UK,2026-05-21,itjobswatch
xamarin developer,dotnet_mobile,Middle,2-3 роки,4835.0,5689.0,UK,2026-05-21,itjobswatch
xamarin developer,dotnet_mobile,Senior,5+ років,6310.0,7713.0,UK,2026-05-21,itjobswatch
asp.net developer,dotnet_web,Middle,2-3 роки,5532.0,6509.0,UK,2026-05-21,itjobswatch
asp.net developer,dotnet_web,Senior,5+ років,5858.0,7160.0,UK,2026-05-21,itjobswatch
drupal developer,drupal,Middle,2-3 роки,5847.0,6879.0,UK,2026-05-21,itjobswatch
drupal developer,drupal,Senior,5+ років,5715.0,6985.0,UK,2026-05-21,itjobswatch
elixir developer,elixir,Middle,2-3 роки,8096.0,9525.0,UK,2026-05-21,itjobswatch
elixir developer,elixir,Senior,5+ років,,,UK,2026-05-21,itjobswatch
embedded software engineer,embedded,Middle,2-3 роки,4948.0,5821.0,UK,2026-05-21,itjobswatch
embedded software engineer,embedded,Senior,5+ років,5715.0,6985.0,UK,2026-05-21,itjobswatch
engineering manager,engineering_manager,Middle,2-3 роки,6972.0,8202.0,UK,2026-05-21,itjobswatch
engineering manager,engineering_manager,Senior,5+ років,,,UK,2026-05-21,itjobswatch
erp developer,erp_systems,Middle,2-3 роки,5398.0,6350.0,UK,2026-05-21,itjobswatch
erp developer,erp_systems,Senior,5+ років,,,UK,2026-05-21,itjobswatch
flutter developer,flutter,Middle,2-3 роки,5398.0,6350.0,UK,2026-05-21,itjobswatch
flutter developer,flutter,Senior,5+ років,,,UK,2026-05-21,itjobswatch
full stack developer,fullstack,Middle,2-3 роки,5398.0,6350.0,UK,2026-05-21,itjobswatch
full stack developer,fullstack,Senior,5+ років,6429.0,7858.0,UK,2026-05-21,itjobswatch
game designer,game_design,Middle,2-3 роки,,,UK,2026-05-21,itjobswatch
game designer,game_design,Senior,5+ років,,,UK,2026-05-21,itjobswatch
game developer,game_developer,Middle,2-3 роки,,,UK,2026-05-21,itjobswatch
game developer,game_developer,Senior,5+ років,,,UK,2026-05-21,itjobswatch
unity developer,gamedev,Middle,2-3 роки,,,UK,2026-05-21,itjobswatch
unity developer,gamedev,Senior,5+ років,,,UK,2026-05-21,itjobswatch
golang developer,golang,Middle,2-3 роки,,,UK,2026-05-21,itjobswatch
golang developer,golang,Senior,5+ років,,,UK,2026-05-21,itjobswatch
head of engineering,head_chief,Middle,2-3 роки,9333.0,10980.0,UK,2026-05-21,itjobswatch
head of engineering,head_chief,Senior,5+ років,,,UK,2026-05-21,itjobswatch
information security engineer,information_security,Middle,2-3 роки,6410.0,7541.0,UK,2026-05-21,itjobswatch
information security engineer,information_security,Senior,5+ років,6906.0,8440.0,UK,2026-05-21,itjobswatch
ios developer,ios,Middle,2-3 роки,5398.0,6350.0,UK,2026-05-21,itjobswatch
ios developer,ios,Senior,5+ років,6239.0,7625.0,UK,2026-05-21,itjobswatch
java developer,java,Middle,2-3 роки,6747.0,7938.0,UK,2026-05-21,itjobswatch
java developer,java,Senior,5+ років,7858.0,9604.0,UK,2026-05-21,itjobswatch
javascript developer,javascript,Middle,2-3 роки,5398.0,6350.0,UK,2026-05-21,itjobswatch
javascript developer,javascript,Senior,5+ років,6906.0,8440.0,UK,2026-05-21,itjobswatch
kotlin developer,kotlin,Middle,2-3 роки,,,UK,2026-05-21,itjobswatch
kotlin developer,kotlin,Senior,5+ років,,,UK,2026-05-21,itjobswatch
laravel developer,laravel,Middle,2-3 роки,,,UK,2026-05-21,itjobswatch
laravel developer,laravel,Senior,5+ років,,,UK,2026-05-21,itjobswatch
tech lead,lead,Middle,2-3 роки,,,UK,2026-05-21,itjobswatch
tech lead,lead,Senior,5+ років,,,UK,2026-05-21,itjobswatch
magento developer,magento,Middle,2-3 роки,3936.0,4630.0,UK,2026-05-21,itjobswatch
magento developer,magento,Senior,5+ років,4286.0,5239.0,UK,2026-05-21,itjobswatch
maui developer,maui,Middle,2-3 роки,,,UK,2026-05-21,itjobswatch
maui developer,maui,Senior,5+ років,,,UK,2026-05-21,itjobswatch
machine learning engineer,ml_ai,Middle,2-3 роки,7534.0,8864.0,UK,2026-05-21,itjobswatch
machine learning engineer,ml_ai,Senior,5+ років,,,UK,2026-05-21,itjobswatch
ms dynamics developer,ms_dynamics,Middle,2-3 роки,,,UK,2026-05-21,itjobswatch
ms dynamics developer,ms_dynamics,Senior,5+ років,,,UK,2026-05-21,itjobswatch
no code developer,nocode,Middle,2-3 роки,,,UK,2026-05-21,itjobswatch
no code developer,nocode,Senior,5+ років,,,UK,2026-05-21,itjobswatch
node.js developer,node_js,Middle,2-3 роки,5398.0,6350.0,UK,2026-05-21,itjobswatch
node.js developer,node_js,Senior,5+ років,,,UK,2026-05-21,itjobswatch
odoo developer,odoo,Middle,2-3 роки,,,UK,2026-05-21,itjobswatch
odoo developer,odoo,Senior,5+ років,,,UK,2026-05-21,itjobswatch
penetration tester,penetration_tester,Middle,2-3 роки,5847.0,6879.0,UK,2026-05-21,itjobswatch
penetration tester,penetration_tester,Senior,5+ років,6668.0,8149.0,UK,2026-05-21,itjobswatch
php developer,php,Middle,2-3 роки,4048.0,4762.0,UK,2026-05-21,itjobswatch
php developer,php,Senior,5+ років,5239.0,6403.0,UK,2026-05-21,itjobswatch
product designer,product_design,Middle,2-3 роки,6297.0,7408.0,UK,2026-05-21,itjobswatch
product designer,product_design,Senior,5+ років,7620.0,9313.0,UK,2026-05-21,itjobswatch
product manager,product_manager,Middle,2-3 роки,6072.0,7144.0,UK,2026-05-21,itjobswatch
product manager,product_manager,Senior,5+ років,7030.0,8592.0,UK,2026-05-21,itjobswatch
product owner,product_owner,Middle,2-3 роки,5847.0,6879.0,UK,2026-05-21,itjobswatch
product owner,product_owner,Senior,5+ років,5980.0,7309.0,UK,2026-05-21,itjobswatch
it project manager,project_manager,Middle,2-3 роки,4723.0,5556.0,UK,2026-05-21,itjobswatch
it project manager,project_manager,Senior,5+ років,5715.0,6985.0,UK,2026-05-21,itjobswatch
python developer,python,Middle,2-3 роки,8096.0,9525.0,UK,2026-05-21,itjobswatch
python developer,python,Senior,5+ років,8096.0,9895.0,UK,2026-05-21,itjobswatch
qa engineer,qa,Middle,2-3 роки,4498.0,5292.0,UK,2026-05-21,itjobswatch
qa engineer,qa,Senior,5+ років,6191.0,7567.0,UK,2026-05-21,itjobswatch
qa automation engineer,qa_automation,Middle,2-3 роки,4948.0,5821.0,UK,2026-05-21,itjobswatch
qa automation engineer,qa_automation,Senior,5+ років,,,UK,2026-05-21,itjobswatch
manual tester,qa_manual,Middle,2-3 роки,4498.0,5292.0,UK,2026-05-21,itjobswatch
manual tester,qa_manual,Senior,5+ років,4762.0,5821.0,UK,2026-05-21,itjobswatch
react developer,react,Middle,2-3 роки,6297.0,7408.0,UK,2026-05-21,itjobswatch
react developer,react,Senior,5+ років,6191.0,7567.0,UK,2026-05-21,itjobswatch
react native developer,react_native,Middle,2-3 роки,,,UK,2026-05-21,itjobswatch
react native developer,react_native,Senior,5+ років,,,UK,2026-05-21,itjobswatch
it recruiter,recruiter,Middle,2-3 роки,,,UK,2026-05-21,itjobswatch
it recruiter,recruiter,Senior,5+ років,,,UK,2026-05-21,itjobswatch
ruby developer,ruby,Middle,2-3 роки,6297.0,7408.0,UK,2026-05-21,itjobswatch
ruby developer,ruby,Senior,5+ років,7858.0,9604.0,UK,2026-05-21,itjobswatch
rust developer,rust,Middle,2-3 роки,9895.0,11642.0,UK,2026-05-21,itjobswatch
rust developer,rust,Senior,5+ років,,,UK,2026-05-21,itjobswatch
salesforce developer,salesforce,Middle,2-3 роки,5622.0,6615.0,UK,2026-05-21,itjobswatch
salesforce developer,salesforce,Senior,5+ років,6191.0,7567.0,UK,2026-05-21,itjobswatch
sap developer,sap,Middle,2-3 роки,6072.0,7144.0,UK,2026-05-21,itjobswatch
sap developer,sap,Senior,5+ років,5001.0,6112.0,UK,2026-05-21,itjobswatch
scala developer,scala,Middle,2-3 роки,5398.0,6350.0,UK,2026-05-21,itjobswatch
scala developer,scala,Senior,5+ років,7620.0,9313.0,UK,2026-05-21,itjobswatch
scrum master,scrum_master,Middle,2-3 роки,,,UK,2026-05-21,itjobswatch
scrum master,scrum_master,Senior,5+ років,,,UK,2026-05-21,itjobswatch
security engineer,security,Middle,2-3 роки,5398.0,6350.0,UK,2026-05-21,itjobswatch
security engineer,security,Senior,5+ років,6674.0,8158.0,UK,2026-05-21,itjobswatch
security analyst,security_analyst,Middle,2-3 роки,4723.0,5556.0,UK,2026-05-21,itjobswatch
security analyst,security_analyst,Senior,5+ років,6668.0,8149.0,UK,2026-05-21,itjobswatch
sql dba,sql_dba,Middle,2-3 роки,5173.0,6085.0,UK,2026-05-21,itjobswatch
sql dba,sql_dba,Senior,5+ років,5834.0,7131.0,UK,2026-05-21,itjobswatch
technical support engineer,support,Middle,2-3 роки,3149.0,3704.0,UK,2026-05-21,itjobswatch
technical support engineer,support,Senior,5+ років,5001.0,6112.0,UK,2026-05-21,itjobswatch
svelte developer,svelte,Middle,2-3 роки,,,UK,2026-05-21,itjobswatch
svelte developer,svelte,Senior,5+ років,,,UK,2026-05-21,itjobswatch
symfony developer,symfony,Middle,2-3 роки,3598.0,4233.0,UK,2026-05-21,itjobswatch
symfony developer,symfony,Senior,5+ років,,,UK,2026-05-21,itjobswatch
systems administrator,sysadmin,Middle,2-3 роки,3635.0,4277.0,UK,2026-05-21,itjobswatch
systems administrator,sysadmin,Senior,5+ років,4891.0,5978.0,UK,2026-05-21,itjobswatch
ux designer,ui_ux,Middle,2-3 роки,4498.0,5292.0,UK,2026-05-21,itjobswatch
ux designer,ui_ux,Senior,5+ років,5715.0,6985.0,UK,2026-05-21,itjobswatch
unity developer,unity,Middle,2-3 роки,,,UK,2026-05-21,itjobswatch
unity developer,unity,Senior,5+ років,,,UK,2026-05-21,itjobswatch
unreal engine developer,unreal,Middle,2-3 роки,,,UK,2026-05-21,itjobswatch
unreal engine developer,unreal,Senior,5+ років,,,UK,2026-05-21,itjobswatch
ux researcher,ux_research,Middle,2-3 роки,,,UK,2026-05-21,itjobswatch
ux researcher,ux_research,Senior,5+ років,,,UK,2026-05-21,itjobswatch
vue.js developer,vue,Middle,2-3 роки,,,UK,2026-05-21,itjobswatch
vue.js developer,vue,Senior,5+ років,,,UK,2026-05-21,itjobswatch
wordpress developer,wordpress,Middle,2-3 роки,3238.0,3810.0,UK,2026-05-21,itjobswatch
wordpress developer,wordpress,Senior,5+ років,6429.0,7858.0,UK,2026-05-21,itjobswatch
wpf developer,wpf,Middle,2-3 роки,4498.0,5292.0,UK,2026-05-21,itjobswatch
wpf developer,wpf,Senior,5+ років,5715.0,6985.0,UK,2026-05-21,itjobswatch
xamarin developer,xamarin,Middle,2-3 роки,4835.0,5689.0,UK,2026-05-21,itjobswatch
xamarin developer,xamarin,Senior,5+ років,6310.0,7713.0,UK,2026-05-21,itjobswatch
android developer,android,Middle,2-3 роки,5847.0,6879.0,UK,2026-05-22,itjobswatch
android developer,android,Senior,5+ років,6191.0,7567.0,UK,2026-05-22,itjobswatch
angular developer,angular,Middle,2-3 роки,5398.0,6350.0,UK,2026-05-22,itjobswatch
angular developer,angular,Senior,5+ років,,,UK,2026-05-22,itjobswatch
asp.net developer,asp_net,Middle,2-3 роки,5532.0,6509.0,UK,2026-05-22,itjobswatch
asp.net developer,asp_net,Senior,5+ років,5858.0,7160.0,UK,2026-05-22,itjobswatch
blazor developer,blazor,Middle,2-3 роки,5173.0,6085.0,UK,2026-05-22,itjobswatch
blazor developer,blazor,Senior,5+ років,,,UK,2026-05-22,itjobswatch
business analyst,business_analyst,Middle,2-3 роки,4948.0,5821.0,UK,2026-05-22,itjobswatch
business analyst,business_analyst,Senior,5+ років,6072.0,7422.0,UK,2026-05-22,itjobswatch
c programmer,c,Middle,2-3 роки,,,UK,2026-05-22,itjobswatch
c programmer,c,Senior,5+ років,,,UK,2026-05-22,itjobswatch
chief information officer,cio,Middle,2-3 роки,12594.0,14817.0,UK,2026-05-22,itjobswatch
chief information officer,cio,Senior,5+ років,,,UK,2026-05-22,itjobswatch
c++ developer,cplusplus,Middle,2-3 роки,5173.0,6085.0,UK,2026-05-22,itjobswatch
c++ developer,cplusplus,Senior,5+ років,6191.0,7567.0,UK,2026-05-22,itjobswatch
chief product officer,cpo,Middle,2-3 роки,11245.0,13229.0,UK,2026-05-22,itjobswatch
chief product officer,cpo,Senior,5+ років,,,UK,2026-05-22,itjobswatch
c++ developer,cpp,Middle,2-3 роки,5173.0,6085.0,UK,2026-05-22,itjobswatch
c++ developer,cpp,Senior,5+ років,6191.0,7567.0,UK,2026-05-22,itjobswatch
chief technology officer,cto,Middle,2-3 роки,8209.0,9657.0,UK,2026-05-22,itjobswatch
chief technology officer,cto,Senior,5+ років,,,UK,2026-05-22,itjobswatch
data analyst,data_analyst,Middle,2-3 роки,4048.0,4762.0,UK,2026-05-22,itjobswatch
data analyst,data_analyst,Senior,5+ років,5477.0,6694.0,UK,2026-05-22,itjobswatch
data engineer,data_engineer,Middle,2-3 роки,5847.0,6879.0,UK,2026-05-22,itjobswatch
data engineer,data_engineer,Senior,5+ років,6906.0,8440.0,UK,2026-05-22,itjobswatch
data scientist,data_science,Middle,2-3 роки,6297.0,7408.0,UK,2026-05-22,itjobswatch
data scientist,data_science,Senior,5+ років,7620.0,9313.0,UK,2026-05-22,itjobswatch
delivery manager,delivery_manager,Middle,2-3 роки,5173.0,6085.0,UK,2026-05-22,itjobswatch
delivery manager,delivery_manager,Senior,5+ років,6509.0,7956.0,UK,2026-05-22,itjobswatch
devops engineer,dev_ops,Middle,2-3 роки,6297.0,7408.0,UK,2026-05-22,itjobswatch
devops engineer,dev_ops,Senior,5+ років,7537.0,9211.0,UK,2026-05-22,itjobswatch
.net developer,dotnet,Middle,2-3 роки,5398.0,6350.0,UK,2026-05-22,itjobswatch
.net developer,dotnet,Senior,5+ років,6048.0,7392.0,UK,2026-05-22,itjobswatch
.net developer,dotnet_cloud,Middle,2-3 роки,5398.0,6350.0,UK,2026-05-22,itjobswatch
.net developer,dotnet_cloud,Senior,5+ років,6048.0,7392.0,UK,2026-05-22,itjobswatch
.net developer,dotnet_desktop,Middle,2-3 роки,5398.0,6350.0,UK,2026-05-22,itjobswatch
.net developer,dotnet_desktop,Senior,5+ років,6048.0,7392.0,UK,2026-05-22,itjobswatch
xamarin developer,dotnet_mobile,Middle,2-3 роки,4835.0,5689.0,UK,2026-05-22,itjobswatch
xamarin developer,dotnet_mobile,Senior,5+ років,6310.0,7713.0,UK,2026-05-22,itjobswatch
asp.net developer,dotnet_web,Middle,2-3 роки,5532.0,6509.0,UK,2026-05-22,itjobswatch
asp.net developer,dotnet_web,Senior,5+ років,5858.0,7160.0,UK,2026-05-22,itjobswatch
drupal developer,drupal,Middle,2-3 роки,5847.0,6879.0,UK,2026-05-22,itjobswatch
drupal developer,drupal,Senior,5+ років,5715.0,6985.0,UK,2026-05-22,itjobswatch
elixir developer,elixir,Middle,2-3 роки,8096.0,9525.0,UK,2026-05-22,itjobswatch
elixir developer,elixir,Senior,5+ років,,,UK,2026-05-22,itjobswatch
embedded software engineer,embedded,Middle,2-3 роки,4948.0,5821.0,UK,2026-05-22,itjobswatch
embedded software engineer,embedded,Senior,5+ років,5715.0,6985.0,UK,2026-05-22,itjobswatch
engineering manager,engineering_manager,Middle,2-3 роки,6972.0,8202.0,UK,2026-05-22,itjobswatch
engineering manager,engineering_manager,Senior,5+ років,,,UK,2026-05-22,itjobswatch
erp developer,erp_systems,Middle,2-3 роки,5398.0,6350.0,UK,2026-05-22,itjobswatch
erp developer,erp_systems,Senior,5+ років,,,UK,2026-05-22,itjobswatch
flutter developer,flutter,Middle,2-3 роки,5398.0,6350.0,UK,2026-05-22,itjobswatch
flutter developer,flutter,Senior,5+ років,,,UK,2026-05-22,itjobswatch
full stack developer,fullstack,Middle,2-3 роки,5398.0,6350.0,UK,2026-05-22,itjobswatch
full stack developer,fullstack,Senior,5+ років,6429.0,7858.0,UK,2026-05-22,itjobswatch
game designer,game_design,Middle,2-3 роки,,,UK,2026-05-22,itjobswatch
game designer,game_design,Senior,5+ років,,,UK,2026-05-22,itjobswatch
game developer,game_developer,Middle,2-3 роки,,,UK,2026-05-22,itjobswatch
game developer,game_developer,Senior,5+ років,,,UK,2026-05-22,itjobswatch
unity developer,gamedev,Middle,2-3 роки,,,UK,2026-05-22,itjobswatch
unity developer,gamedev,Senior,5+ років,,,UK,2026-05-22,itjobswatch
golang developer,golang,Middle,2-3 роки,,,UK,2026-05-22,itjobswatch
golang developer,golang,Senior,5+ років,,,UK,2026-05-22,itjobswatch
head of engineering,head_chief,Middle,2-3 роки,9221.0,10848.0,UK,2026-05-22,itjobswatch
head of engineering,head_chief,Senior,5+ років,,,UK,2026-05-22,itjobswatch
information security engineer,information_security,Middle,2-3 роки,6410.0,7541.0,UK,2026-05-22,itjobswatch
information security engineer,information_security,Senior,5+ років,6906.0,8440.0,UK,2026-05-22,itjobswatch
ios developer,ios,Middle,2-3 роки,5398.0,6350.0,UK,2026-05-22,itjobswatch
ios developer,ios,Senior,5+ років,6239.0,7625.0,UK,2026-05-22,itjobswatch
java developer,java,Middle,2-3 роки,6747.0,7938.0,UK,2026-05-22,itjobswatch
java developer,java,Senior,5+ років,7858.0,9604.0,UK,2026-05-22,itjobswatch
javascript developer,javascript,Middle,2-3 роки,5398.0,6350.0,UK,2026-05-22,itjobswatch
javascript developer,javascript,Senior,5+ років,6906.0,8440.0,UK,2026-05-22,itjobswatch
kotlin developer,kotlin,Middle,2-3 роки,,,UK,2026-05-22,itjobswatch
kotlin developer,kotlin,Senior,5+ років,,,UK,2026-05-22,itjobswatch
laravel developer,laravel,Middle,2-3 роки,,,UK,2026-05-22,itjobswatch
laravel developer,laravel,Senior,5+ років,,,UK,2026-05-22,itjobswatch
tech lead,lead,Middle,2-3 роки,,,UK,2026-05-22,itjobswatch
tech lead,lead,Senior,5+ років,,,UK,2026-05-22,itjobswatch
magento developer,magento,Middle,2-3 роки,3936.0,4630.0,UK,2026-05-22,itjobswatch
magento developer,magento,Senior,5+ років,4286.0,5239.0,UK,2026-05-22,itjobswatch
maui developer,maui,Middle,2-3 роки,,,UK,2026-05-22,itjobswatch
maui developer,maui,Senior,5+ років,,,UK,2026-05-22,itjobswatch
machine learning engineer,ml_ai,Middle,2-3 роки,7871.0,9260.0,UK,2026-05-22,itjobswatch
machine learning engineer,ml_ai,Senior,5+ років,,,UK,2026-05-22,itjobswatch
ms dynamics developer,ms_dynamics,Middle,2-3 роки,,,UK,2026-05-22,itjobswatch
ms dynamics developer,ms_dynamics,Senior,5+ років,,,UK,2026-05-22,itjobswatch
no code developer,nocode,Middle,2-3 роки,,,UK,2026-05-22,itjobswatch
no code developer,nocode,Senior,5+ років,,,UK,2026-05-22,itjobswatch
node.js developer,node_js,Middle,2-3 роки,5398.0,6350.0,UK,2026-05-22,itjobswatch
node.js developer,node_js,Senior,5+ років,,,UK,2026-05-22,itjobswatch
odoo developer,odoo,Middle,2-3 роки,,,UK,2026-05-22,itjobswatch
odoo developer,odoo,Senior,5+ років,,,UK,2026-05-22,itjobswatch
penetration tester,penetration_tester,Middle,2-3 роки,5847.0,6879.0,UK,2026-05-22,itjobswatch
penetration tester,penetration_tester,Senior,5+ років,6668.0,8149.0,UK,2026-05-22,itjobswatch
php developer,php,Middle,2-3 роки,4048.0,4762.0,UK,2026-05-22,itjobswatch
php developer,php,Senior,5+ років,5239.0,6403.0,UK,2026-05-22,itjobswatch
product designer,product_design,Middle,2-3 роки,6185.0,7276.0,UK,2026-05-22,itjobswatch
product designer,product_design,Senior,5+ років,7620.0,9313.0,UK,2026-05-22,itjobswatch
product manager,product_manager,Middle,2-3 роки,6110.0,7188.0,UK,2026-05-22,itjobswatch
product manager,product_manager,Senior,5+ років,7030.0,8592.0,UK,2026-05-22,itjobswatch
product owner,product_owner,Middle,2-3 роки,5847.0,6879.0,UK,2026-05-22,itjobswatch
product owner,product_owner,Senior,5+ років,5980.0,7309.0,UK,2026-05-22,itjobswatch
it project manager,project_manager,Middle,2-3 роки,4723.0,5556.0,UK,2026-05-22,itjobswatch
it project manager,project_manager,Senior,5+ років,5715.0,6985.0,UK,2026-05-22,itjobswatch
python developer,python,Middle,2-3 роки,8096.0,9525.0,UK,2026-05-22,itjobswatch
python developer,python,Senior,5+ років,8096.0,9895.0,UK,2026-05-22,itjobswatch
qa engineer,qa,Middle,2-3 роки,4498.0,5292.0,UK,2026-05-22,itjobswatch
qa engineer,qa,Senior,5+ років,6191.0,7567.0,UK,2026-05-22,itjobswatch
qa automation engineer,qa_automation,Middle,2-3 роки,4948.0,5821.0,UK,2026-05-22,itjobswatch
qa automation engineer,qa_automation,Senior,5+ років,,,UK,2026-05-22,itjobswatch
manual tester,qa_manual,Middle,2-3 роки,4498.0,5292.0,UK,2026-05-22,itjobswatch
manual tester,qa_manual,Senior,5+ років,4762.0,5821.0,UK,2026-05-22,itjobswatch
react developer,react,Middle,2-3 роки,6297.0,7408.0,UK,2026-05-22,itjobswatch
react developer,react,Senior,5+ років,6191.0,7567.0,UK,2026-05-22,itjobswatch
react native developer,react_native,Middle,2-3 роки,,,UK,2026-05-22,itjobswatch
react native developer,react_native,Senior,5+ років,,,UK,2026-05-22,itjobswatch
it recruiter,recruiter,Middle,2-3 роки,,,UK,2026-05-22,itjobswatch
it recruiter,recruiter,Senior,5+ років,,,UK,2026-05-22,itjobswatch
ruby developer,ruby,Middle,2-3 роки,6297.0,7408.0,UK,2026-05-22,itjobswatch
ruby developer,ruby,Senior,5+ років,7858.0,9604.0,UK,2026-05-22,itjobswatch
rust developer,rust,Middle,2-3 роки,9895.0,11642.0,UK,2026-05-22,itjobswatch
rust developer,rust,Senior,5+ років,,,UK,2026-05-22,itjobswatch
salesforce developer,salesforce,Middle,2-3 роки,5622.0,6615.0,UK,2026-05-22,itjobswatch
salesforce developer,salesforce,Senior,5+ років,6191.0,7567.0,UK,2026-05-22,itjobswatch
sap developer,sap,Middle,2-3 роки,6072.0,7144.0,UK,2026-05-22,itjobswatch
sap developer,sap,Senior,5+ років,5001.0,6112.0,UK,2026-05-22,itjobswatch
scala developer,scala,Middle,2-3 роки,5398.0,6350.0,UK,2026-05-22,itjobswatch
scala developer,scala,Senior,5+ років,7620.0,9313.0,UK,2026-05-22,itjobswatch
scrum master,scrum_master,Middle,2-3 роки,,,UK,2026-05-22,itjobswatch
scrum master,scrum_master,Senior,5+ років,,,UK,2026-05-22,itjobswatch
security engineer,security,Middle,2-3 роки,5398.0,6350.0,UK,2026-05-22,itjobswatch
security engineer,security,Senior,5+ років,6674.0,8158.0,UK,2026-05-22,itjobswatch
security analyst,security_analyst,Middle,2-3 роки,4723.0,5556.0,UK,2026-05-22,itjobswatch
security analyst,security_analyst,Senior,5+ років,6668.0,8149.0,UK,2026-05-22,itjobswatch
sql dba,sql_dba,Middle,2-3 роки,5173.0,6085.0,UK,2026-05-22,itjobswatch
sql dba,sql_dba,Senior,5+ років,5834.0,7131.0,UK,2026-05-22,itjobswatch
technical support engineer,support,Middle,2-3 роки,3149.0,3704.0,UK,2026-05-22,itjobswatch
technical support engineer,support,Senior,5+ років,5001.0,6112.0,UK,2026-05-22,itjobswatch
svelte developer,svelte,Middle,2-3 роки,,,UK,2026-05-22,itjobswatch
svelte developer,svelte,Senior,5+ років,,,UK,2026-05-22,itjobswatch
symfony developer,symfony,Middle,2-3 роки,3598.0,4233.0,UK,2026-05-22,itjobswatch
symfony developer,symfony,Senior,5+ років,,,UK,2026-05-22,itjobswatch
systems administrator,sysadmin,Middle,2-3 роки,3636.0,4278.0,UK,2026-05-22,itjobswatch
systems administrator,sysadmin,Senior,5+ років,4891.0,5978.0,UK,2026-05-22,itjobswatch
ux designer,ui_ux,Middle,2-3 роки,4498.0,5292.0,UK,2026-05-22,itjobswatch
ux designer,ui_ux,Senior,5+ років,5715.0,6985.0,UK,2026-05-22,itjobswatch
unity developer,unity,Middle,2-3 роки,,,UK,2026-05-22,itjobswatch
unity developer,unity,Senior,5+ років,,,UK,2026-05-22,itjobswatch
unreal engine developer,unreal,Middle,2-3 роки,,,UK,2026-05-22,itjobswatch
unreal engine developer,unreal,Senior,5+ років,,,UK,2026-05-22,itjobswatch
ux researcher,ux_research,Middle,2-3 роки,,,UK,2026-05-22,itjobswatch
ux researcher,ux_research,Senior,5+ років,,,UK,2026-05-22,itjobswatch
vue.js developer,vue,Middle,2-3 роки,,,UK,2026-05-22,itjobswatch
vue.js developer,vue,Senior,5+ років,,,UK,2026-05-22,itjobswatch
wordpress developer,wordpress,Middle,2-3 роки,3238.0,3810.0,UK,2026-05-22,itjobswatch
wordpress developer,wordpress,Senior,5+ років,6429.0,7858.0,UK,2026-05-22,itjobswatch
wpf developer,wpf,Middle,2-3 роки,4498.0,5292.0,UK,2026-05-22,itjobswatch
wpf developer,wpf,Senior,5+ років,5715.0,6985.0,UK,2026-05-22,itjobswatch
xamarin developer,xamarin,Middle,2-3 роки,4835.0,5689.0,UK,2026-05-22,itjobswatch
xamarin developer,xamarin,Senior,5+ років,6310.0,7713.0,UK,2026-05-22,itjobswatch
android developer,android,Middle,2-3 роки,5847.0,6879.0,UK,2026-05-23,itjobswatch
android developer,android,Senior,5+ років,6191.0,7567.0,UK,2026-05-23,itjobswatch
angular developer,angular,Middle,2-3 роки,5398.0,6350.0,UK,2026-05-23,itjobswatch
angular developer,angular,Senior,5+ років,,,UK,2026-05-23,itjobswatch
asp.net developer,asp_net,Middle,2-3 роки,5532.0,6509.0,UK,2026-05-23,itjobswatch
asp.net developer,asp_net,Senior,5+ років,5858.0,7160.0,UK,2026-05-23,itjobswatch
blazor developer,blazor,Middle,2-3 роки,5173.0,6085.0,UK,2026-05-23,itjobswatch
blazor developer,blazor,Senior,5+ років,,,UK,2026-05-23,itjobswatch
business analyst,business_analyst,Middle,2-3 роки,4948.0,5821.0,UK,2026-05-23,itjobswatch
business analyst,business_analyst,Senior,5+ років,6072.0,7422.0,UK,2026-05-23,itjobswatch
c programmer,c,Middle,2-3 роки,,,UK,2026-05-23,itjobswatch
c programmer,c,Senior,5+ років,,,UK,2026-05-23,itjobswatch
chief information officer,cio,Middle,2-3 роки,12594.0,14817.0,UK,2026-05-23,itjobswatch
chief information officer,cio,Senior,5+ років,,,UK,2026-05-23,itjobswatch
c++ developer,cplusplus,Middle,2-3 роки,5173.0,6085.0,UK,2026-05-23,itjobswatch
c++ developer,cplusplus,Senior,5+ років,6191.0,7567.0,UK,2026-05-23,itjobswatch
chief product officer,cpo,Middle,2-3 роки,11245.0,13229.0,UK,2026-05-23,itjobswatch
chief product officer,cpo,Senior,5+ років,,,UK,2026-05-23,itjobswatch
c++ developer,cpp,Middle,2-3 роки,5173.0,6085.0,UK,2026-05-23,itjobswatch
c++ developer,cpp,Senior,5+ років,6191.0,7567.0,UK,2026-05-23,itjobswatch
chief technology officer,cto,Middle,2-3 роки,8209.0,9657.0,UK,2026-05-23,itjobswatch
chief technology officer,cto,Senior,5+ років,,,UK,2026-05-23,itjobswatch
data analyst,data_analyst,Middle,2-3 роки,4048.0,4763.0,UK,2026-05-23,itjobswatch
data analyst,data_analyst,Senior,5+ років,5477.0,6694.0,UK,2026-05-23,itjobswatch
data engineer,data_engineer,Middle,2-3 роки,5847.0,6879.0,UK,2026-05-23,itjobswatch
data engineer,data_engineer,Senior,5+ років,6906.0,8440.0,UK,2026-05-23,itjobswatch
data scientist,data_science,Middle,2-3 роки,6297.0,7408.0,UK,2026-05-23,itjobswatch
data scientist,data_science,Senior,5+ років,7620.0,9313.0,UK,2026-05-23,itjobswatch
delivery manager,delivery_manager,Middle,2-3 роки,5173.0,6085.0,UK,2026-05-23,itjobswatch
delivery manager,delivery_manager,Senior,5+ років,6429.0,7858.0,UK,2026-05-23,itjobswatch
devops engineer,dev_ops,Middle,2-3 роки,6297.0,7408.0,UK,2026-05-23,itjobswatch
devops engineer,dev_ops,Senior,5+ років,7430.0,9080.0,UK,2026-05-23,itjobswatch
.net developer,dotnet,Middle,2-3 роки,5398.0,6350.0,UK,2026-05-23,itjobswatch
.net developer,dotnet,Senior,5+ років,5953.0,7276.0,UK,2026-05-23,itjobswatch
.net developer,dotnet_cloud,Middle,2-3 роки,5398.0,6350.0,UK,2026-05-23,itjobswatch
.net developer,dotnet_cloud,Senior,5+ років,5953.0,7276.0,UK,2026-05-23,itjobswatch
.net developer,dotnet_desktop,Middle,2-3 роки,5398.0,6350.0,UK,2026-05-23,itjobswatch
.net developer,dotnet_desktop,Senior,5+ років,5953.0,7276.0,UK,2026-05-23,itjobswatch
xamarin developer,dotnet_mobile,Middle,2-3 роки,4835.0,5689.0,UK,2026-05-23,itjobswatch
xamarin developer,dotnet_mobile,Senior,5+ років,6310.0,7713.0,UK,2026-05-23,itjobswatch
asp.net developer,dotnet_web,Middle,2-3 роки,5532.0,6509.0,UK,2026-05-23,itjobswatch
asp.net developer,dotnet_web,Senior,5+ років,5858.0,7160.0,UK,2026-05-23,itjobswatch
drupal developer,drupal,Middle,2-3 роки,5847.0,6879.0,UK,2026-05-23,itjobswatch
drupal developer,drupal,Senior,5+ років,5715.0,6985.0,UK,2026-05-23,itjobswatch
elixir developer,elixir,Middle,2-3 роки,8096.0,9525.0,UK,2026-05-23,itjobswatch
elixir developer,elixir,Senior,5+ років,,,UK,2026-05-23,itjobswatch
embedded software engineer,embedded,Middle,2-3 роки,4948.0,5821.0,UK,2026-05-23,itjobswatch
embedded software engineer,embedded,Senior,5+ років,5715.0,6985.0,UK,2026-05-23,itjobswatch
engineering manager,engineering_manager,Middle,2-3 роки,6972.0,8202.0,UK,2026-05-23,itjobswatch
engineering manager,engineering_manager,Senior,5+ років,,,UK,2026-05-23,itjobswatch
erp developer,erp_systems,Middle,2-3 роки,5398.0,6350.0,UK,2026-05-23,itjobswatch
erp developer,erp_systems,Senior,5+ років,,,UK,2026-05-23,itjobswatch
flutter developer,flutter,Middle,2-3 роки,5398.0,6350.0,UK,2026-05-23,itjobswatch
flutter developer,flutter,Senior,5+ років,,,UK,2026-05-23,itjobswatch
full stack developer,fullstack,Middle,2-3 роки,5398.0,6350.0,UK,2026-05-23,itjobswatch
full stack developer,fullstack,Senior,5+ років,6429.0,7858.0,UK,2026-05-23,itjobswatch
game designer,game_design,Middle,2-3 роки,,,UK,2026-05-23,itjobswatch
game designer,game_design,Senior,5+ років,,,UK,2026-05-23,itjobswatch
game developer,game_developer,Middle,2-3 роки,,,UK,2026-05-23,itjobswatch
game developer,game_developer,Senior,5+ років,,,UK,2026-05-23,itjobswatch
unity developer,gamedev,Middle,2-3 роки,,,UK,2026-05-23,itjobswatch
unity developer,gamedev,Senior,5+ років,,,UK,2026-05-23,itjobswatch
golang developer,golang,Middle,2-3 роки,,,UK,2026-05-23,itjobswatch
golang developer,golang,Senior,5+ років,,,UK,2026-05-23,itjobswatch
head of engineering,head_chief,Middle,2-3 роки,9221.0,10848.0,UK,2026-05-23,itjobswatch
head of engineering,head_chief,Senior,5+ років,,,UK,2026-05-23,itjobswatch
information security engineer,information_security,Middle,2-3 роки,6410.0,7541.0,UK,2026-05-23,itjobswatch
information security engineer,information_security,Senior,5+ років,6906.0,8440.0,UK,2026-05-23,itjobswatch
ios developer,ios,Middle,2-3 роки,5398.0,6350.0,UK,2026-05-23,itjobswatch
ios developer,ios,Senior,5+ років,6239.0,7625.0,UK,2026-05-23,itjobswatch
java developer,java,Middle,2-3 роки,6747.0,7938.0,UK,2026-05-23,itjobswatch
java developer,java,Senior,5+ років,7858.0,9604.0,UK,2026-05-23,itjobswatch
javascript developer,javascript,Middle,2-3 роки,5398.0,6350.0,UK,2026-05-23,itjobswatch
javascript developer,javascript,Senior,5+ років,6906.0,8440.0,UK,2026-05-23,itjobswatch
kotlin developer,kotlin,Middle,2-3 роки,,,UK,2026-05-23,itjobswatch
kotlin developer,kotlin,Senior,5+ років,,,UK,2026-05-23,itjobswatch
laravel developer,laravel,Middle,2-3 роки,,,UK,2026-05-23,itjobswatch
laravel developer,laravel,Senior,5+ років,,,UK,2026-05-23,itjobswatch
tech lead,lead,Middle,2-3 роки,,,UK,2026-05-23,itjobswatch
tech lead,lead,Senior,5+ років,,,UK,2026-05-23,itjobswatch
magento developer,magento,Middle,2-3 роки,3936.0,4630.0,UK,2026-05-23,itjobswatch
magento developer,magento,Senior,5+ років,4286.0,5239.0,UK,2026-05-23,itjobswatch
maui developer,maui,Middle,2-3 роки,,,UK,2026-05-23,itjobswatch
maui developer,maui,Senior,5+ років,,,UK,2026-05-23,itjobswatch
machine learning engineer,ml_ai,Middle,2-3 роки,7871.0,9260.0,UK,2026-05-23,itjobswatch
machine learning engineer,ml_ai,Senior,5+ років,,,UK,2026-05-23,itjobswatch
ms dynamics developer,ms_dynamics,Middle,2-3 роки,,,UK,2026-05-23,itjobswatch
ms dynamics developer,ms_dynamics,Senior,5+ років,,,UK,2026-05-23,itjobswatch
no code developer,nocode,Middle,2-3 роки,,,UK,2026-05-23,itjobswatch
no code developer,nocode,Senior,5+ років,,,UK,2026-05-23,itjobswatch
node.js developer,node_js,Middle,2-3 роки,5398.0,6350.0,UK,2026-05-23,itjobswatch
node.js developer,node_js,Senior,5+ років,,,UK,2026-05-23,itjobswatch
odoo developer,odoo,Middle,2-3 роки,,,UK,2026-05-23,itjobswatch
odoo developer,odoo,Senior,5+ років,,,UK,2026-05-23,itjobswatch
penetration tester,penetration_tester,Middle,2-3 роки,5847.0,6879.0,UK,2026-05-23,itjobswatch
penetration tester,penetration_tester,Senior,5+ років,6668.0,8149.0,UK,2026-05-23,itjobswatch
php developer,php,Middle,2-3 роки,4048.0,4762.0,UK,2026-05-23,itjobswatch
php developer,php,Senior,5+ років,5239.0,6403.0,UK,2026-05-23,itjobswatch
product designer,product_design,Middle,2-3 роки,6185.0,7276.0,UK,2026-05-23,itjobswatch
product designer,product_design,Senior,5+ років,7620.0,9313.0,UK,2026-05-23,itjobswatch
product manager,product_manager,Middle,2-3 роки,6148.0,7232.0,UK,2026-05-23,itjobswatch
product manager,product_manager,Senior,5+ років,7030.0,8592.0,UK,2026-05-23,itjobswatch
product owner,product_owner,Middle,2-3 роки,5847.0,6879.0,UK,2026-05-23,itjobswatch
product owner,product_owner,Senior,5+ років,5980.0,7309.0,UK,2026-05-23,itjobswatch
it project manager,project_manager,Middle,2-3 роки,4723.0,5556.0,UK,2026-05-23,itjobswatch
it project manager,project_manager,Senior,5+ років,5715.0,6985.0,UK,2026-05-23,itjobswatch
python developer,python,Middle,2-3 роки,8096.0,9525.0,UK,2026-05-23,itjobswatch
python developer,python,Senior,5+ років,8096.0,9895.0,UK,2026-05-23,itjobswatch
qa engineer,qa,Middle,2-3 роки,4498.0,5292.0,UK,2026-05-23,itjobswatch
qa engineer,qa,Senior,5+ років,6191.0,7567.0,UK,2026-05-23,itjobswatch
qa automation engineer,qa_automation,Middle,2-3 роки,4948.0,5821.0,UK,2026-05-23,itjobswatch
qa automation engineer,qa_automation,Senior,5+ років,,,UK,2026-05-23,itjobswatch
manual tester,qa_manual,Middle,2-3 роки,4498.0,5292.0,UK,2026-05-23,itjobswatch
manual tester,qa_manual,Senior,5+ років,4762.0,5821.0,UK,2026-05-23,itjobswatch
react developer,react,Middle,2-3 роки,6297.0,7408.0,UK,2026-05-23,itjobswatch
react developer,react,Senior,5+ років,6191.0,7567.0,UK,2026-05-23,itjobswatch
react native developer,react_native,Middle,2-3 роки,,,UK,2026-05-23,itjobswatch
react native developer,react_native,Senior,5+ років,,,UK,2026-05-23,itjobswatch
it recruiter,recruiter,Middle,2-3 роки,,,UK,2026-05-23,itjobswatch
it recruiter,recruiter,Senior,5+ років,,,UK,2026-05-23,itjobswatch
ruby developer,ruby,Middle,2-3 роки,6297.0,7408.0,UK,2026-05-23,itjobswatch
ruby developer,ruby,Senior,5+ років,7858.0,9604.0,UK,2026-05-23,itjobswatch
rust developer,rust,Middle,2-3 роки,9895.0,11642.0,UK,2026-05-23,itjobswatch
rust developer,rust,Senior,5+ років,,,UK,2026-05-23,itjobswatch
salesforce developer,salesforce,Middle,2-3 роки,5622.0,6615.0,UK,2026-05-23,itjobswatch
salesforce developer,salesforce,Senior,5+ років,6191.0,7567.0,UK,2026-05-23,itjobswatch
sap developer,sap,Middle,2-3 роки,6072.0,7144.0,UK,2026-05-23,itjobswatch
sap developer,sap,Senior,5+ років,5001.0,6112.0,UK,2026-05-23,itjobswatch
scala developer,scala,Middle,2-3 роки,5398.0,6350.0,UK,2026-05-23,itjobswatch
scala developer,scala,Senior,5+ років,7144.0,8731.0,UK,2026-05-23,itjobswatch
scrum master,scrum_master,Middle,2-3 роки,,,UK,2026-05-23,itjobswatch
scrum master,scrum_master,Senior,5+ років,,,UK,2026-05-23,itjobswatch
security engineer,security,Middle,2-3 роки,5398.0,6350.0,UK,2026-05-23,itjobswatch
security engineer,security,Senior,5+ років,6668.0,8149.0,UK,2026-05-23,itjobswatch
security analyst,security_analyst,Middle,2-3 роки,4723.0,5556.0,UK,2026-05-23,itjobswatch
security analyst,security_analyst,Senior,5+ років,6668.0,8149.0,UK,2026-05-23,itjobswatch
sql dba,sql_dba,Middle,2-3 роки,5173.0,6085.0,UK,2026-05-23,itjobswatch
sql dba,sql_dba,Senior,5+ років,5834.0,7131.0,UK,2026-05-23,itjobswatch
technical support engineer,support,Middle,2-3 роки,3149.0,3704.0,UK,2026-05-23,itjobswatch
technical support engineer,support,Senior,5+ років,5001.0,6112.0,UK,2026-05-23,itjobswatch
svelte developer,svelte,Middle,2-3 роки,,,UK,2026-05-23,itjobswatch
svelte developer,svelte,Senior,5+ років,,,UK,2026-05-23,itjobswatch
symfony developer,symfony,Middle,2-3 роки,3598.0,4233.0,UK,2026-05-23,itjobswatch
symfony developer,symfony,Senior,5+ років,,,UK,2026-05-23,itjobswatch
systems administrator,sysadmin,Middle,2-3 роки,3673.0,4321.0,UK,2026-05-23,itjobswatch
systems administrator,sysadmin,Senior,5+ років,4891.0,5978.0,UK,2026-05-23,itjobswatch
ux designer,ui_ux,Middle,2-3 роки,4453.0,5239.0,UK,2026-05-23,itjobswatch
ux designer,ui_ux,Senior,5+ років,5715.0,6985.0,UK,2026-05-23,itjobswatch
unity developer,unity,Middle,2-3 роки,,,UK,2026-05-23,itjobswatch
unity developer,unity,Senior,5+ років,,,UK,2026-05-23,itjobswatch
unreal engine developer,unreal,Middle,2-3 роки,,,UK,2026-05-23,itjobswatch
unreal engine developer,unreal,Senior,5+ років,,,UK,2026-05-23,itjobswatch
ux researcher,ux_research,Middle,2-3 роки,,,UK,2026-05-23,itjobswatch
ux researcher,ux_research,Senior,5+ років,,,UK,2026-05-23,itjobswatch
vue.js developer,vue,Middle,2-3 роки,,,UK,2026-05-23,itjobswatch
vue.js developer,vue,Senior,5+ років,,,UK,2026-05-23,itjobswatch
wordpress developer,wordpress,Middle,2-3 роки,3238.0,3810.0,UK,2026-05-23,itjobswatch
wordpress developer,wordpress,Senior,5+ років,6429.0,7858.0,UK,2026-05-23,itjobswatch
wpf developer,wpf,Middle,2-3 роки,4498.0,5292.0,UK,2026-05-23,itjobswatch
wpf developer,wpf,Senior,5+ років,5715.0,6985.0,UK,2026-05-23,itjobswatch
xamarin developer,xamarin,Middle,2-3 роки,4835.0,5689.0,UK,2026-05-23,itjobswatch
xamarin developer,xamarin,Senior,5+ років,6310.0,7713.0,UK,2026-05-23,itjobswatch
android developer,android,Middle,2-3 роки,5847.0,6879.0,UK,2026-05-24,itjobswatch
android developer,android,Senior,5+ років,6191.0,7567.0,UK,2026-05-24,itjobswatch
angular developer,angular,Middle,2-3 роки,5398.0,6350.0,UK,2026-05-24,itjobswatch
angular developer,angular,Senior,5+ років,,,UK,2026-05-24,itjobswatch
asp.net developer,asp_net,Middle,2-3 роки,5532.0,6509.0,UK,2026-05-24,itjobswatch
asp.net developer,asp_net,Senior,5+ років,5858.0,7160.0,UK,2026-05-24,itjobswatch
blazor developer,blazor,Middle,2-3 роки,5173.0,6085.0,UK,2026-05-24,itjobswatch
blazor developer,blazor,Senior,5+ років,,,UK,2026-05-24,itjobswatch
business analyst,business_analyst,Middle,2-3 роки,4948.0,5821.0,UK,2026-05-24,itjobswatch
business analyst,business_analyst,Senior,5+ років,5834.0,7131.0,UK,2026-05-24,itjobswatch
c programmer,c,Middle,2-3 роки,,,UK,2026-05-24,itjobswatch
c programmer,c,Senior,5+ років,,,UK,2026-05-24,itjobswatch
chief information officer,cio,Middle,2-3 роки,12594.0,14817.0,UK,2026-05-24,itjobswatch
chief information officer,cio,Senior,5+ років,,,UK,2026-05-24,itjobswatch
c++ developer,cplusplus,Middle,2-3 роки,5173.0,6085.0,UK,2026-05-24,itjobswatch
c++ developer,cplusplus,Senior,5+ років,6191.0,7567.0,UK,2026-05-24,itjobswatch
chief product officer,cpo,Middle,2-3 роки,11245.0,13229.0,UK,2026-05-24,itjobswatch
chief product officer,cpo,Senior,5+ років,,,UK,2026-05-24,itjobswatch
c++ developer,cpp,Middle,2-3 роки,5173.0,6085.0,UK,2026-05-24,itjobswatch
c++ developer,cpp,Senior,5+ років,6191.0,7567.0,UK,2026-05-24,itjobswatch
chief technology officer,cto,Middle,2-3 роки,8209.0,9657.0,UK,2026-05-24,itjobswatch
chief technology officer,cto,Senior,5+ років,,,UK,2026-05-24,itjobswatch
data analyst,data_analyst,Middle,2-3 роки,4048.0,4763.0,UK,2026-05-24,itjobswatch
data analyst,data_analyst,Senior,5+ років,5477.0,6694.0,UK,2026-05-24,itjobswatch
data engineer,data_engineer,Middle,2-3 роки,5847.0,6879.0,UK,2026-05-24,itjobswatch
data engineer,data_engineer,Senior,5+ років,6906.0,8440.0,UK,2026-05-24,itjobswatch
data scientist,data_science,Middle,2-3 роки,6297.0,7408.0,UK,2026-05-24,itjobswatch
data scientist,data_science,Senior,5+ років,7620.0,9313.0,UK,2026-05-24,itjobswatch
delivery manager,delivery_manager,Middle,2-3 роки,5173.0,6085.0,UK,2026-05-24,itjobswatch
delivery manager,delivery_manager,Senior,5+ років,6469.0,7907.0,UK,2026-05-24,itjobswatch
devops engineer,dev_ops,Middle,2-3 роки,6297.0,7408.0,UK,2026-05-24,itjobswatch
devops engineer,dev_ops,Senior,5+ років,7430.0,9080.0,UK,2026-05-24,itjobswatch
.net developer,dotnet,Middle,2-3 роки,5398.0,6350.0,UK,2026-05-24,itjobswatch
.net developer,dotnet,Senior,5+ років,5953.0,7276.0,UK,2026-05-24,itjobswatch
.net developer,dotnet_cloud,Middle,2-3 роки,5398.0,6350.0,UK,2026-05-24,itjobswatch
.net developer,dotnet_cloud,Senior,5+ років,5953.0,7276.0,UK,2026-05-24,itjobswatch
.net developer,dotnet_desktop,Middle,2-3 роки,5398.0,6350.0,UK,2026-05-24,itjobswatch
.net developer,dotnet_desktop,Senior,5+ років,5953.0,7276.0,UK,2026-05-24,itjobswatch
xamarin developer,dotnet_mobile,Middle,2-3 роки,5173.0,6085.0,UK,2026-05-24,itjobswatch
xamarin developer,dotnet_mobile,Senior,5+ років,6191.0,7567.0,UK,2026-05-24,itjobswatch
asp.net developer,dotnet_web,Middle,2-3 роки,5532.0,6509.0,UK,2026-05-24,itjobswatch
asp.net developer,dotnet_web,Senior,5+ років,5858.0,7160.0,UK,2026-05-24,itjobswatch
drupal developer,drupal,Middle,2-3 роки,5847.0,6879.0,UK,2026-05-24,itjobswatch
drupal developer,drupal,Senior,5+ років,5715.0,6985.0,UK,2026-05-24,itjobswatch
elixir developer,elixir,Middle,2-3 роки,8096.0,9525.0,UK,2026-05-24,itjobswatch
elixir developer,elixir,Senior,5+ років,,,UK,2026-05-24,itjobswatch
embedded software engineer,embedded,Middle,2-3 роки,4948.0,5821.0,UK,2026-05-24,itjobswatch
embedded software engineer,embedded,Senior,5+ років,5715.0,6985.0,UK,2026-05-24,itjobswatch
engineering manager,engineering_manager,Middle,2-3 роки,6972.0,8202.0,UK,2026-05-24,itjobswatch
engineering manager,engineering_manager,Senior,5+ років,,,UK,2026-05-24,itjobswatch
erp developer,erp_systems,Middle,2-3 роки,5398.0,6350.0,UK,2026-05-24,itjobswatch
erp developer,erp_systems,Senior,5+ років,,,UK,2026-05-24,itjobswatch
flutter developer,flutter,Middle,2-3 роки,5398.0,6350.0,UK,2026-05-24,itjobswatch
flutter developer,flutter,Senior,5+ років,,,UK,2026-05-24,itjobswatch
full stack developer,fullstack,Middle,2-3 роки,5398.0,6350.0,UK,2026-05-24,itjobswatch
full stack developer,fullstack,Senior,5+ років,6310.0,7713.0,UK,2026-05-24,itjobswatch
game designer,game_design,Middle,2-3 роки,,,UK,2026-05-24,itjobswatch
game designer,game_design,Senior,5+ років,,,UK,2026-05-24,itjobswatch
game developer,game_developer,Middle,2-3 роки,,,UK,2026-05-24,itjobswatch
game developer,game_developer,Senior,5+ років,,,UK,2026-05-24,itjobswatch
unity developer,gamedev,Middle,2-3 роки,,,UK,2026-05-24,itjobswatch
unity developer,gamedev,Senior,5+ років,,,UK,2026-05-24,itjobswatch
golang developer,golang,Middle,2-3 роки,,,UK,2026-05-24,itjobswatch
golang developer,golang,Senior,5+ років,,,UK,2026-05-24,itjobswatch
head of engineering,head_chief,Middle,2-3 роки,9221.0,10848.0,UK,2026-05-24,itjobswatch
head of engineering,head_chief,Senior,5+ років,,,UK,2026-05-24,itjobswatch
information security engineer,information_security,Middle,2-3 роки,6410.0,7541.0,UK,2026-05-24,itjobswatch
information security engineer,information_security,Senior,5+ років,6906.0,8440.0,UK,2026-05-24,itjobswatch
ios developer,ios,Middle,2-3 роки,5398.0,6350.0,UK,2026-05-24,itjobswatch
ios developer,ios,Senior,5+ років,6239.0,7625.0,UK,2026-05-24,itjobswatch
java developer,java,Middle,2-3 роки,6747.0,7938.0,UK,2026-05-24,itjobswatch
java developer,java,Senior,5+ років,7858.0,9604.0,UK,2026-05-24,itjobswatch
javascript developer,javascript,Middle,2-3 роки,5398.0,6350.0,UK,2026-05-24,itjobswatch
javascript developer,javascript,Senior,5+ років,6906.0,8440.0,UK,2026-05-24,itjobswatch
kotlin developer,kotlin,Middle,2-3 роки,,,UK,2026-05-24,itjobswatch
kotlin developer,kotlin,Senior,5+ років,,,UK,2026-05-24,itjobswatch
laravel developer,laravel,Middle,2-3 роки,,,UK,2026-05-24,itjobswatch
laravel developer,laravel,Senior,5+ років,,,UK,2026-05-24,itjobswatch
tech lead,lead,Middle,2-3 роки,,,UK,2026-05-24,itjobswatch
tech lead,lead,Senior,5+ років,,,UK,2026-05-24,itjobswatch
magento developer,magento,Middle,2-3 роки,3823.0,4498.0,UK,2026-05-24,itjobswatch
magento developer,magento,Senior,5+ років,4286.0,5239.0,UK,2026-05-24,itjobswatch
maui developer,maui,Middle,2-3 роки,,,UK,2026-05-24,itjobswatch
maui developer,maui,Senior,5+ років,,,UK,2026-05-24,itjobswatch
machine learning engineer,ml_ai,Middle,2-3 роки,7871.0,9260.0,UK,2026-05-24,itjobswatch
machine learning engineer,ml_ai,Senior,5+ років,,,UK,2026-05-24,itjobswatch
ms dynamics developer,ms_dynamics,Middle,2-3 роки,,,UK,2026-05-24,itjobswatch
ms dynamics developer,ms_dynamics,Senior,5+ років,,,UK,2026-05-24,itjobswatch
no code developer,nocode,Middle,2-3 роки,,,UK,2026-05-24,itjobswatch
no code developer,nocode,Senior,5+ років,,,UK,2026-05-24,itjobswatch
node.js developer,node_js,Middle,2-3 роки,5398.0,6350.0,UK,2026-05-24,itjobswatch
node.js developer,node_js,Senior,5+ років,,,UK,2026-05-24,itjobswatch
odoo developer,odoo,Middle,2-3 роки,,,UK,2026-05-24,itjobswatch
odoo developer,odoo,Senior,5+ років,,,UK,2026-05-24,itjobswatch
penetration tester,penetration_tester,Middle,2-3 роки,5847.0,6879.0,UK,2026-05-24,itjobswatch
penetration tester,penetration_tester,Senior,5+ років,6668.0,8149.0,UK,2026-05-24,itjobswatch
php developer,php,Middle,2-3 роки,4048.0,4762.0,UK,2026-05-24,itjobswatch
php developer,php,Senior,5+ років,5239.0,6403.0,UK,2026-05-24,itjobswatch
product designer,product_design,Middle,2-3 роки,6185.0,7276.0,UK,2026-05-24,itjobswatch
product designer,product_design,Senior,5+ років,7620.0,9313.0,UK,2026-05-24,itjobswatch
product manager,product_manager,Middle,2-3 роки,6148.0,7232.0,UK,2026-05-24,itjobswatch
product manager,product_manager,Senior,5+ років,7030.0,8592.0,UK,2026-05-24,itjobswatch
product owner,product_owner,Middle,2-3 роки,5847.0,6879.0,UK,2026-05-24,itjobswatch
product owner,product_owner,Senior,5+ років,5980.0,7309.0,UK,2026-05-24,itjobswatch
it project manager,project_manager,Middle,2-3 роки,4723.0,5556.0,UK,2026-05-24,itjobswatch
it project manager,project_manager,Senior,5+ років,5715.0,6985.0,UK,2026-05-24,itjobswatch
python developer,python,Middle,2-3 роки,8096.0,9525.0,UK,2026-05-24,itjobswatch
python developer,python,Senior,5+ років,8096.0,9895.0,UK,2026-05-24,itjobswatch
qa engineer,qa,Middle,2-3 роки,4498.0,5292.0,UK,2026-05-24,itjobswatch
qa engineer,qa,Senior,5+ років,6668.0,8149.0,UK,2026-05-24,itjobswatch
qa automation engineer,qa_automation,Middle,2-3 роки,4835.0,5689.0,UK,2026-05-24,itjobswatch
qa automation engineer,qa_automation,Senior,5+ років,,,UK,2026-05-24,itjobswatch
manual tester,qa_manual,Middle,2-3 роки,4498.0,5292.0,UK,2026-05-24,itjobswatch
manual tester,qa_manual,Senior,5+ років,4762.0,5821.0,UK,2026-05-24,itjobswatch
react developer,react,Middle,2-3 роки,6297.0,7408.0,UK,2026-05-24,itjobswatch
react developer,react,Senior,5+ років,6191.0,7567.0,UK,2026-05-24,itjobswatch
react native developer,react_native,Middle,2-3 роки,,,UK,2026-05-24,itjobswatch
react native developer,react_native,Senior,5+ років,,,UK,2026-05-24,itjobswatch
it recruiter,recruiter,Middle,2-3 роки,,,UK,2026-05-24,itjobswatch
it recruiter,recruiter,Senior,5+ років,,,UK,2026-05-24,itjobswatch
ruby developer,ruby,Middle,2-3 роки,6297.0,7408.0,UK,2026-05-24,itjobswatch
ruby developer,ruby,Senior,5+ років,7858.0,9604.0,UK,2026-05-24,itjobswatch
rust developer,rust,Middle,2-3 роки,9895.0,11642.0,UK,2026-05-24,itjobswatch
rust developer,rust,Senior,5+ років,,,UK,2026-05-24,itjobswatch
salesforce developer,salesforce,Middle,2-3 роки,5622.0,6615.0,UK,2026-05-24,itjobswatch
salesforce developer,salesforce,Senior,5+ років,6191.0,7567.0,UK,2026-05-24,itjobswatch
sap developer,sap,Middle,2-3 роки,6072.0,7144.0,UK,2026-05-24,itjobswatch
sap developer,sap,Senior,5+ років,5001.0,6112.0,UK,2026-05-24,itjobswatch
scala developer,scala,Middle,2-3 роки,5398.0,6350.0,UK,2026-05-24,itjobswatch
scala developer,scala,Senior,5+ років,7144.0,8731.0,UK,2026-05-24,itjobswatch
scrum master,scrum_master,Middle,2-3 роки,,,UK,2026-05-24,itjobswatch
scrum master,scrum_master,Senior,5+ років,,,UK,2026-05-24,itjobswatch
security engineer,security,Middle,2-3 роки,5398.0,6350.0,UK,2026-05-24,itjobswatch
security engineer,security,Senior,5+ років,6668.0,8149.0,UK,2026-05-24,itjobswatch
security analyst,security_analyst,Middle,2-3 роки,4723.0,5556.0,UK,2026-05-24,itjobswatch
security analyst,security_analyst,Senior,5+ років,6668.0,8149.0,UK,2026-05-24,itjobswatch
sql dba,sql_dba,Middle,2-3 роки,5173.0,6085.0,UK,2026-05-24,itjobswatch
sql dba,sql_dba,Senior,5+ років,5834.0,7131.0,UK,2026-05-24,itjobswatch
technical support engineer,support,Middle,2-3 роки,3149.0,3704.0,UK,2026-05-24,itjobswatch
technical support engineer,support,Senior,5+ років,5001.0,6112.0,UK,2026-05-24,itjobswatch
svelte developer,svelte,Middle,2-3 роки,,,UK,2026-05-24,itjobswatch
svelte developer,svelte,Senior,5+ років,,,UK,2026-05-24,itjobswatch
symfony developer,symfony,Middle,2-3 роки,3598.0,4233.0,UK,2026-05-24,itjobswatch
symfony developer,symfony,Senior,5+ років,,,UK,2026-05-24,itjobswatch
systems administrator,sysadmin,Middle,2-3 роки,3709.0,4364.0,UK,2026-05-24,itjobswatch
systems administrator,sysadmin,Senior,5+ років,4891.0,5978.0,UK,2026-05-24,itjobswatch
ux designer,ui_ux,Middle,2-3 роки,4453.0,5239.0,UK,2026-05-24,itjobswatch
ux designer,ui_ux,Senior,5+ років,5715.0,6985.0,UK,2026-05-24,itjobswatch
unity developer,unity,Middle,2-3 роки,,,UK,2026-05-24,itjobswatch
unity developer,unity,Senior,5+ років,,,UK,2026-05-24,itjobswatch
unreal engine developer,unreal,Middle,2-3 роки,,,UK,2026-05-24,itjobswatch
unreal engine developer,unreal,Senior,5+ років,,,UK,2026-05-24,itjobswatch
ux researcher,ux_research,Middle,2-3 роки,,,UK,2026-05-24,itjobswatch
ux researcher,ux_research,Senior,5+ років,,,UK,2026-05-24,itjobswatch
vue.js developer,vue,Middle,2-3 роки,,,UK,2026-05-24,itjobswatch
vue.js developer,vue,Senior,5+ років,,,UK,2026-05-24,itjobswatch
wordpress developer,wordpress,Middle,2-3 роки,3238.0,3810.0,UK,2026-05-24,itjobswatch
wordpress developer,wordpress,Senior,5+ років,6429.0,7858.0,UK,2026-05-24,itjobswatch
wpf developer,wpf,Middle,2-3 роки,4498.0,5292.0,UK,2026-05-24,itjobswatch
wpf developer,wpf,Senior,5+ років,5715.0,6985.0,UK,2026-05-24,itjobswatch
xamarin developer,xamarin,Middle,2-3 роки,5173.0,6085.0,UK,2026-05-24,itjobswatch
xamarin developer,xamarin,Senior,5+ років,6191.0,7567.0,UK,2026-05-24,itjobswatch
android developer,android,Middle,2-3 роки,5847.0,6879.0,UK,2026-05-25,itjobswatch
android developer,android,Senior,5+ років,6191.0,7567.0,UK,2026-05-25,itjobswatch
angular developer,angular,Middle,2-3 роки,5398.0,6350.0,UK,2026-05-25,itjobswatch
angular developer,angular,Senior,5+ років,,,UK,2026-05-25,itjobswatch
asp.net developer,asp_net,Middle,2-3 роки,5532.0,6509.0,UK,2026-05-25,itjobswatch
asp.net developer,asp_net,Senior,5+ років,5858.0,7160.0,UK,2026-05-25,itjobswatch
blazor developer,blazor,Middle,2-3 роки,5173.0,6085.0,UK,2026-05-25,itjobswatch
blazor developer,blazor,Senior,5+ років,,,UK,2026-05-25,itjobswatch
business analyst,business_analyst,Middle,2-3 роки,4948.0,5821.0,UK,2026-05-25,itjobswatch
business analyst,business_analyst,Senior,5+ років,6072.0,7422.0,UK,2026-05-25,itjobswatch
c programmer,c,Middle,2-3 роки,,,UK,2026-05-25,itjobswatch
c programmer,c,Senior,5+ років,,,UK,2026-05-25,itjobswatch
chief information officer,cio,Middle,2-3 роки,12594.0,14817.0,UK,2026-05-25,itjobswatch
chief information officer,cio,Senior,5+ років,,,UK,2026-05-25,itjobswatch
c++ developer,cplusplus,Middle,2-3 роки,5173.0,6085.0,UK,2026-05-25,itjobswatch
c++ developer,cplusplus,Senior,5+ років,6191.0,7567.0,UK,2026-05-25,itjobswatch
chief product officer,cpo,Middle,2-3 роки,11245.0,13229.0,UK,2026-05-25,itjobswatch
chief product officer,cpo,Senior,5+ років,,,UK,2026-05-25,itjobswatch
c++ developer,cpp,Middle,2-3 роки,5173.0,6085.0,UK,2026-05-25,itjobswatch
c++ developer,cpp,Senior,5+ років,6191.0,7567.0,UK,2026-05-25,itjobswatch
chief technology officer,cto,Middle,2-3 роки,8209.0,9657.0,UK,2026-05-25,itjobswatch
chief technology officer,cto,Senior,5+ років,,,UK,2026-05-25,itjobswatch
data analyst,data_analyst,Middle,2-3 роки,4093.0,4815.0,UK,2026-05-25,itjobswatch
data analyst,data_analyst,Senior,5+ років,5477.0,6694.0,UK,2026-05-25,itjobswatch
data engineer,data_engineer,Middle,2-3 роки,5847.0,6879.0,UK,2026-05-25,itjobswatch
data engineer,data_engineer,Senior,5+ років,6906.0,8440.0,UK,2026-05-25,itjobswatch
data scientist,data_science,Middle,2-3 роки,6297.0,7408.0,UK,2026-05-25,itjobswatch
data scientist,data_science,Senior,5+ років,7620.0,9313.0,UK,2026-05-25,itjobswatch
delivery manager,delivery_manager,Middle,2-3 роки,5173.0,6085.0,UK,2026-05-25,itjobswatch
delivery manager,delivery_manager,Senior,5+ років,6429.0,7858.0,UK,2026-05-25,itjobswatch
devops engineer,dev_ops,Middle,2-3 роки,6297.0,7408.0,UK,2026-05-25,itjobswatch
devops engineer,dev_ops,Senior,5+ років,7382.0,9022.0,UK,2026-05-25,itjobswatch
.net developer,dotnet,Middle,2-3 роки,5398.0,6350.0,UK,2026-05-25,itjobswatch
.net developer,dotnet,Senior,5+ років,5953.0,7276.0,UK,2026-05-25,itjobswatch
.net developer,dotnet_cloud,Middle,2-3 роки,5398.0,6350.0,UK,2026-05-25,itjobswatch
.net developer,dotnet_cloud,Senior,5+ років,5953.0,7276.0,UK,2026-05-25,itjobswatch
.net developer,dotnet_desktop,Middle,2-3 роки,5398.0,6350.0,UK,2026-05-25,itjobswatch
.net developer,dotnet_desktop,Senior,5+ років,5953.0,7276.0,UK,2026-05-25,itjobswatch
xamarin developer,dotnet_mobile,Middle,2-3 роки,5398.0,6350.0,UK,2026-05-25,itjobswatch
xamarin developer,dotnet_mobile,Senior,5+ років,6191.0,7567.0,UK,2026-05-25,itjobswatch
asp.net developer,dotnet_web,Middle,2-3 роки,5532.0,6509.0,UK,2026-05-25,itjobswatch
asp.net developer,dotnet_web,Senior,5+ років,5858.0,7160.0,UK,2026-05-25,itjobswatch
drupal developer,drupal,Middle,2-3 роки,5847.0,6879.0,UK,2026-05-25,itjobswatch
drupal developer,drupal,Senior,5+ років,5715.0,6985.0,UK,2026-05-25,itjobswatch
elixir developer,elixir,Middle,2-3 роки,8096.0,9525.0,UK,2026-05-25,itjobswatch
elixir developer,elixir,Senior,5+ років,,,UK,2026-05-25,itjobswatch
embedded software engineer,embedded,Middle,2-3 роки,4948.0,5821.0,UK,2026-05-25,itjobswatch
embedded software engineer,embedded,Senior,5+ років,5715.0,6985.0,UK,2026-05-25,itjobswatch
engineering manager,engineering_manager,Middle,2-3 роки,6747.0,7938.0,UK,2026-05-25,itjobswatch
engineering manager,engineering_manager,Senior,5+ років,,,UK,2026-05-25,itjobswatch
erp developer,erp_systems,Middle,2-3 роки,5398.0,6350.0,UK,2026-05-25,itjobswatch
erp developer,erp_systems,Senior,5+ років,,,UK,2026-05-25,itjobswatch
flutter developer,flutter,Middle,2-3 роки,5398.0,6350.0,UK,2026-05-25,itjobswatch
flutter developer,flutter,Senior,5+ років,,,UK,2026-05-25,itjobswatch
full stack developer,fullstack,Middle,2-3 роки,5398.0,6350.0,UK,2026-05-25,itjobswatch
full stack developer,fullstack,Senior,5+ років,6191.0,7567.0,UK,2026-05-25,itjobswatch
game designer,game_design,Middle,2-3 роки,,,UK,2026-05-25,itjobswatch
game designer,game_design,Senior,5+ років,,,UK,2026-05-25,itjobswatch
game developer,game_developer,Middle,2-3 роки,,,UK,2026-05-25,itjobswatch
game developer,game_developer,Senior,5+ років,,,UK,2026-05-25,itjobswatch
unity developer,gamedev,Middle,2-3 роки,,,UK,2026-05-25,itjobswatch
unity developer,gamedev,Senior,5+ років,,,UK,2026-05-25,itjobswatch
golang developer,golang,Middle,2-3 роки,,,UK,2026-05-25,itjobswatch
golang developer,golang,Senior,5+ років,,,UK,2026-05-25,itjobswatch
head of engineering,head_chief,Middle,2-3 роки,9221.0,10848.0,UK,2026-05-25,itjobswatch
head of engineering,head_chief,Senior,5+ років,,,UK,2026-05-25,itjobswatch
information security engineer,information_security,Middle,2-3 роки,6410.0,7541.0,UK,2026-05-25,itjobswatch
information security engineer,information_security,Senior,5+ років,6906.0,8440.0,UK,2026-05-25,itjobswatch
ios developer,ios,Middle,2-3 роки,5398.0,6350.0,UK,2026-05-25,itjobswatch
ios developer,ios,Senior,5+ років,6239.0,7625.0,UK,2026-05-25,itjobswatch
java developer,java,Middle,2-3 роки,6634.0,7805.0,UK,2026-05-25,itjobswatch
java developer,java,Senior,5+ років,7858.0,9604.0,UK,2026-05-25,itjobswatch
javascript developer,javascript,Middle,2-3 роки,5398.0,6350.0,UK,2026-05-25,itjobswatch
javascript developer,javascript,Senior,5+ років,6906.0,8440.0,UK,2026-05-25,itjobswatch
kotlin developer,kotlin,Middle,2-3 роки,,,UK,2026-05-25,itjobswatch
kotlin developer,kotlin,Senior,5+ років,,,UK,2026-05-25,itjobswatch
laravel developer,laravel,Middle,2-3 роки,,,UK,2026-05-25,itjobswatch
laravel developer,laravel,Senior,5+ років,,,UK,2026-05-25,itjobswatch
tech lead,lead,Middle,2-3 роки,,,UK,2026-05-25,itjobswatch
tech lead,lead,Senior,5+ років,,,UK,2026-05-25,itjobswatch
magento developer,magento,Middle,2-3 роки,3823.0,4498.0,UK,2026-05-25,itjobswatch
magento developer,magento,Senior,5+ років,4286.0,5239.0,UK,2026-05-25,itjobswatch
maui developer,maui,Middle,2-3 роки,,,UK,2026-05-25,itjobswatch
maui developer,maui,Senior,5+ років,,,UK,2026-05-25,itjobswatch
machine learning engineer,ml_ai,Middle,2-3 роки,8321.0,9790.0,UK,2026-05-25,itjobswatch
machine learning engineer,ml_ai,Senior,5+ років,,,UK,2026-05-25,itjobswatch
ms dynamics developer,ms_dynamics,Middle,2-3 роки,,,UK,2026-05-25,itjobswatch
ms dynamics developer,ms_dynamics,Senior,5+ років,,,UK,2026-05-25,itjobswatch
no code developer,nocode,Middle,2-3 роки,,,UK,2026-05-25,itjobswatch
no code developer,nocode,Senior,5+ років,,,UK,2026-05-25,itjobswatch
node.js developer,node_js,Middle,2-3 роки,5398.0,6350.0,UK,2026-05-25,itjobswatch
node.js developer,node_js,Senior,5+ років,,,UK,2026-05-25,itjobswatch
odoo developer,odoo,Middle,2-3 роки,,,UK,2026-05-25,itjobswatch
odoo developer,odoo,Senior,5+ років,,,UK,2026-05-25,itjobswatch
penetration tester,penetration_tester,Middle,2-3 роки,5847.0,6879.0,UK,2026-05-25,itjobswatch
penetration tester,penetration_tester,Senior,5+ років,6668.0,8149.0,UK,2026-05-25,itjobswatch
php developer,php,Middle,2-3 роки,4048.0,4762.0,UK,2026-05-25,itjobswatch
php developer,php,Senior,5+ років,5239.0,6403.0,UK,2026-05-25,itjobswatch
product designer,product_design,Middle,2-3 роки,6185.0,7276.0,UK,2026-05-25,itjobswatch
product designer,product_design,Senior,5+ років,7620.0,9313.0,UK,2026-05-25,itjobswatch
product manager,product_manager,Middle,2-3 роки,6110.0,7188.0,UK,2026-05-25,itjobswatch
product manager,product_manager,Senior,5+ років,7030.0,8592.0,UK,2026-05-25,itjobswatch
product owner,product_owner,Middle,2-3 роки,5847.0,6879.0,UK,2026-05-25,itjobswatch
product owner,product_owner,Senior,5+ років,5980.0,7309.0,UK,2026-05-25,itjobswatch
it project manager,project_manager,Middle,2-3 роки,4723.0,5556.0,UK,2026-05-25,itjobswatch
it project manager,project_manager,Senior,5+ років,5715.0,6985.0,UK,2026-05-25,itjobswatch
python developer,python,Middle,2-3 роки,8096.0,9525.0,UK,2026-05-25,itjobswatch
python developer,python,Senior,5+ років,8096.0,9895.0,UK,2026-05-25,itjobswatch
qa engineer,qa,Middle,2-3 роки,4273.0,5027.0,UK,2026-05-25,itjobswatch
qa engineer,qa,Senior,5+ років,6668.0,8149.0,UK,2026-05-25,itjobswatch
qa automation engineer,qa_automation,Middle,2-3 роки,4835.0,5689.0,UK,2026-05-25,itjobswatch
qa automation engineer,qa_automation,Senior,5+ років,,,UK,2026-05-25,itjobswatch
manual tester,qa_manual,Middle,2-3 роки,4498.0,5292.0,UK,2026-05-25,itjobswatch
manual tester,qa_manual,Senior,5+ років,4762.0,5821.0,UK,2026-05-25,itjobswatch
react developer,react,Middle,2-3 роки,6297.0,7408.0,UK,2026-05-25,itjobswatch
react developer,react,Senior,5+ років,6191.0,7567.0,UK,2026-05-25,itjobswatch
react native developer,react_native,Middle,2-3 роки,,,UK,2026-05-25,itjobswatch
react native developer,react_native,Senior,5+ років,,,UK,2026-05-25,itjobswatch
it recruiter,recruiter,Middle,2-3 роки,,,UK,2026-05-25,itjobswatch
it recruiter,recruiter,Senior,5+ років,,,UK,2026-05-25,itjobswatch
ruby developer,ruby,Middle,2-3 роки,6297.0,7408.0,UK,2026-05-25,itjobswatch
ruby developer,ruby,Senior,5+ років,7858.0,9604.0,UK,2026-05-25,itjobswatch
rust developer,rust,Middle,2-3 роки,9895.0,11642.0,UK,2026-05-25,itjobswatch
rust developer,rust,Senior,5+ років,,,UK,2026-05-25,itjobswatch
salesforce developer,salesforce,Middle,2-3 роки,5622.0,6615.0,UK,2026-05-25,itjobswatch
salesforce developer,salesforce,Senior,5+ років,6310.0,7713.0,UK,2026-05-25,itjobswatch
sap developer,sap,Middle,2-3 роки,6072.0,7144.0,UK,2026-05-25,itjobswatch
sap developer,sap,Senior,5+ років,5001.0,6112.0,UK,2026-05-25,itjobswatch
scala developer,scala,Middle,2-3 роки,5398.0,6350.0,UK,2026-05-25,itjobswatch
scala developer,scala,Senior,5+ років,6668.0,8149.0,UK,2026-05-25,itjobswatch
scrum master,scrum_master,Middle,2-3 роки,,,UK,2026-05-25,itjobswatch
scrum master,scrum_master,Senior,5+ років,,,UK,2026-05-25,itjobswatch
security engineer,security,Middle,2-3 роки,5398.0,6350.0,UK,2026-05-25,itjobswatch
security engineer,security,Senior,5+ років,6668.0,8149.0,UK,2026-05-25,itjobswatch
security analyst,security_analyst,Middle,2-3 роки,4723.0,5556.0,UK,2026-05-25,itjobswatch
security analyst,security_analyst,Senior,5+ років,6668.0,8149.0,UK,2026-05-25,itjobswatch
sql dba,sql_dba,Middle,2-3 роки,5173.0,6085.0,UK,2026-05-25,itjobswatch
sql dba,sql_dba,Senior,5+ років,5834.0,7131.0,UK,2026-05-25,itjobswatch
technical support engineer,support,Middle,2-3 роки,3149.0,3704.0,UK,2026-05-25,itjobswatch
technical support engineer,support,Senior,5+ років,5001.0,6112.0,UK,2026-05-25,itjobswatch
svelte developer,svelte,Middle,2-3 роки,,,UK,2026-05-25,itjobswatch
svelte developer,svelte,Senior,5+ років,,,UK,2026-05-25,itjobswatch
symfony developer,symfony,Middle,2-3 роки,3666.0,4313.0,UK,2026-05-25,itjobswatch
symfony developer,symfony,Senior,5+ років,,,UK,2026-05-25,itjobswatch
systems administrator,sysadmin,Middle,2-3 роки,3673.0,4321.0,UK,2026-05-25,itjobswatch
systems administrator,sysadmin,Senior,5+ років,4891.0,5978.0,UK,2026-05-25,itjobswatch
ux designer,ui_ux,Middle,2-3 роки,4408.0,5186.0,UK,2026-05-25,itjobswatch
ux designer,ui_ux,Senior,5+ років,5715.0,6985.0,UK,2026-05-25,itjobswatch
unity developer,unity,Middle,2-3 роки,,,UK,2026-05-25,itjobswatch
unity developer,unity,Senior,5+ років,,,UK,2026-05-25,itjobswatch
unreal engine developer,unreal,Middle,2-3 роки,,,UK,2026-05-25,itjobswatch
unreal engine developer,unreal,Senior,5+ років,,,UK,2026-05-25,itjobswatch
ux researcher,ux_research,Middle,2-3 роки,,,UK,2026-05-25,itjobswatch
ux researcher,ux_research,Senior,5+ років,,,UK,2026-05-25,itjobswatch
vue.js developer,vue,Middle,2-3 роки,,,UK,2026-05-25,itjobswatch
vue.js developer,vue,Senior,5+ років,,,UK,2026-05-25,itjobswatch
wordpress developer,wordpress,Middle,2-3 роки,3238.0,3810.0,UK,2026-05-25,itjobswatch
wordpress developer,wordpress,Senior,5+ років,6429.0,7858.0,UK,2026-05-25,itjobswatch
wpf developer,wpf,Middle,2-3 роки,4498.0,5292.0,UK,2026-05-25,itjobswatch
wpf developer,wpf,Senior,5+ років,5715.0,6985.0,UK,2026-05-25,itjobswatch
xamarin developer,xamarin,Middle,2-3 роки,5398.0,6350.0,UK,2026-05-25,itjobswatch
xamarin developer,xamarin,Senior,5+ років,6191.0,7567.0,UK,2026-05-25,itjobswatch
android developer,android,Middle,2-3 роки,5847.0,6879.0,UK,2026-05-26,itjobswatch
android developer,android,Senior,5+ років,6191.0,7567.0,UK,2026-05-26,itjobswatch
angular developer,angular,Middle,2-3 роки,5398.0,6350.0,UK,2026-05-26,itjobswatch
angular developer,angular,Senior,5+ років,,,UK,2026-05-26,itjobswatch
asp.net developer,asp_net,Middle,2-3 роки,5532.0,6509.0,UK,2026-05-26,itjobswatch
asp.net developer,asp_net,Senior,5+ років,5858.0,7160.0,UK,2026-05-26,itjobswatch
blazor developer,blazor,Middle,2-3 роки,5173.0,6085.0,UK,2026-05-26,itjobswatch
blazor developer,blazor,Senior,5+ років,,,UK,2026-05-26,itjobswatch
business analyst,business_analyst,Middle,2-3 роки,4948.0,5821.0,UK,2026-05-26,itjobswatch
business analyst,business_analyst,Senior,5+ років,6072.0,7422.0,UK,2026-05-26,itjobswatch
c programmer,c,Middle,2-3 роки,,,UK,2026-05-26,itjobswatch
c programmer,c,Senior,5+ років,,,UK,2026-05-26,itjobswatch
chief information officer,cio,Middle,2-3 роки,12594.0,14817.0,UK,2026-05-26,itjobswatch
chief information officer,cio,Senior,5+ років,,,UK,2026-05-26,itjobswatch
c++ developer,cplusplus,Middle,2-3 роки,5173.0,6085.0,UK,2026-05-26,itjobswatch
c++ developer,cplusplus,Senior,5+ років,6191.0,7567.0,UK,2026-05-26,itjobswatch
chief product officer,cpo,Middle,2-3 роки,11245.0,13229.0,UK,2026-05-26,itjobswatch
chief product officer,cpo,Senior,5+ років,,,UK,2026-05-26,itjobswatch
c++ developer,cpp,Middle,2-3 роки,5173.0,6085.0,UK,2026-05-26,itjobswatch
c++ developer,cpp,Senior,5+ років,6191.0,7567.0,UK,2026-05-26,itjobswatch
chief technology officer,cto,Middle,2-3 роки,8209.0,9657.0,UK,2026-05-26,itjobswatch
chief technology officer,cto,Senior,5+ років,,,UK,2026-05-26,itjobswatch
data analyst,data_analyst,Middle,2-3 роки,4093.0,4815.0,UK,2026-05-26,itjobswatch
data analyst,data_analyst,Senior,5+ років,5477.0,6694.0,UK,2026-05-26,itjobswatch
data engineer,data_engineer,Middle,2-3 роки,5847.0,6879.0,UK,2026-05-26,itjobswatch
data engineer,data_engineer,Senior,5+ років,6906.0,8440.0,UK,2026-05-26,itjobswatch
data scientist,data_science,Middle,2-3 роки,6297.0,7408.0,UK,2026-05-26,itjobswatch
data scientist,data_science,Senior,5+ років,7620.0,9313.0,UK,2026-05-26,itjobswatch
delivery manager,delivery_manager,Middle,2-3 роки,5173.0,6085.0,UK,2026-05-26,itjobswatch
delivery manager,delivery_manager,Senior,5+ років,6429.0,7858.0,UK,2026-05-26,itjobswatch
devops engineer,dev_ops,Middle,2-3 роки,6297.0,7408.0,UK,2026-05-26,itjobswatch
devops engineer,dev_ops,Senior,5+ років,7382.0,9022.0,UK,2026-05-26,itjobswatch
.net developer,dotnet,Middle,2-3 роки,5398.0,6350.0,UK,2026-05-26,itjobswatch
.net developer,dotnet,Senior,5+ років,5953.0,7276.0,UK,2026-05-26,itjobswatch
.net developer,dotnet_cloud,Middle,2-3 роки,5398.0,6350.0,UK,2026-05-26,itjobswatch
.net developer,dotnet_cloud,Senior,5+ років,5953.0,7276.0,UK,2026-05-26,itjobswatch
.net developer,dotnet_desktop,Middle,2-3 роки,5398.0,6350.0,UK,2026-05-26,itjobswatch
.net developer,dotnet_desktop,Senior,5+ років,5953.0,7276.0,UK,2026-05-26,itjobswatch
xamarin developer,dotnet_mobile,Middle,2-3 роки,5622.0,6615.0,UK,2026-05-26,itjobswatch
xamarin developer,dotnet_mobile,Senior,5+ років,6191.0,7567.0,UK,2026-05-26,itjobswatch
asp.net developer,dotnet_web,Middle,2-3 роки,5532.0,6509.0,UK,2026-05-26,itjobswatch
asp.net developer,dotnet_web,Senior,5+ років,5858.0,7160.0,UK,2026-05-26,itjobswatch
drupal developer,drupal,Middle,2-3 роки,5847.0,6879.0,UK,2026-05-26,itjobswatch
drupal developer,drupal,Senior,5+ років,5715.0,6985.0,UK,2026-05-26,itjobswatch
elixir developer,elixir,Middle,2-3 роки,8096.0,9525.0,UK,2026-05-26,itjobswatch
elixir developer,elixir,Senior,5+ років,,,UK,2026-05-26,itjobswatch
embedded software engineer,embedded,Middle,2-3 роки,4948.0,5821.0,UK,2026-05-26,itjobswatch
embedded software engineer,embedded,Senior,5+ років,5715.0,6985.0,UK,2026-05-26,itjobswatch
engineering manager,engineering_manager,Middle,2-3 роки,6859.0,8070.0,UK,2026-05-26,itjobswatch
engineering manager,engineering_manager,Senior,5+ років,,,UK,2026-05-26,itjobswatch
erp developer,erp_systems,Middle,2-3 роки,5398.0,6350.0,UK,2026-05-26,itjobswatch
erp developer,erp_systems,Senior,5+ років,,,UK,2026-05-26,itjobswatch
flutter developer,flutter,Middle,2-3 роки,5398.0,6350.0,UK,2026-05-26,itjobswatch
flutter developer,flutter,Senior,5+ років,,,UK,2026-05-26,itjobswatch
full stack developer,fullstack,Middle,2-3 роки,5398.0,6350.0,UK,2026-05-26,itjobswatch
full stack developer,fullstack,Senior,5+ років,6191.0,7567.0,UK,2026-05-26,itjobswatch
game designer,game_design,Middle,2-3 роки,,,UK,2026-05-26,itjobswatch
game designer,game_design,Senior,5+ років,,,UK,2026-05-26,itjobswatch
game developer,game_developer,Middle,2-3 роки,,,UK,2026-05-26,itjobswatch
game developer,game_developer,Senior,5+ років,,,UK,2026-05-26,itjobswatch
unity developer,gamedev,Middle,2-3 роки,,,UK,2026-05-26,itjobswatch
unity developer,gamedev,Senior,5+ років,,,UK,2026-05-26,itjobswatch
golang developer,golang,Middle,2-3 роки,,,UK,2026-05-26,itjobswatch
golang developer,golang,Senior,5+ років,,,UK,2026-05-26,itjobswatch
head of engineering,head_chief,Middle,2-3 роки,9333.0,10980.0,UK,2026-05-26,itjobswatch
head of engineering,head_chief,Senior,5+ років,,,UK,2026-05-26,itjobswatch
information security engineer,information_security,Middle,2-3 роки,6410.0,7541.0,UK,2026-05-26,itjobswatch
information security engineer,information_security,Senior,5+ років,6906.0,8440.0,UK,2026-05-26,itjobswatch
ios developer,ios,Middle,2-3 роки,5398.0,6350.0,UK,2026-05-26,itjobswatch
ios developer,ios,Senior,5+ років,6239.0,7625.0,UK,2026-05-26,itjobswatch
java developer,java,Middle,2-3 роки,6634.0,7805.0,UK,2026-05-26,itjobswatch
java developer,java,Senior,5+ років,7858.0,9604.0,UK,2026-05-26,itjobswatch
javascript developer,javascript,Middle,2-3 роки,5398.0,6350.0,UK,2026-05-26,itjobswatch
javascript developer,javascript,Senior,5+ років,6906.0,8440.0,UK,2026-05-26,itjobswatch
kotlin developer,kotlin,Middle,2-3 роки,,,UK,2026-05-26,itjobswatch
kotlin developer,kotlin,Senior,5+ років,,,UK,2026-05-26,itjobswatch
laravel developer,laravel,Middle,2-3 роки,,,UK,2026-05-26,itjobswatch
laravel developer,laravel,Senior,5+ років,,,UK,2026-05-26,itjobswatch
tech lead,lead,Middle,2-3 роки,,,UK,2026-05-26,itjobswatch
tech lead,lead,Senior,5+ років,,,UK,2026-05-26,itjobswatch
magento developer,magento,Middle,2-3 роки,3823.0,4498.0,UK,2026-05-26,itjobswatch
magento developer,magento,Senior,5+ років,4286.0,5239.0,UK,2026-05-26,itjobswatch
maui developer,maui,Middle,2-3 роки,,,UK,2026-05-26,itjobswatch
maui developer,maui,Senior,5+ років,,,UK,2026-05-26,itjobswatch
machine learning engineer,ml_ai,Middle,2-3 роки,8321.0,9790.0,UK,2026-05-26,itjobswatch
machine learning engineer,ml_ai,Senior,5+ років,,,UK,2026-05-26,itjobswatch
ms dynamics developer,ms_dynamics,Middle,2-3 роки,,,UK,2026-05-26,itjobswatch
ms dynamics developer,ms_dynamics,Senior,5+ років,,,UK,2026-05-26,itjobswatch
no code developer,nocode,Middle,2-3 роки,,,UK,2026-05-26,itjobswatch
no code developer,nocode,Senior,5+ років,,,UK,2026-05-26,itjobswatch
node.js developer,node_js,Middle,2-3 роки,5398.0,6350.0,UK,2026-05-26,itjobswatch
node.js developer,node_js,Senior,5+ років,,,UK,2026-05-26,itjobswatch
odoo developer,odoo,Middle,2-3 роки,,,UK,2026-05-26,itjobswatch
odoo developer,odoo,Senior,5+ років,,,UK,2026-05-26,itjobswatch
penetration tester,penetration_tester,Middle,2-3 роки,5847.0,6879.0,UK,2026-05-26,itjobswatch
penetration tester,penetration_tester,Senior,5+ років,6668.0,8149.0,UK,2026-05-26,itjobswatch
php developer,php,Middle,2-3 роки,4048.0,4762.0,UK,2026-05-26,itjobswatch
php developer,php,Senior,5+ років,5239.0,6403.0,UK,2026-05-26,itjobswatch
product designer,product_design,Middle,2-3 роки,6185.0,7276.0,UK,2026-05-26,itjobswatch
product designer,product_design,Senior,5+ років,7620.0,9313.0,UK,2026-05-26,itjobswatch
product manager,product_manager,Middle,2-3 роки,6110.0,7188.0,UK,2026-05-26,itjobswatch
product manager,product_manager,Senior,5+ років,7030.0,8592.0,UK,2026-05-26,itjobswatch
product owner,product_owner,Middle,2-3 роки,5847.0,6879.0,UK,2026-05-26,itjobswatch
product owner,product_owner,Senior,5+ років,5980.0,7309.0,UK,2026-05-26,itjobswatch
it project manager,project_manager,Middle,2-3 роки,4723.0,5556.0,UK,2026-05-26,itjobswatch
it project manager,project_manager,Senior,5+ років,5715.0,6985.0,UK,2026-05-26,itjobswatch
python developer,python,Middle,2-3 роки,8096.0,9525.0,UK,2026-05-26,itjobswatch
python developer,python,Senior,5+ років,8096.0,9895.0,UK,2026-05-26,itjobswatch
qa engineer,qa,Middle,2-3 роки,4273.0,5027.0,UK,2026-05-26,itjobswatch
qa engineer,qa,Senior,5+ років,6668.0,8149.0,UK,2026-05-26,itjobswatch
qa automation engineer,qa_automation,Middle,2-3 роки,4835.0,5689.0,UK,2026-05-26,itjobswatch
qa automation engineer,qa_automation,Senior,5+ років,,,UK,2026-05-26,itjobswatch
manual tester,qa_manual,Middle,2-3 роки,4498.0,5292.0,UK,2026-05-26,itjobswatch
manual tester,qa_manual,Senior,5+ років,4762.0,5821.0,UK,2026-05-26,itjobswatch
react developer,react,Middle,2-3 роки,6297.0,7408.0,UK,2026-05-26,itjobswatch
react developer,react,Senior,5+ років,6191.0,7567.0,UK,2026-05-26,itjobswatch
react native developer,react_native,Middle,2-3 роки,,,UK,2026-05-26,itjobswatch
react native developer,react_native,Senior,5+ років,,,UK,2026-05-26,itjobswatch
it recruiter,recruiter,Middle,2-3 роки,,,UK,2026-05-26,itjobswatch
it recruiter,recruiter,Senior,5+ років,,,UK,2026-05-26,itjobswatch
ruby developer,ruby,Middle,2-3 роки,6297.0,7408.0,UK,2026-05-26,itjobswatch
ruby developer,ruby,Senior,5+ років,7858.0,9604.0,UK,2026-05-26,itjobswatch
rust developer,rust,Middle,2-3 роки,9895.0,11642.0,UK,2026-05-26,itjobswatch
rust developer,rust,Senior,5+ років,,,UK,2026-05-26,itjobswatch
salesforce developer,salesforce,Middle,2-3 роки,5622.0,6615.0,UK,2026-05-26,itjobswatch
salesforce developer,salesforce,Senior,5+ років,6310.0,7713.0,UK,2026-05-26,itjobswatch
sap developer,sap,Middle,2-3 роки,6072.0,7144.0,UK,2026-05-26,itjobswatch
sap developer,sap,Senior,5+ років,5001.0,6112.0,UK,2026-05-26,itjobswatch
scala developer,scala,Middle,2-3 роки,5398.0,6350.0,UK,2026-05-26,itjobswatch
scala developer,scala,Senior,5+ років,6668.0,8149.0,UK,2026-05-26,itjobswatch
scrum master,scrum_master,Middle,2-3 роки,,,UK,2026-05-26,itjobswatch
scrum master,scrum_master,Senior,5+ років,,,UK,2026-05-26,itjobswatch
security engineer,security,Middle,2-3 роки,5398.0,6350.0,UK,2026-05-26,itjobswatch
security engineer,security,Senior,5+ років,6668.0,8149.0,UK,2026-05-26,itjobswatch
security analyst,security_analyst,Middle,2-3 роки,4723.0,5556.0,UK,2026-05-26,itjobswatch
security analyst,security_analyst,Senior,5+ років,6668.0,8149.0,UK,2026-05-26,itjobswatch
sql dba,sql_dba,Middle,2-3 роки,5173.0,6085.0,UK,2026-05-26,itjobswatch
sql dba,sql_dba,Senior,5+ років,5834.0,7131.0,UK,2026-05-26,itjobswatch
technical support engineer,support,Middle,2-3 роки,3149.0,3704.0,UK,2026-05-26,itjobswatch
technical support engineer,support,Senior,5+ років,5001.0,6112.0,UK,2026-05-26,itjobswatch
svelte developer,svelte,Middle,2-3 роки,,,UK,2026-05-26,itjobswatch
svelte developer,svelte,Senior,5+ років,,,UK,2026-05-26,itjobswatch
symfony developer,symfony,Middle,2-3 роки,3666.0,4313.0,UK,2026-05-26,itjobswatch
symfony developer,symfony,Senior,5+ років,,,UK,2026-05-26,itjobswatch
systems administrator,sysadmin,Middle,2-3 роки,3721.0,4378.0,UK,2026-05-26,itjobswatch
systems administrator,sysadmin,Senior,5+ років,4891.0,5978.0,UK,2026-05-26,itjobswatch
ux designer,ui_ux,Middle,2-3 роки,4408.0,5186.0,UK,2026-05-26,itjobswatch
ux designer,ui_ux,Senior,5+ років,5715.0,6985.0,UK,2026-05-26,itjobswatch
unity developer,unity,Middle,2-3 роки,,,UK,2026-05-26,itjobswatch
unity developer,unity,Senior,5+ років,,,UK,2026-05-26,itjobswatch
unreal engine developer,unreal,Middle,2-3 роки,,,UK,2026-05-26,itjobswatch
unreal engine developer,unreal,Senior,5+ років,,,UK,2026-05-26,itjobswatch
ux researcher,ux_research,Middle,2-3 роки,,,UK,2026-05-26,itjobswatch
ux researcher,ux_research,Senior,5+ років,,,UK,2026-05-26,itjobswatch
vue.js developer,vue,Middle,2-3 роки,,,UK,2026-05-26,itjobswatch
vue.js developer,vue,Senior,5+ років,,,UK,2026-05-26,itjobswatch
wordpress developer,wordpress,Middle,2-3 роки,3238.0,3810.0,UK,2026-05-26,itjobswatch
wordpress developer,wordpress,Senior,5+ років,6429.0,7858.0,UK,2026-05-26,itjobswatch
wpf developer,wpf,Middle,2-3 роки,4498.0,5292.0,UK,2026-05-26,itjobswatch
wpf developer,wpf,Senior,5+ років,5715.0,6985.0,UK,2026-05-26,itjobswatch
xamarin developer,xamarin,Middle,2-3 роки,5622.0,6615.0,UK,2026-05-26,itjobswatch
xamarin developer,xamarin,Senior,5+ років,6191.0,7567.0,UK,2026-05-26,itjobswatch
android developer,android,Middle,2-3 роки,5847.0,6879.0,UK,2026-05-27,itjobswatch
android developer,android,Senior,5+ років,6191.0,7567.0,UK,2026-05-27,itjobswatch
angular developer,angular,Middle,2-3 роки,5398.0,6350.0,UK,2026-05-27,itjobswatch
angular developer,angular,Senior,5+ років,,,UK,2026-05-27,itjobswatch
asp.net developer,asp_net,Middle,2-3 роки,5532.0,6509.0,UK,2026-05-27,itjobswatch
asp.net developer,asp_net,Senior,5+ років,5858.0,7160.0,UK,2026-05-27,itjobswatch
blazor developer,blazor,Middle,2-3 роки,5173.0,6085.0,UK,2026-05-27,itjobswatch
blazor developer,blazor,Senior,5+ років,,,UK,2026-05-27,itjobswatch
business analyst,business_analyst,Middle,2-3 роки,4948.0,5821.0,UK,2026-05-27,itjobswatch
business analyst,business_analyst,Senior,5+ років,6072.0,7422.0,UK,2026-05-27,itjobswatch
c programmer,c,Middle,2-3 роки,,,UK,2026-05-27,itjobswatch
c programmer,c,Senior,5+ років,,,UK,2026-05-27,itjobswatch
chief information officer,cio,Middle,2-3 роки,12594.0,14817.0,UK,2026-05-27,itjobswatch
chief information officer,cio,Senior,5+ років,,,UK,2026-05-27,itjobswatch
c++ developer,cplusplus,Middle,2-3 роки,5173.0,6085.0,UK,2026-05-27,itjobswatch
c++ developer,cplusplus,Senior,5+ років,6191.0,7567.0,UK,2026-05-27,itjobswatch
chief product officer,cpo,Middle,2-3 роки,11245.0,13229.0,UK,2026-05-27,itjobswatch
chief product officer,cpo,Senior,5+ років,,,UK,2026-05-27,itjobswatch
c++ developer,cpp,Middle,2-3 роки,5173.0,6085.0,UK,2026-05-27,itjobswatch
c++ developer,cpp,Senior,5+ років,6191.0,7567.0,UK,2026-05-27,itjobswatch
chief technology officer,cto,Middle,2-3 роки,8209.0,9657.0,UK,2026-05-27,itjobswatch
chief technology officer,cto,Senior,5+ років,,,UK,2026-05-27,itjobswatch
data analyst,data_analyst,Middle,2-3 роки,4093.0,4815.0,UK,2026-05-27,itjobswatch
data analyst,data_analyst,Senior,5+ років,5477.0,6694.0,UK,2026-05-27,itjobswatch
data engineer,data_engineer,Middle,2-3 роки,5847.0,6879.0,UK,2026-05-27,itjobswatch
data engineer,data_engineer,Senior,5+ років,6906.0,8440.0,UK,2026-05-27,itjobswatch
data scientist,data_science,Middle,2-3 роки,6297.0,7408.0,UK,2026-05-27,itjobswatch
data scientist,data_science,Senior,5+ років,7620.0,9313.0,UK,2026-05-27,itjobswatch
delivery manager,delivery_manager,Middle,2-3 роки,5173.0,6085.0,UK,2026-05-27,itjobswatch
delivery manager,delivery_manager,Senior,5+ років,6391.0,7811.0,UK,2026-05-27,itjobswatch
devops engineer,dev_ops,Middle,2-3 роки,6297.0,7408.0,UK,2026-05-27,itjobswatch
devops engineer,dev_ops,Senior,5+ років,7382.0,9022.0,UK,2026-05-27,itjobswatch
.net developer,dotnet,Middle,2-3 роки,5398.0,6350.0,UK,2026-05-27,itjobswatch
.net developer,dotnet,Senior,5+ років,5953.0,7276.0,UK,2026-05-27,itjobswatch
.net developer,dotnet_cloud,Middle,2-3 роки,5398.0,6350.0,UK,2026-05-27,itjobswatch
.net developer,dotnet_cloud,Senior,5+ років,5953.0,7276.0,UK,2026-05-27,itjobswatch
.net developer,dotnet_desktop,Middle,2-3 роки,5398.0,6350.0,UK,2026-05-27,itjobswatch
.net developer,dotnet_desktop,Senior,5+ років,5953.0,7276.0,UK,2026-05-27,itjobswatch
xamarin developer,dotnet_mobile,Middle,2-3 роки,5622.0,6615.0,UK,2026-05-27,itjobswatch
xamarin developer,dotnet_mobile,Senior,5+ років,6191.0,7567.0,UK,2026-05-27,itjobswatch
asp.net developer,dotnet_web,Middle,2-3 роки,5532.0,6509.0,UK,2026-05-27,itjobswatch
asp.net developer,dotnet_web,Senior,5+ років,5858.0,7160.0,UK,2026-05-27,itjobswatch
drupal developer,drupal,Middle,2-3 роки,5847.0,6879.0,UK,2026-05-27,itjobswatch
drupal developer,drupal,Senior,5+ років,5715.0,6985.0,UK,2026-05-27,itjobswatch
elixir developer,elixir,Middle,2-3 роки,8096.0,9525.0,UK,2026-05-27,itjobswatch
elixir developer,elixir,Senior,5+ років,,,UK,2026-05-27,itjobswatch
embedded software engineer,embedded,Middle,2-3 роки,4948.0,5821.0,UK,2026-05-27,itjobswatch
embedded software engineer,embedded,Senior,5+ років,5715.0,6985.0,UK,2026-05-27,itjobswatch
engineering manager,engineering_manager,Middle,2-3 роки,6747.0,7938.0,UK,2026-05-27,itjobswatch
engineering manager,engineering_manager,Senior,5+ років,,,UK,2026-05-27,itjobswatch
erp developer,erp_systems,Middle,2-3 роки,5398.0,6350.0,UK,2026-05-27,itjobswatch
erp developer,erp_systems,Senior,5+ років,,,UK,2026-05-27,itjobswatch
flutter developer,flutter,Middle,2-3 роки,5398.0,6350.0,UK,2026-05-27,itjobswatch
flutter developer,flutter,Senior,5+ років,,,UK,2026-05-27,itjobswatch
full stack developer,fullstack,Middle,2-3 роки,5398.0,6350.0,UK,2026-05-27,itjobswatch
full stack developer,fullstack,Senior,5+ років,6191.0,7567.0,UK,2026-05-27,itjobswatch
game designer,game_design,Middle,2-3 роки,,,UK,2026-05-27,itjobswatch
game designer,game_design,Senior,5+ років,,,UK,2026-05-27,itjobswatch
game developer,game_developer,Middle,2-3 роки,,,UK,2026-05-27,itjobswatch
game developer,game_developer,Senior,5+ років,,,UK,2026-05-27,itjobswatch
unity developer,gamedev,Middle,2-3 роки,,,UK,2026-05-27,itjobswatch
unity developer,gamedev,Senior,5+ років,,,UK,2026-05-27,itjobswatch
golang developer,golang,Middle,2-3 роки,,,UK,2026-05-27,itjobswatch
golang developer,golang,Senior,5+ років,,,UK,2026-05-27,itjobswatch
head of engineering,head_chief,Middle,2-3 роки,9333.0,10980.0,UK,2026-05-27,itjobswatch
head of engineering,head_chief,Senior,5+ років,,,UK,2026-05-27,itjobswatch
information security engineer,information_security,Middle,2-3 роки,6410.0,7541.0,UK,2026-05-27,itjobswatch
information security engineer,information_security,Senior,5+ років,6906.0,8440.0,UK,2026-05-27,itjobswatch
ios developer,ios,Middle,2-3 роки,5398.0,6350.0,UK,2026-05-27,itjobswatch
ios developer,ios,Senior,5+ років,6239.0,7625.0,UK,2026-05-27,itjobswatch
java developer,java,Middle,2-3 роки,6522.0,7673.0,UK,2026-05-27,itjobswatch
java developer,java,Senior,5+ років,7858.0,9604.0,UK,2026-05-27,itjobswatch
javascript developer,javascript,Middle,2-3 роки,5398.0,6350.0,UK,2026-05-27,itjobswatch
javascript developer,javascript,Senior,5+ років,6906.0,8440.0,UK,2026-05-27,itjobswatch
kotlin developer,kotlin,Middle,2-3 роки,,,UK,2026-05-27,itjobswatch
kotlin developer,kotlin,Senior,5+ років,,,UK,2026-05-27,itjobswatch
laravel developer,laravel,Middle,2-3 роки,,,UK,2026-05-27,itjobswatch
laravel developer,laravel,Senior,5+ років,,,UK,2026-05-27,itjobswatch
tech lead,lead,Middle,2-3 роки,,,UK,2026-05-27,itjobswatch
tech lead,lead,Senior,5+ років,,,UK,2026-05-27,itjobswatch
magento developer,magento,Middle,2-3 роки,3823.0,4498.0,UK,2026-05-27,itjobswatch
magento developer,magento,Senior,5+ років,4286.0,5239.0,UK,2026-05-27,itjobswatch
maui developer,maui,Middle,2-3 роки,,,UK,2026-05-27,itjobswatch
maui developer,maui,Senior,5+ років,,,UK,2026-05-27,itjobswatch
machine learning engineer,ml_ai,Middle,2-3 роки,8321.0,9790.0,UK,2026-05-27,itjobswatch
machine learning engineer,ml_ai,Senior,5+ років,,,UK,2026-05-27,itjobswatch
ms dynamics developer,ms_dynamics,Middle,2-3 роки,,,UK,2026-05-27,itjobswatch
ms dynamics developer,ms_dynamics,Senior,5+ років,,,UK,2026-05-27,itjobswatch
no code developer,nocode,Middle,2-3 роки,,,UK,2026-05-27,itjobswatch
no code developer,nocode,Senior,5+ років,,,UK,2026-05-27,itjobswatch
node.js developer,node_js,Middle,2-3 роки,5398.0,6350.0,UK,2026-05-27,itjobswatch
node.js developer,node_js,Senior,5+ років,,,UK,2026-05-27,itjobswatch
odoo developer,odoo,Middle,2-3 роки,,,UK,2026-05-27,itjobswatch
odoo developer,odoo,Senior,5+ років,,,UK,2026-05-27,itjobswatch
penetration tester,penetration_tester,Middle,2-3 роки,5847.0,6879.0,UK,2026-05-27,itjobswatch
penetration tester,penetration_tester,Senior,5+ років,6668.0,8149.0,UK,2026-05-27,itjobswatch
php developer,php,Middle,2-3 роки,4048.0,4762.0,UK,2026-05-27,itjobswatch
php developer,php,Senior,5+ років,5239.0,6403.0,UK,2026-05-27,itjobswatch
product designer,product_design,Middle,2-3 роки,6185.0,7276.0,UK,2026-05-27,itjobswatch
product designer,product_design,Senior,5+ років,7620.0,9313.0,UK,2026-05-27,itjobswatch
product manager,product_manager,Middle,2-3 роки,6148.0,7232.0,UK,2026-05-27,itjobswatch
product manager,product_manager,Senior,5+ років,7030.0,8592.0,UK,2026-05-27,itjobswatch
product owner,product_owner,Middle,2-3 роки,5847.0,6879.0,UK,2026-05-27,itjobswatch
product owner,product_owner,Senior,5+ років,5980.0,7309.0,UK,2026-05-27,itjobswatch
it project manager,project_manager,Middle,2-3 роки,4723.0,5556.0,UK,2026-05-27,itjobswatch
it project manager,project_manager,Senior,5+ років,5715.0,6985.0,UK,2026-05-27,itjobswatch
python developer,python,Middle,2-3 роки,8096.0,9525.0,UK,2026-05-27,itjobswatch
python developer,python,Senior,5+ років,8096.0,9895.0,UK,2026-05-27,itjobswatch
qa engineer,qa,Middle,2-3 роки,4273.0,5027.0,UK,2026-05-27,itjobswatch
qa engineer,qa,Senior,5+ років,6668.0,8149.0,UK,2026-05-27,itjobswatch
qa automation engineer,qa_automation,Middle,2-3 роки,4835.0,5689.0,UK,2026-05-27,itjobswatch
qa automation engineer,qa_automation,Senior,5+ років,,,UK,2026-05-27,itjobswatch
manual tester,qa_manual,Middle,2-3 роки,4498.0,5292.0,UK,2026-05-27,itjobswatch
manual tester,qa_manual,Senior,5+ років,4762.0,5821.0,UK,2026-05-27,itjobswatch
react developer,react,Middle,2-3 роки,6297.0,7408.0,UK,2026-05-27,itjobswatch
react developer,react,Senior,5+ років,6191.0,7567.0,UK,2026-05-27,itjobswatch
react native developer,react_native,Middle,2-3 роки,,,UK,2026-05-27,itjobswatch
react native developer,react_native,Senior,5+ років,,,UK,2026-05-27,itjobswatch
it recruiter,recruiter,Middle,2-3 роки,,,UK,2026-05-27,itjobswatch
it recruiter,recruiter,Senior,5+ років,,,UK,2026-05-27,itjobswatch
ruby developer,ruby,Middle,2-3 роки,6297.0,7408.0,UK,2026-05-27,itjobswatch
ruby developer,ruby,Senior,5+ років,7858.0,9604.0,UK,2026-05-27,itjobswatch
rust developer,rust,Middle,2-3 роки,9895.0,11642.0,UK,2026-05-27,itjobswatch
rust developer,rust,Senior,5+ років,,,UK,2026-05-27,itjobswatch
salesforce developer,salesforce,Middle,2-3 роки,5622.0,6615.0,UK,2026-05-27,itjobswatch
salesforce developer,salesforce,Senior,5+ років,6310.0,7713.0,UK,2026-05-27,itjobswatch
sap developer,sap,Middle,2-3 роки,6072.0,7144.0,UK,2026-05-27,itjobswatch
sap developer,sap,Senior,5+ років,5001.0,6112.0,UK,2026-05-27,itjobswatch
scala developer,scala,Middle,2-3 роки,5398.0,6350.0,UK,2026-05-27,itjobswatch
scala developer,scala,Senior,5+ років,6668.0,8149.0,UK,2026-05-27,itjobswatch
scrum master,scrum_master,Middle,2-3 роки,,,UK,2026-05-27,itjobswatch
scrum master,scrum_master,Senior,5+ років,,,UK,2026-05-27,itjobswatch
security engineer,security,Middle,2-3 роки,5398.0,6350.0,UK,2026-05-27,itjobswatch
security engineer,security,Senior,5+ років,6668.0,8149.0,UK,2026-05-27,itjobswatch
security analyst,security_analyst,Middle,2-3 роки,4723.0,5556.0,UK,2026-05-27,itjobswatch
security analyst,security_analyst,Senior,5+ років,6668.0,8149.0,UK,2026-05-27,itjobswatch
sql dba,sql_dba,Middle,2-3 роки,5173.0,6085.0,UK,2026-05-27,itjobswatch
sql dba,sql_dba,Senior,5+ років,5834.0,7131.0,UK,2026-05-27,itjobswatch
technical support engineer,support,Middle,2-3 роки,3149.0,3704.0,UK,2026-05-27,itjobswatch
technical support engineer,support,Senior,5+ років,5001.0,6112.0,UK,2026-05-27,itjobswatch
svelte developer,svelte,Middle,2-3 роки,,,UK,2026-05-27,itjobswatch
svelte developer,svelte,Senior,5+ років,,,UK,2026-05-27,itjobswatch
symfony developer,symfony,Middle,2-3 роки,3666.0,4313.0,UK,2026-05-27,itjobswatch
symfony developer,symfony,Senior,5+ років,,,UK,2026-05-27,itjobswatch
systems administrator,sysadmin,Middle,2-3 роки,3636.0,4278.0,UK,2026-05-27,itjobswatch
systems administrator,sysadmin,Senior,5+ років,4891.0,5978.0,UK,2026-05-27,itjobswatch
ux designer,ui_ux,Middle,2-3 роки,4408.0,5186.0,UK,2026-05-27,itjobswatch
ux designer,ui_ux,Senior,5+ років,5715.0,6985.0,UK,2026-05-27,itjobswatch
unity developer,unity,Middle,2-3 роки,,,UK,2026-05-27,itjobswatch
unity developer,unity,Senior,5+ років,,,UK,2026-05-27,itjobswatch
unreal engine developer,unreal,Middle,2-3 роки,,,UK,2026-05-27,itjobswatch
unreal engine developer,unreal,Senior,5+ років,,,UK,2026-05-27,itjobswatch
ux researcher,ux_research,Middle,2-3 роки,,,UK,2026-05-27,itjobswatch
ux researcher,ux_research,Senior,5+ років,,,UK,2026-05-27,itjobswatch
vue.js developer,vue,Middle,2-3 роки,,,UK,2026-05-27,itjobswatch
vue.js developer,vue,Senior,5+ років,,,UK,2026-05-27,itjobswatch
wordpress developer,wordpress,Middle,2-3 роки,3238.0,3810.0,UK,2026-05-27,itjobswatch
wordpress developer,wordpress,Senior,5+ років,6429.0,7858.0,UK,2026-05-27,itjobswatch
wpf developer,wpf,Middle,2-3 роки,4498.0,5292.0,UK,2026-05-27,itjobswatch
wpf developer,wpf,Senior,5+ років,5715.0,6985.0,UK,2026-05-27,itjobswatch
xamarin developer,xamarin,Middle,2-3 роки,5622.0,6615.0,UK,2026-05-27,itjobswatch
xamarin developer,xamarin,Senior,5+ років,6191.0,7567.0,UK,2026-05-27,itjobswatch
android developer,android,Middle,2-3 роки,5847.0,6879.0,UK,2026-05-28,itjobswatch
android developer,android,Senior,5+ років,6191.0,7567.0,UK,2026-05-28,itjobswatch
angular developer,angular,Middle,2-3 роки,5398.0,6350.0,UK,2026-05-28,itjobswatch
angular developer,angular,Senior,5+ років,,,UK,2026-05-28,itjobswatch
asp.net developer,asp_net,Middle,2-3 роки,5532.0,6509.0,UK,2026-05-28,itjobswatch
asp.net developer,asp_net,Senior,5+ років,5858.0,7160.0,UK,2026-05-28,itjobswatch
blazor developer,blazor,Middle,2-3 роки,5173.0,6085.0,UK,2026-05-28,itjobswatch
blazor developer,blazor,Senior,5+ років,,,UK,2026-05-28,itjobswatch
business analyst,business_analyst,Middle,2-3 роки,4948.0,5821.0,UK,2026-05-28,itjobswatch
business analyst,business_analyst,Senior,5+ років,6072.0,7422.0,UK,2026-05-28,itjobswatch
c programmer,c,Middle,2-3 роки,,,UK,2026-05-28,itjobswatch
c programmer,c,Senior,5+ років,,,UK,2026-05-28,itjobswatch
chief information officer,cio,Middle,2-3 роки,12594.0,14817.0,UK,2026-05-28,itjobswatch
chief information officer,cio,Senior,5+ років,,,UK,2026-05-28,itjobswatch
c++ developer,cplusplus,Middle,2-3 роки,5173.0,6085.0,UK,2026-05-28,itjobswatch
c++ developer,cplusplus,Senior,5+ років,6191.0,7567.0,UK,2026-05-28,itjobswatch
chief product officer,cpo,Middle,2-3 роки,11245.0,13229.0,UK,2026-05-28,itjobswatch
chief product officer,cpo,Senior,5+ років,,,UK,2026-05-28,itjobswatch
c++ developer,cpp,Middle,2-3 роки,5173.0,6085.0,UK,2026-05-28,itjobswatch
c++ developer,cpp,Senior,5+ років,6191.0,7567.0,UK,2026-05-28,itjobswatch
chief technology officer,cto,Middle,2-3 роки,8209.0,9657.0,UK,2026-05-28,itjobswatch
chief technology officer,cto,Senior,5+ років,,,UK,2026-05-28,itjobswatch
data analyst,data_analyst,Middle,2-3 роки,4093.0,4815.0,UK,2026-05-28,itjobswatch
data analyst,data_analyst,Senior,5+ років,5477.0,6694.0,UK,2026-05-28,itjobswatch
data engineer,data_engineer,Middle,2-3 роки,5847.0,6879.0,UK,2026-05-28,itjobswatch
data engineer,data_engineer,Senior,5+ років,6906.0,8440.0,UK,2026-05-28,itjobswatch
data scientist,data_science,Middle,2-3 роки,6297.0,7408.0,UK,2026-05-28,itjobswatch
data scientist,data_science,Senior,5+ років,7620.0,9313.0,UK,2026-05-28,itjobswatch
delivery manager,delivery_manager,Middle,2-3 роки,5173.0,6085.0,UK,2026-05-28,itjobswatch
delivery manager,delivery_manager,Senior,5+ років,6391.0,7811.0,UK,2026-05-28,itjobswatch
devops engineer,dev_ops,Middle,2-3 роки,6297.0,7408.0,UK,2026-05-28,itjobswatch
devops engineer,dev_ops,Senior,5+ років,7382.0,9022.0,UK,2026-05-28,itjobswatch
.net developer,dotnet,Middle,2-3 роки,5398.0,6350.0,UK,2026-05-28,itjobswatch
.net developer,dotnet,Senior,5+ років,5953.0,7276.0,UK,2026-05-28,itjobswatch
.net developer,dotnet_cloud,Middle,2-3 роки,5398.0,6350.0,UK,2026-05-28,itjobswatch
.net developer,dotnet_cloud,Senior,5+ років,5953.0,7276.0,UK,2026-05-28,itjobswatch
.net developer,dotnet_desktop,Middle,2-3 роки,5398.0,6350.0,UK,2026-05-28,itjobswatch
.net developer,dotnet_desktop,Senior,5+ років,5953.0,7276.0,UK,2026-05-28,itjobswatch
xamarin developer,dotnet_mobile,Middle,2-3 роки,5622.0,6615.0,UK,2026-05-28,itjobswatch
xamarin developer,dotnet_mobile,Senior,5+ років,6191.0,7567.0,UK,2026-05-28,itjobswatch
asp.net developer,dotnet_web,Middle,2-3 роки,5532.0,6509.0,UK,2026-05-28,itjobswatch
asp.net developer,dotnet_web,Senior,5+ років,5858.0,7160.0,UK,2026-05-28,itjobswatch
drupal developer,drupal,Middle,2-3 роки,5847.0,6879.0,UK,2026-05-28,itjobswatch
drupal developer,drupal,Senior,5+ років,5715.0,6985.0,UK,2026-05-28,itjobswatch
elixir developer,elixir,Middle,2-3 роки,8096.0,9525.0,UK,2026-05-28,itjobswatch
elixir developer,elixir,Senior,5+ років,,,UK,2026-05-28,itjobswatch
embedded software engineer,embedded,Middle,2-3 роки,4948.0,5821.0,UK,2026-05-28,itjobswatch
embedded software engineer,embedded,Senior,5+ років,5715.0,6985.0,UK,2026-05-28,itjobswatch
engineering manager,engineering_manager,Middle,2-3 роки,6747.0,7938.0,UK,2026-05-28,itjobswatch
engineering manager,engineering_manager,Senior,5+ років,,,UK,2026-05-28,itjobswatch
erp developer,erp_systems,Middle,2-3 роки,5398.0,6350.0,UK,2026-05-28,itjobswatch
erp developer,erp_systems,Senior,5+ років,,,UK,2026-05-28,itjobswatch
flutter developer,flutter,Middle,2-3 роки,4948.0,5821.0,UK,2026-05-28,itjobswatch
flutter developer,flutter,Senior,5+ років,,,UK,2026-05-28,itjobswatch
full stack developer,fullstack,Middle,2-3 роки,5398.0,6350.0,UK,2026-05-28,itjobswatch
full stack developer,fullstack,Senior,5+ років,6191.0,7567.0,UK,2026-05-28,itjobswatch
game designer,game_design,Middle,2-3 роки,,,UK,2026-05-28,itjobswatch
game designer,game_design,Senior,5+ років,,,UK,2026-05-28,itjobswatch
game developer,game_developer,Middle,2-3 роки,,,UK,2026-05-28,itjobswatch
game developer,game_developer,Senior,5+ років,,,UK,2026-05-28,itjobswatch
unity developer,gamedev,Middle,2-3 роки,,,UK,2026-05-28,itjobswatch
unity developer,gamedev,Senior,5+ років,,,UK,2026-05-28,itjobswatch
golang developer,golang,Middle,2-3 роки,,,UK,2026-05-28,itjobswatch
golang developer,golang,Senior,5+ років,,,UK,2026-05-28,itjobswatch
head of engineering,head_chief,Middle,2-3 роки,9221.0,10848.0,UK,2026-05-28,itjobswatch
head of engineering,head_chief,Senior,5+ років,,,UK,2026-05-28,itjobswatch
information security engineer,information_security,Middle,2-3 роки,6410.0,7541.0,UK,2026-05-28,itjobswatch
information security engineer,information_security,Senior,5+ років,6906.0,8440.0,UK,2026-05-28,itjobswatch
ios developer,ios,Middle,2-3 роки,5398.0,6350.0,UK,2026-05-28,itjobswatch
ios developer,ios,Senior,5+ років,6239.0,7625.0,UK,2026-05-28,itjobswatch
java developer,java,Middle,2-3 роки,6522.0,7673.0,UK,2026-05-28,itjobswatch
java developer,java,Senior,5+ років,7858.0,9604.0,UK,2026-05-28,itjobswatch
javascript developer,javascript,Middle,2-3 роки,5398.0,6350.0,UK,2026-05-28,itjobswatch
javascript developer,javascript,Senior,5+ років,6906.0,8440.0,UK,2026-05-28,itjobswatch
kotlin developer,kotlin,Middle,2-3 роки,,,UK,2026-05-28,itjobswatch
kotlin developer,kotlin,Senior,5+ років,,,UK,2026-05-28,itjobswatch
laravel developer,laravel,Middle,2-3 роки,,,UK,2026-05-28,itjobswatch
laravel developer,laravel,Senior,5+ років,,,UK,2026-05-28,itjobswatch
tech lead,lead,Middle,2-3 роки,,,UK,2026-05-28,itjobswatch
tech lead,lead,Senior,5+ років,,,UK,2026-05-28,itjobswatch
magento developer,magento,Middle,2-3 роки,3823.0,4498.0,UK,2026-05-28,itjobswatch
magento developer,magento,Senior,5+ років,4286.0,5239.0,UK,2026-05-28,itjobswatch
maui developer,maui,Middle,2-3 роки,,,UK,2026-05-28,itjobswatch
maui developer,maui,Senior,5+ років,,,UK,2026-05-28,itjobswatch
machine learning engineer,ml_ai,Middle,2-3 роки,8321.0,9790.0,UK,2026-05-28,itjobswatch
machine learning engineer,ml_ai,Senior,5+ років,,,UK,2026-05-28,itjobswatch
ms dynamics developer,ms_dynamics,Middle,2-3 роки,,,UK,2026-05-28,itjobswatch
ms dynamics developer,ms_dynamics,Senior,5+ років,,,UK,2026-05-28,itjobswatch
no code developer,nocode,Middle,2-3 роки,,,UK,2026-05-28,itjobswatch
no code developer,nocode,Senior,5+ років,,,UK,2026-05-28,itjobswatch
node.js developer,node_js,Middle,2-3 роки,5398.0,6350.0,UK,2026-05-28,itjobswatch
node.js developer,node_js,Senior,5+ років,,,UK,2026-05-28,itjobswatch
odoo developer,odoo,Middle,2-3 роки,,,UK,2026-05-28,itjobswatch
odoo developer,odoo,Senior,5+ років,,,UK,2026-05-28,itjobswatch
penetration tester,penetration_tester,Middle,2-3 роки,5847.0,6879.0,UK,2026-05-28,itjobswatch
penetration tester,penetration_tester,Senior,5+ років,6668.0,8149.0,UK,2026-05-28,itjobswatch
php developer,php,Middle,2-3 роки,4048.0,4762.0,UK,2026-05-28,itjobswatch
php developer,php,Senior,5+ років,5239.0,6403.0,UK,2026-05-28,itjobswatch
product designer,product_design,Middle,2-3 роки,6185.0,7276.0,UK,2026-05-28,itjobswatch
product designer,product_design,Senior,5+ років,7620.0,9313.0,UK,2026-05-28,itjobswatch
product manager,product_manager,Middle,2-3 роки,6148.0,7232.0,UK,2026-05-28,itjobswatch
product manager,product_manager,Senior,5+ років,7030.0,8592.0,UK,2026-05-28,itjobswatch
product owner,product_owner,Middle,2-3 роки,5847.0,6879.0,UK,2026-05-28,itjobswatch
product owner,product_owner,Senior,5+ років,5980.0,7309.0,UK,2026-05-28,itjobswatch
it project manager,project_manager,Middle,2-3 роки,4723.0,5556.0,UK,2026-05-28,itjobswatch
it project manager,project_manager,Senior,5+ років,5953.0,7276.0,UK,2026-05-28,itjobswatch
python developer,python,Middle,2-3 роки,8096.0,9525.0,UK,2026-05-28,itjobswatch
python developer,python,Senior,5+ років,8096.0,9895.0,UK,2026-05-28,itjobswatch
qa engineer,qa,Middle,2-3 роки,4273.0,5027.0,UK,2026-05-28,itjobswatch
qa engineer,qa,Senior,5+ років,6668.0,8149.0,UK,2026-05-28,itjobswatch
qa automation engineer,qa_automation,Middle,2-3 роки,4835.0,5689.0,UK,2026-05-28,itjobswatch
qa automation engineer,qa_automation,Senior,5+ років,,,UK,2026-05-28,itjobswatch
manual tester,qa_manual,Middle,2-3 роки,4498.0,5292.0,UK,2026-05-28,itjobswatch
manual tester,qa_manual,Senior,5+ років,4762.0,5821.0,UK,2026-05-28,itjobswatch
react developer,react,Middle,2-3 роки,6297.0,7408.0,UK,2026-05-28,itjobswatch
react developer,react,Senior,5+ років,6191.0,7567.0,UK,2026-05-28,itjobswatch
react native developer,react_native,Middle,2-3 роки,,,UK,2026-05-28,itjobswatch
react native developer,react_native,Senior,5+ років,,,UK,2026-05-28,itjobswatch
it recruiter,recruiter,Middle,2-3 роки,,,UK,2026-05-28,itjobswatch
it recruiter,recruiter,Senior,5+ років,,,UK,2026-05-28,itjobswatch
ruby developer,ruby,Middle,2-3 роки,6297.0,7408.0,UK,2026-05-28,itjobswatch
ruby developer,ruby,Senior,5+ років,7858.0,9604.0,UK,2026-05-28,itjobswatch
rust developer,rust,Middle,2-3 роки,9895.0,11642.0,UK,2026-05-28,itjobswatch
rust developer,rust,Senior,5+ років,,,UK,2026-05-28,itjobswatch
salesforce developer,salesforce,Middle,2-3 роки,5622.0,6615.0,UK,2026-05-28,itjobswatch
salesforce developer,salesforce,Senior,5+ років,6310.0,7713.0,UK,2026-05-28,itjobswatch
sap developer,sap,Middle,2-3 роки,6072.0,7144.0,UK,2026-05-28,itjobswatch
sap developer,sap,Senior,5+ років,5001.0,6112.0,UK,2026-05-28,itjobswatch
scala developer,scala,Middle,2-3 роки,5398.0,6350.0,UK,2026-05-28,itjobswatch
scala developer,scala,Senior,5+ років,6668.0,8149.0,UK,2026-05-28,itjobswatch
scrum master,scrum_master,Middle,2-3 роки,,,UK,2026-05-28,itjobswatch
scrum master,scrum_master,Senior,5+ років,,,UK,2026-05-28,itjobswatch
security engineer,security,Middle,2-3 роки,5398.0,6350.0,UK,2026-05-28,itjobswatch
security engineer,security,Senior,5+ років,6668.0,8149.0,UK,2026-05-28,itjobswatch
security analyst,security_analyst,Middle,2-3 роки,4723.0,5556.0,UK,2026-05-28,itjobswatch
security analyst,security_analyst,Senior,5+ років,6668.0,8149.0,UK,2026-05-28,itjobswatch
sql dba,sql_dba,Middle,2-3 роки,5173.0,6085.0,UK,2026-05-28,itjobswatch
sql dba,sql_dba,Senior,5+ років,5834.0,7131.0,UK,2026-05-28,itjobswatch
technical support engineer,support,Middle,2-3 роки,3149.0,3704.0,UK,2026-05-28,itjobswatch
technical support engineer,support,Senior,5+ років,5001.0,6112.0,UK,2026-05-28,itjobswatch
svelte developer,svelte,Middle,2-3 роки,,,UK,2026-05-28,itjobswatch
svelte developer,svelte,Senior,5+ років,,,UK,2026-05-28,itjobswatch
symfony developer,symfony,Middle,2-3 роки,3666.0,4313.0,UK,2026-05-28,itjobswatch
symfony developer,symfony,Senior,5+ років,,,UK,2026-05-28,itjobswatch
systems administrator,sysadmin,Middle,2-3 роки,3709.0,4364.0,UK,2026-05-28,itjobswatch
systems administrator,sysadmin,Senior,5+ років,4891.0,5978.0,UK,2026-05-28,itjobswatch
ux designer,ui_ux,Middle,2-3 роки,4408.0,5186.0,UK,2026-05-28,itjobswatch
ux designer,ui_ux,Senior,5+ років,5715.0,6985.0,UK,2026-05-28,itjobswatch
unity developer,unity,Middle,2-3 роки,,,UK,2026-05-28,itjobswatch
unity developer,unity,Senior,5+ років,,,UK,2026-05-28,itjobswatch
unreal engine developer,unreal,Middle,2-3 роки,,,UK,2026-05-28,itjobswatch
unreal engine developer,unreal,Senior,5+ років,,,UK,2026-05-28,itjobswatch
ux researcher,ux_research,Middle,2-3 роки,,,UK,2026-05-28,itjobswatch
ux researcher,ux_research,Senior,5+ років,,,UK,2026-05-28,itjobswatch
vue.js developer,vue,Middle,2-3 роки,,,UK,2026-05-28,itjobswatch
vue.js developer,vue,Senior,5+ років,,,UK,2026-05-28,itjobswatch
wordpress developer,wordpress,Middle,2-3 роки,3238.0,3810.0,UK,2026-05-28,itjobswatch
wordpress developer,wordpress,Senior,5+ років,6429.0,7858.0,UK,2026-05-28,itjobswatch
wpf developer,wpf,Middle,2-3 роки,4498.0,5292.0,UK,2026-05-28,itjobswatch
wpf developer,wpf,Senior,5+ років,5715.0,6985.0,UK,2026-05-28,itjobswatch
xamarin developer,xamarin,Middle,2-3 роки,5622.0,6615.0,UK,2026-05-28,itjobswatch
xamarin developer,xamarin,Senior,5+ років,6191.0,7567.0,UK,2026-05-28,itjobswatch
